name	lat	lng	category	subcategory	description	phone	website	address	hours_mon	hours_tue	hours_wed	hours_thu	hours_fri	hours_sat	hours_sun	image_file
Old Orchard Inn	45.07388599999999	-64.401663	Business	Accommodation	"<b>Old Orchard Inn</b> — Relaxed hotel offering traditional rooms & cabins, plus casual dining, an indoor pool & a spa.<br><i>153 Greenwich Rd S, Greenwich, NS B4P 0J6, Canada</i><br>Tel: (902) 542-5751<br><a href=""https://oldorchardinn.com/"">https://oldorchardinn.com/</a>"	(902) 542-5751	https://oldorchardinn.com/	153 Greenwich Rd S, Greenwich, NS B4P 0J6, Canada	closed	closed	closed	closed	closed	closed	F: 00:00 T: 24:00	old-orchard-inn.jpg
Boston Pizza	45.06814259999999	-64.4423479	Business	Bar	"<b>Boston Pizza</b><br><i>9278 Commercial St, New Minas, NS B4N 3E9, Canada</i><br>Tel: (902) 678-4643<br><a href=""https://bostonpizza.com/en/locations/new-minas.html"">https://bostonpizza.com/en/locations/new-minas.html</a>"	(902) 678-4643	https://bostonpizza.com/en/locations/new-minas.html	9278 Commercial St, New Minas, NS B4N 3E9, Canada	F: 11:00 T: 00:00	F: 11:00 T: 00:00	F: 11:00 T: 00:00	F: 11:00 T: 00:00	F: 11:00 T: 01:00	F: 11:00 T: 01:00	F: 11:00 T: 00:00	boston-pizza.jpg
Tim Hortons	45.0681371	-64.4556874	Business	Cafe	"<b>Tim Hortons</b> — Canadian chain for signature premium-blend coffee, plus light fare, pastries & breakfast sandwiches.<br><i>9061 Commercial St, New Minas, NS B4N 3E6, Canada</i><br>Tel: (902) 681-2253<br><a href=""https://locations.timhortons.ca/en/ns/new-minas/9061-commercial-st"">https://locations.timhortons.ca/en/ns/new-minas/9061-commercial-st</a>"	(902) 681-2253	https://locations.timhortons.ca/en/ns/new-minas/9061-commercial-st	9061 Commercial St, New Minas, NS B4N 3E6, Canada	closed	closed	closed	closed	closed	closed	F: 00:00 T: 24:00	tim-hortons.jpg
Jessy's Pizza	45.0675771	-64.46375619999999	Business	Restaurant	"<b>Jessy's Pizza</b><br><i>8934 Commercial St, New Minas, NS B4N 3C9, Canada</i><br>Tel: (902) 678-7777<br><a href=""https://jessyspizza.ca/"">https://jessyspizza.ca/</a>"	(902) 678-7777	https://jessyspizza.ca/	8934 Commercial St, New Minas, NS B4N 3C9, Canada	F: 11:00 T: 22:00	F: 11:00 T: 22:00	F: 11:00 T: 22:00	F: 11:00 T: 22:00	F: 11:00 T: 22:00	F: 11:00 T: 22:00	F: 15:00 T: 21:00	jessy-s-pizza.jpg
Subway	45.0677496	-64.451045	Business	Restaurant	"<b>Subway</b> — Casual counter-serve chain for build-your-own sandwiches & salads, with health-conscious options.<br><i>9141 Commercial St, New Minas, NS B4N 3E6, Canada</i><br>Tel: (902) 365-3505<br><a href=""https://restaurants.subway.com/canada/ns/new-minas/9141-commercial-st?utm_source=yxt-goog&utm_medium=local&utm_term=acq&utm_content=5791&utm_campaign=evergreen-2020&y_source=1_MTQ5MjAyNzUtNzE1LWxvY2F0aW9uLndlYnNpdGU%3D"">https://restaurants.subway.com/canada/ns/new-minas/9141-commercial-st?utm_source=yxt-goog&utm_medium=local&utm_term=acq&utm_content=5791&utm_campaign=evergreen-2020&y_source=1_MTQ5MjAyNzUtNzE1LWxvY2F0aW9uLndlYnNpdGU%3D</a>"	(902) 365-3505	https://restaurants.subway.com/canada/ns/new-minas/9141-commercial-st?utm_source=yxt-goog&utm_medium=local&utm_term=acq&utm_content=5791&utm_campaign=evergreen-2020&y_source=1_MTQ5MjAyNzUtNzE1LWxvY2F0aW9uLndlYnNpdGU%3D	9141 Commercial St, New Minas, NS B4N 3E6, Canada	F: 07:00 T: 23:00	F: 07:00 T: 23:00	F: 07:00 T: 23:00	F: 07:00 T: 23:00	F: 07:00 T: 23:00	F: 07:00 T: 23:00	F: 07:00 T: 23:00	subway.jpg
Sushi Fang	45.0703208	-64.4725873	Business	Restaurant	"<b>Sushi Fang</b><br><i>7 Kentucky Ct, New Minas, NS B4N 4N1, Canada</i><br>Tel: (902) 681-0709<br><a href=""https://www.clover.com/online-ordering/sushi-fang-new-minas"">https://www.clover.com/online-ordering/sushi-fang-new-minas</a>"	(902) 681-0709	https://www.clover.com/online-ordering/sushi-fang-new-minas	7 Kentucky Ct, New Minas, NS B4N 4N1, Canada	F: 11:00 T: 20:00	F: 11:00 T: 20:30	F: 11:00 T: 20:30	F: 11:00 T: 20:30	F: 11:00 T: 21:00	F: 11:00 T: 21:00	F: 12:00 T: 20:30	sushi-fang.jpg
Burger King	45.066883	-64.4505121	Business	Restaurant	"<b>Burger King</b> — Well-known fast-food chain serving grilled burgers, fries & shakes.<br><i>9148 Commercial St, New Minas, NS B4N 3E5, Canada</i><br>Tel: (902) 681-1203<br><a href=""https://www.burgerking.ca/"">https://www.burgerking.ca/</a>"	(902) 681-1203	https://www.burgerking.ca/	9148 Commercial St, New Minas, NS B4N 3E5, Canada	F: 07:00 T: 01:00	F: 07:00 T: 01:00	F: 07:00 T: 01:00	F: 07:00 T: 01:00	F: 07:00 T: 01:00	F: 07:00 T: 01:00	F: 07:00 T: 01:00	burger-king.jpg
A&W Canada	45.067642	-64.447388	Business	Restaurant	"<b>A&W Canada</b> — Fast-food outlet serving up namesake root beer, plus burgers, chicken & fries.<br><i>9203 Commercial St, New Minas, NS B4N 3G1, Canada</i><br>Tel: (902) 681-0403<br><a href=""https://web.aw.ca/"">https://web.aw.ca/</a>"	(902) 681-0403	https://web.aw.ca/	9203 Commercial St, New Minas, NS B4N 3G1, Canada	F: 06:00 T: 23:00	F: 06:00 T: 23:00	F: 06:00 T: 23:00	F: 06:00 T: 00:00	F: 06:00 T: 00:00	F: 06:00 T: 00:00	F: 06:00 T: 23:00	a-w-canada.jpg
Mary Brown's Chicken	45.0700083	-64.4418472	Business	Restaurant	"<b>Mary Brown's Chicken</b> — Counter-serve choice known for its breaded chicken, wings, wraps & signature potato wedges.<br><i>9319 Commercial St, New Minas, NS B4N 3G2, Canada</i><br>Tel: (902) 678-1595<br><a href=""https://marybrowns.com/locations"">https://marybrowns.com/locations</a>"	(902) 678-1595	https://marybrowns.com/locations	9319 Commercial St, New Minas, NS B4N 3G2, Canada	F: 10:30 T: 00:00	F: 10:30 T: 00:00	F: 10:30 T: 00:00	F: 10:30 T: 00:00	F: 10:30 T: 00:00	F: 10:30 T: 00:00	F: 10:30 T: 00:00	mary-brown-s-chicken.jpg
Harvey's	45.06880829999999	-64.443531	Business	Restaurant	"<b>Harvey's</b><br><i>9269 Commercial St, New Minas, NS B4N 3G2, Canada</i><br>Tel: (902) 681-1761<br><a href=""https://www.harveys.ca/en/locations/ns/new-minas/9269-commercial-street"">https://www.harveys.ca/en/locations/ns/new-minas/9269-commercial-street</a>"	(902) 681-1761	https://www.harveys.ca/en/locations/ns/new-minas/9269-commercial-street	9269 Commercial St, New Minas, NS B4N 3G2, Canada	F: 11:00 T: 22:00	F: 11:00 T: 22:00	F: 11:00 T: 22:00	F: 11:00 T: 22:00	F: 11:00 T: 22:00	F: 11:00 T: 22:00	F: 11:00 T: 21:00	harvey-s.jpg
New Minas Big Stop Restaurant	45.05692899999999	-64.470508	Business	Restaurant	"<b>New Minas Big Stop Restaurant</b><br><i>5477 Prospect Rd, New Minas, NS B4N 3K9, Canada</i><br>Tel: (902) 681-0224<br><a href=""https://www.irvingoil.com/en-CA/location/irving-oil-26266?utm_source=G&utm_medium=lpm&utm_campaign=irving"">https://www.irvingoil.com/en-CA/location/irving-oil-26266?utm_source=G&utm_medium=lpm&utm_campaign=irving</a>"	(902) 681-0224	https://www.irvingoil.com/en-CA/location/irving-oil-26266?utm_source=G&utm_medium=lpm&utm_campaign=irving	5477 Prospect Rd, New Minas, NS B4N 3K9, Canada	F: 08:00 T: 20:00	F: 08:00 T: 20:00	F: 08:00 T: 20:00	F: 08:00 T: 20:00	F: 08:00 T: 21:00	F: 08:00 T: 21:00	F: 08:00 T: 20:00	new-minas-big-stop-restaurant.jpg
The Noodle Guy	45.0956835	-64.408247	Business	Restaurant	"<b>The Noodle Guy</b><br><i>964 NS-358, Port Williams, NS B0P 1T0, Canada</i><br>Tel: (902) 697-3906<br><a href=""http://thenoodle.ca/"">http://thenoodle.ca/</a>"	(902) 697-3906	http://thenoodle.ca/	964 NS-358, Port Williams, NS B0P 1T0, Canada	F: 10:00 T: 15:00	F: 10:00 T: 19:00	F: 10:00 T: 19:00	F: 10:00 T: 19:00	F: 10:00 T: 19:00	F: 10:00 T: 19:00	closed	the-noodle-guy.jpg
Tim Hortons	45.07865049999999	-64.4967344	Business	Cafe	"<b>Tim Hortons</b> — Canadian chain for signature premium-blend coffee, plus light fare, pastries & breakfast sandwiches.<br><i>70 Aberdeen St, Kentville, NS B4N 2N3, Canada</i><br>Tel: (902) 678-7394<br><a href=""https://locations.timhortons.ca/en/ns/kentville/70-aberdeen-st"">https://locations.timhortons.ca/en/ns/kentville/70-aberdeen-st</a>"	(902) 678-7394	https://locations.timhortons.ca/en/ns/kentville/70-aberdeen-st	70 Aberdeen St, Kentville, NS B4N 2N3, Canada	F: 05:00 T: 23:00	F: 05:00 T: 23:00	F: 05:00 T: 23:00	F: 05:00 T: 23:00	F: 05:00 T: 23:00	F: 05:00 T: 23:00	F: 05:00 T: 23:00	tim-hortons.jpg
Country Style	45.077994	-64.505045	Business	Cafe	"<b>Country Style</b><br><i>Ultramar Gas Station, 11 Park St, Kentville, NS B4N 1L9, Canada</i><br>Tel: (902) 678-5554<br><a href=""https://www.countrystyle.com/stores/?utm_source=G&utm_medium=LPM&utm_campaign=MTY"">https://www.countrystyle.com/stores/?utm_source=G&utm_medium=LPM&utm_campaign=MTY</a>"	(902) 678-5554	https://www.countrystyle.com/stores/?utm_source=G&utm_medium=LPM&utm_campaign=MTY	Ultramar Gas Station, 11 Park St, Kentville, NS B4N 1L9, Canada	F: 07:00 T: 14:00	F: 07:00 T: 14:00	F: 07:00 T: 14:00	F: 07:00 T: 17:00	F: 07:00 T: 17:00	F: 08:00 T: 12:00	F: 08:00 T: 12:00	country-style.jpg
Oaken Barrel cookhouse	45.0853579	-64.38700949999999	Business	Restaurant	"<b>Oaken Barrel cookhouse</b><br><i>10272 Nova Scotia Trunk 1, Wolfville, NS B4P 2R2, Canada</i><br><a href=""https://www.facebook.com/share/1FKBMxV4rC/"">https://www.facebook.com/share/1FKBMxV4rC/</a>"		https://www.facebook.com/share/1FKBMxV4rC/	10272 Nova Scotia Trunk 1, Wolfville, NS B4P 2R2, Canada	closed	closed	closed	F: 11:00 T: 19:00	F: 11:00 T: 19:00	F: 11:00 T: 19:00	F: 11:00 T: 19:00	oaken-barrel-cookhouse.jpg
Big Wedge New Minas	45.071241	-64.43713269999999	Business	Restaurant	<b>Big Wedge New Minas</b><br><i>9384 Commercial St, New Minas, NS B4N 3E9, Canada</i><br>Tel: (902) 681-3344	(902) 681-3344		9384 Commercial St, New Minas, NS B4N 3E9, Canada	F: 11:00 T: 22:00	F: 11:00 T: 22:00	F: 11:00 T: 22:00	F: 11:00 T: 22:00	F: 11:00 T: 23:00	F: 11:00 T: 23:00	F: 11:00 T: 22:00	big-wedge-new-minas.jpg
The Port Pub And Bistro	45.0968284	-64.4059371	Business	Bar	"<b>The Port Pub And Bistro</b><br><i>980 Terrys Creek Rd, Port Williams, NS B0P 1T0, Canada</i><br>Tel: (902) 542-5555<br><a href=""http://www.theportpub.com/"">http://www.theportpub.com/</a>"	(902) 542-5555	http://www.theportpub.com/	980 Terrys Creek Rd, Port Williams, NS B0P 1T0, Canada	F: 11:00 T: 21:00	F: 11:00 T: 21:00	F: 11:00 T: 21:00	F: 11:00 T: 22:00	F: 11:00 T: 22:00	F: 11:00 T: 22:00	F: 11:00 T: 21:00	the-port-pub-and-bistro.jpg
Paddy's Irish Brewpub & Rosie's Restaurant	45.0781708	-64.4966507	Business	Bar	"<b>Paddy's Irish Brewpub & Rosie's Restaurant</b><br><i>42 Aberdeen St, Kentville, NS B4N 2N1, Canada</i><br>Tel: (902) 678-3199<br><a href=""http://www.paddyskentville.ca/"">http://www.paddyskentville.ca/</a>"	(902) 678-3199	http://www.paddyskentville.ca/	42 Aberdeen St, Kentville, NS B4N 2N1, Canada	F: 08:00 T: 22:00	F: 08:00 T: 22:00	F: 08:00 T: 22:00	F: 08:00 T: 23:00	F: 08:00 T: 23:00	F: 11:00 T: 23:00	F: 11:00 T: 22:00	paddy-s-irish-brewpub-rosie-s-restaurant.jpg
KenWo Golf Club	45.0705485	-64.4290185	Business	Restaurant	"<b>KenWo Golf Club</b><br><i>9514 Commercial St, New Minas, NS B4N 3E9, Canada</i><br>Tel: (902) 681-5388<br><a href=""http://www.ken-wo.com/"">http://www.ken-wo.com/</a>"	(902) 681-5388	http://www.ken-wo.com/	9514 Commercial St, New Minas, NS B4N 3E9, Canada	F: 06:00 T: 21:00	F: 06:00 T: 21:00	F: 06:00 T: 21:00	F: 06:00 T: 21:00	F: 06:00 T: 21:00	F: 06:00 T: 21:00	F: 06:00 T: 21:00	kenwo-golf-club.jpg
Cora Breakfast and Lunch	45.0686799	-64.4563193	Business	Restaurant	"<b>Cora Breakfast and Lunch</b><br><i>9049 Commercial St, New Minas, NS B4N 5A4, Canada</i><br>Tel: (902) 365-3335<br><a href=""https://www.chezcora.com/fr/restaurants-dejeuner/nouvelle-ecosse/Cora-New-Minas?utm_source=G&utm_medium=local&utm_campaign=google-local"">https://www.chezcora.com/fr/restaurants-dejeuner/nouvelle-ecosse/Cora-New-Minas?utm_source=G&utm_medium=local&utm_campaign=google-local</a>"	(902) 365-3335	https://www.chezcora.com/fr/restaurants-dejeuner/nouvelle-ecosse/Cora-New-Minas?utm_source=G&utm_medium=local&utm_campaign=google-local	9049 Commercial St, New Minas, NS B4N 5A4, Canada	F: 06:00 T: 15:00	F: 06:00 T: 15:00	F: 06:00 T: 15:00	F: 06:00 T: 15:00	F: 06:00 T: 15:00	F: 06:00 T: 15:00	F: 07:00 T: 15:00	cora-breakfast-and-lunch.jpg
KAO	45.067752	-64.461007	Business	Restaurant	"<b>KAO</b><br><i>8986 Commercial St, New Minas, NS B4N 3E2, Canada</i><br>Tel: (902) 681-6388<br><a href=""https://kaorestaurant.wixsite.com/kaorestaurant"">https://kaorestaurant.wixsite.com/kaorestaurant</a>"	(902) 681-6388	https://kaorestaurant.wixsite.com/kaorestaurant	8986 Commercial St, New Minas, NS B4N 3E2, Canada	closed	F: 16:00 T: 20:00	F: 16:00 T: 20:00	F: 16:00 T: 20:00	F: 16:00 T: 20:00	F: 16:00 T: 20:00	F: 16:00 T: 20:00	kao.jpg
Double Dragon Restaurant	45.0675828	-64.459595	Business	Restaurant	"<b>Double Dragon Restaurant</b><br><i>9006 Commercial St, New Minas, NS B4N 3E2, Canada</i><br>Tel: (902) 681-2263<br><a href=""http://www.doubledragonns.com/"">http://www.doubledragonns.com/</a>"	(902) 681-2263	http://www.doubledragonns.com/	9006 Commercial St, New Minas, NS B4N 3E2, Canada	F: 16:00 T: 20:00	F: 16:00 T: 20:00	F: 16:00 T: 20:00	F: 16:00 T: 20:00	F: 16:00 T: 20:00	F: 16:00 T: 20:00	F: 16:00 T: 20:00	double-dragon-restaurant.jpg
Dairy Queen Grill & Chill	45.06792120000001	-64.45490420000002	Business	Shops	"<b>Dairy Queen Grill & Chill</b> — Soft-serve ice cream & signature shakes top the menu at this classic burger & fries fast-food chain.<br><i>9071 Commercial St, New Minas, NS B4N 3E6, Canada</i><br>Tel: (902) 681-1812<br><a href=""https://www.dairyqueen.com/en-ca/locations/ns/new-minas/9071-commercial-st/2074/?utm_source=organic&utm_campaign=yext%2F&y_source=1_ODk5NDU2Mi03MTUtbG9jYXRpb24ud2Vic2l0ZQ%3D%3D"">https://www.dairyqueen.com/en-ca/locations/ns/new-minas/9071-commercial-st/2074/?utm_source=organic&utm_campaign=yext%2F&y_source=1_ODk5NDU2Mi03MTUtbG9jYXRpb24ud2Vic2l0ZQ%3D%3D</a>"	(902) 681-1812	https://www.dairyqueen.com/en-ca/locations/ns/new-minas/9071-commercial-st/2074/?utm_source=organic&utm_campaign=yext%2F&y_source=1_ODk5NDU2Mi03MTUtbG9jYXRpb24ud2Vic2l0ZQ%3D%3D	9071 Commercial St, New Minas, NS B4N 3E6, Canada	F: 10:00 T: 22:00	F: 10:00 T: 22:00	F: 10:00 T: 22:00	F: 10:00 T: 22:00	F: 10:00 T: 22:00	F: 10:00 T: 22:00	F: 10:00 T: 22:00	dairy-queen-grill-chill.jpg
KFC	45.06743719999999	-64.4581694	Business	Restaurant	"<b>KFC</b> — Restaurant chain known for its buckets of fried chicken, plus combo meals & sides.<br><i>9024 Commercial St, New Minas, NS B4N 3E2, Canada</i><br>Tel: (902) 681-7905<br><a href=""http://kfc.ca/?utm_source=gbp&utm_medium=yext"">http://kfc.ca/?utm_source=gbp&utm_medium=yext</a>"	(902) 681-7905	http://kfc.ca/?utm_source=gbp&utm_medium=yext	9024 Commercial St, New Minas, NS B4N 3E2, Canada	F: 10:00 T: 00:00	F: 10:00 T: 00:00	F: 10:00 T: 00:00	F: 10:00 T: 00:00	F: 10:00 T: 00:00	F: 10:00 T: 00:00	F: 10:00 T: 00:00	kfc.jpg
Pita Pit	45.06946299999999	-64.44259439999999	Business	Restaurant	"<b>Pita Pit</b><br><i>9293 Commercial St, New Minas, NS B4N 3G2, Canada</i><br>Tel: (902) 681-7482<br><a href=""https://pitapit.ca/"">https://pitapit.ca/</a>"	(902) 681-7482	https://pitapit.ca/	9293 Commercial St, New Minas, NS B4N 3G2, Canada	F: 10:00 T: 21:00	F: 10:00 T: 21:00	F: 10:00 T: 21:00	F: 10:00 T: 21:00	F: 10:00 T: 21:00	F: 10:00 T: 21:00	F: 11:00 T: 20:00	pita-pit.jpg
Firehouse Subs New Minas	45.06912689999999	-64.44059229999999	Business	Restaurant	"<b>Firehouse Subs New Minas</b><br><i>30 Silver Fox Ave, New Minas, NS B4N 0E4, Canada</i><br>Tel: (902) 365-2701<br><a href=""https://www.firehousesubs.com/"">https://www.firehousesubs.com/</a>"	(902) 365-2701	https://www.firehousesubs.com/	30 Silver Fox Ave, New Minas, NS B4N 0E4, Canada	F: 10:00 T: 22:00	F: 10:00 T: 22:00	F: 10:00 T: 22:00	F: 10:00 T: 22:00	F: 10:00 T: 22:00	F: 10:00 T: 22:00	F: 10:00 T: 22:00	firehouse-subs-new-minas.jpg
McDonald's	45.0676068	-64.4479179	Business	Cafe	"<b>McDonald's</b> — Classic, long-running fast-food chain known for its burgers & fries.<br><i>9197 Commercial St, New Minas, NS B4N 3G1, Canada</i><br>Tel: (902) 681-8227<br><a href=""https://www.mcdonalds.com/ca/en-ca/restaurant-locator.html?y_source=1_MTQ1MTk4NDktNzE1LWxvY2F0aW9uLndlYnNpdGU%3D"">https://www.mcdonalds.com/ca/en-ca/restaurant-locator.html?y_source=1_MTQ1MTk4NDktNzE1LWxvY2F0aW9uLndlYnNpdGU%3D</a>"	(902) 681-8227	https://www.mcdonalds.com/ca/en-ca/restaurant-locator.html?y_source=1_MTQ1MTk4NDktNzE1LWxvY2F0aW9uLndlYnNpdGU%3D	9197 Commercial St, New Minas, NS B4N 3G1, Canada	closed	closed	closed	closed	closed	closed	F: 00:00 T: 24:00	mcdonald-s.jpg
Newmar Cuisine Ltd.	45.0683579	-64.44013819999999	Business	Restaurant	<b>Newmar Cuisine Ltd.</b><br><i>54 Silver Fox Ave, New Minas, NS B4N 0E4, Canada</i>			54 Silver Fox Ave, New Minas, NS B4N 0E4, Canada								
Pizza Hut	45.068851	-64.43930399999999	Business	Restaurant	"<b>Pizza Hut</b> — Popular delivery, carry-out & dine-in chain known for pizza, wings & pasta, plus sides & desserts.<br><i>52 Silver Fox Ave, New Minas, NS B4N 0E4, Canada</i><br>Tel: (902) 681-5200<br><a href=""https://www.pizzahut.ca/huts/ca-1/R64901/"">https://www.pizzahut.ca/huts/ca-1/R64901/</a>"	(902) 681-5200	https://www.pizzahut.ca/huts/ca-1/R64901/	52 Silver Fox Ave, New Minas, NS B4N 0E4, Canada	F: 11:00 T: 22:00	F: 11:00 T: 22:00	F: 11:00 T: 22:00	F: 11:00 T: 22:00	F: 11:00 T: 23:00	F: 11:00 T: 23:00	F: 11:00 T: 22:00	pizza-hut.jpg
Nayya Pizza & Grill	45.0667046	-64.4479944	Business	Restaurant	<b>Nayya Pizza & Grill</b><br><i>9198 Commercial St Unit 105, New Minas, NS B4N 3E5, Canada</i><br>Tel: (902) 681-4000	(902) 681-4000		9198 Commercial St Unit 105, New Minas, NS B4N 3E5, Canada	F: 11:00 T: 22:00	F: 11:00 T: 22:00	F: 11:00 T: 22:00	F: 11:00 T: 22:00	F: 11:00 T: 22:00	F: 11:00 T: 22:00	F: 11:00 T: 22:00	nayya-pizza-grill.jpg
barBURRITO	45.0679536	-64.4395962	Business	Restaurant	"<b>barBURRITO</b><br><i>54 Silver Fox Ave, New Minas, NS B4N 0E4, Canada</i><br>Tel: (902) 680-4156<br><a href=""https://www.barburrito.ca/location/new-minas/?utm_source=GMB_704&utm_medium=organic"">https://www.barburrito.ca/location/new-minas/?utm_source=GMB_704&utm_medium=organic</a>"	(902) 680-4156	https://www.barburrito.ca/location/new-minas/?utm_source=GMB_704&utm_medium=organic	54 Silver Fox Ave, New Minas, NS B4N 0E4, Canada	F: 11:00 T: 22:00	F: 11:00 T: 22:00	F: 11:00 T: 22:00	F: 11:00 T: 22:00	F: 11:00 T: 22:00	F: 11:00 T: 22:00	F: 11:00 T: 21:00	barburrito.jpg
M&M Food Market	45.0663637	-64.442829	Business	Shops	"<b>M&M Food Market</b><br><i>9256 Commercial St, New Minas, NS B4N 4A9, Canada</i><br>Tel: (902) 681-2372<br><a href=""https://mmfoodmarket.com/store_locations/123?utm_source=google&utm_medium=organic&utm_campaign=gmb-listing"">https://mmfoodmarket.com/store_locations/123?utm_source=google&utm_medium=organic&utm_campaign=gmb-listing</a>"	(902) 681-2372	https://mmfoodmarket.com/store_locations/123?utm_source=google&utm_medium=organic&utm_campaign=gmb-listing	9256 Commercial St, New Minas, NS B4N 4A9, Canada	F: 09:30 T: 19:00	F: 09:30 T: 19:00	F: 09:30 T: 19:00	F: 09:30 T: 20:00	F: 09:30 T: 20:00	F: 09:00 T: 19:00	F: 11:00 T: 18:00	m-m-food-market.jpg
Indo Asian Food Mart	45.06707050000001	-64.4527174	Business	Shops	"<b>Indo Asian Food Mart</b><br><i>9114 Commercial St Unit 3, New Minas, NS B4N 3E5, Canada</i><br>Tel: (902) 680-2643<br><a href=""https://www.facebook.com/IndiansOnlineStore/"">https://www.facebook.com/IndiansOnlineStore/</a>"	(902) 680-2643	https://www.facebook.com/IndiansOnlineStore/	9114 Commercial St Unit 3, New Minas, NS B4N 3E5, Canada	F: 10:00 T: 22:00	F: 11:00 T: 22:00	F: 11:00 T: 22:00	F: 11:00 T: 22:00	F: 10:00 T: 22:00	F: 10:00 T: 22:00	F: 11:00 T: 21:00	indo-asian-food-mart.jpg
Nippers, British Fish & Chips	45.0675629	-64.45437849999999	Business	Restaurant	"<b>Nippers, British Fish & Chips</b><br><i>9081 Commercial St, New Minas, NS B4N 3E6, Canada</i><br>Tel: (902) 692-1018<br><a href=""https://www.facebook.com/profile.php?id=100063554504019&mibextid=LQQJ4d"">https://www.facebook.com/profile.php?id=100063554504019&mibextid=LQQJ4d</a>"	(902) 692-1018	https://www.facebook.com/profile.php?id=100063554504019&mibextid=LQQJ4d	9081 Commercial St, New Minas, NS B4N 3E6, Canada	closed	closed	closed	closed	F: 11:30 T: 18:00	F: 11:30 T: 16:00	closed	nippers-british-fish-chips.jpg
Bento Sushi	45.0668788	-64.4561138	Business	Restaurant	"<b>Bento Sushi</b><br><i>9064 Commercial St, New Minas, NS B4N 3E4, Canada</i><br><a href=""https://www.bentosushi.com/"">https://www.bentosushi.com/</a>"		https://www.bentosushi.com/	9064 Commercial St, New Minas, NS B4N 3E4, Canada								bento-sushi.jpg
BARIIS HALAL & PIZZA HOUSE	45.0681435	-64.4594223	Business	Restaurant	"<b>BARIIS HALAL & PIZZA HOUSE</b><br><i>9005 Commercial St, New Minas, NS B4N 3E2, Canada</i><br>Tel: (902) 292-9852<br><a href=""https://www.bariishalalpizza.com/"">https://www.bariishalalpizza.com/</a>"	(902) 292-9852	https://www.bariishalalpizza.com/	9005 Commercial St, New Minas, NS B4N 3E2, Canada	closed	closed	F: 08:00 T: 23:30	F: 08:00 T: 00:00	closed	closed	closed	bariis-halal-pizza-house.jpg
Kelly’s Deli Xpress	45.0683209	-64.4612057	Business	Restaurant	"<b>Kelly’s Deli Xpress</b><br><i>8981 Commercial St, New Minas, NS B4N 3E2, Canada</i><br>Tel: (902) 679-3049<br><a href=""https://www.facebook.com/p/Kellys-Deli-Xpress-New-Minas-61572158197391/"">https://www.facebook.com/p/Kellys-Deli-Xpress-New-Minas-61572158197391/</a>"	(902) 679-3049	https://www.facebook.com/p/Kellys-Deli-Xpress-New-Minas-61572158197391/	8981 Commercial St, New Minas, NS B4N 3E2, Canada	F: 10:00 T: 20:00	F: 10:00 T: 20:00	F: 10:00 T: 20:00	F: 10:00 T: 20:00	F: 10:00 T: 21:00	F: 10:00 T: 21:00	closed	kellys-deli-xpress.jpg
Capt. Submarine	45.068872	-64.46413059999999	Business	Restaurant	"<b>Capt. Submarine</b><br><i>8927 Commercial St, New Minas, NS B4N 3E1, Canada</i><br><a href=""https://captsub.com/"">https://captsub.com/</a>"		https://captsub.com/	8927 Commercial St, New Minas, NS B4N 3E1, Canada								
Big Mike Pizza	45.0680732	-64.4653762	Business	Restaurant	"<b>Big Mike Pizza</b><br><i>8912 Commercial St, New Minas, NS B4N 3C9, Canada</i><br>Tel: (902) 681-6006<br><a href=""https://www.facebook.com/Bigmikepizza?mibextid=LQQJ4d"">https://www.facebook.com/Bigmikepizza?mibextid=LQQJ4d</a>"	(902) 681-6006	https://www.facebook.com/Bigmikepizza?mibextid=LQQJ4d	8912 Commercial St, New Minas, NS B4N 3C9, Canada	F: 15:00 T: 22:30	F: 15:00 T: 22:30	F: 15:00 T: 22:30	F: 15:00 T: 22:30	F: 15:00 T: 23:00	F: 15:00 T: 23:00	F: 15:00 T: 22:30	big-mike-pizza.jpg
Cumin Kitchen and Drink	45.068817	-64.47059999999999	Business	Restaurant	"<b>Cumin Kitchen and Drink</b><br><i>21 Roy Ave, New Minas, NS B4N 3R7, Canada</i><br>Tel: (902) 713-5010<br><a href=""http://www.cuminkitchenanddrink.com/"">http://www.cuminkitchenanddrink.com/</a>"	(902) 713-5010	http://www.cuminkitchenanddrink.com/	21 Roy Ave, New Minas, NS B4N 3R7, Canada	F: 07:30 T: 19:00	F: 07:30 T: 19:00	F: 07:30 T: 19:00	F: 07:30 T: 19:00	F: 07:30 T: 19:00	F: 10:00 T: 19:00	closed	cumin-kitchen-and-drink.jpg
Home Food	45.0713046	-64.4725235	Business	Restaurant	<b>Home Food</b><br><i>8769 Commercial St, New Minas, NS B4N 3C4, Canada</i><br>Tel: (902) 412-1868	(902) 412-1868		8769 Commercial St, New Minas, NS B4N 3C4, Canada								
Lotus Thai	45.0707975	-64.4730079	Business	Restaurant	"<b>Lotus Thai</b><br><i>8772 Commercial St, New Minas, NS B4N 3C5, Canada</i><br>Tel: (902) 681-3333<br><a href=""http://www.lotusthaifood.ca/"">http://www.lotusthaifood.ca/</a>"	(902) 681-3333	http://www.lotusthaifood.ca/	8772 Commercial St, New Minas, NS B4N 3C5, Canada	closed	F: 11:30 T: 20:30	F: 11:30 T: 20:30	F: 11:30 T: 20:30	F: 11:30 T: 20:30	F: 11:30 T: 20:30	F: 15:00 T: 20:30	lotus-thai.jpg
Natalino Pizza	45.0753982	-64.4897679	Business	Restaurant	<b>Natalino Pizza</b><br><i>252 Main St, Kentville, NS B4N 2A6, Canada</i><br>Tel: (902) 679-3838	(902) 679-3838		252 Main St, Kentville, NS B4N 2A6, Canada	F: 11:00 T: 23:00	F: 11:00 T: 23:00	F: 11:00 T: 23:00	F: 11:00 T: 23:00	F: 11:00 T: 00:00	F: 11:00 T: 23:00	closed	natalino-pizza.jpg
Domino's Pizza	45.07714	-64.49343999999999	Business	Restaurant	"<b>Domino's Pizza</b> — Delivery, carryout & dine-in chain offering a wide range of pizzas, plus a variety of other dishes & sides.<br><i>325 Main St #18, Kentville, NS B4N 1K5, Canada</i><br>Tel: (782) 265-0500<br><a href=""https://pizza.dominos.ca/kentville-nova-scotia-10963/"">https://pizza.dominos.ca/kentville-nova-scotia-10963/</a>"	(782) 265-0500	https://pizza.dominos.ca/kentville-nova-scotia-10963/	325 Main St #18, Kentville, NS B4N 1K5, Canada	F: 10:30 T: 00:00	F: 10:30 T: 00:00	F: 10:30 T: 00:00	F: 10:30 T: 00:00	F: 10:30 T: 01:00	F: 10:30 T: 01:00	F: 10:30 T: 00:00	domino-s-pizza.jpg
Pizzeria Robust	45.0961757	-64.4086121	Business	Restaurant	"<b>Pizzeria Robust</b><br><i>980 NS-358, Port Williams, NS B0P 1T0, Canada</i><br>Tel: (902) 697-2700<br><a href=""https://www.instagram.com/pizzeriarobust"">https://www.instagram.com/pizzeriarobust</a>"	(902) 697-2700	https://www.instagram.com/pizzeriarobust	980 NS-358, Port Williams, NS B0P 1T0, Canada	closed	F: 11:00 T: 19:00	F: 11:00 T: 19:00	F: 11:00 T: 19:00	F: 11:00 T: 19:00	F: 11:00 T: 19:00	closed	pizzeria-robust.jpg
Dayan Sushi	45.0772883	-64.4955574	Business	Restaurant	"<b>Dayan Sushi</b><br><i>381 Main St, Kentville, NS B4N 2E2, Canada</i><br>Tel: (902) 678-6347<br><a href=""https://www.dayansushi.com/"">https://www.dayansushi.com/</a>"	(902) 678-6347	https://www.dayansushi.com/	381 Main St, Kentville, NS B4N 2E2, Canada	F: 10:30 T: 19:00	F: 10:30 T: 19:00	F: 10:30 T: 19:00	F: 10:30 T: 19:00	F: 10:30 T: 19:00	F: 10:30 T: 19:00	closed	dayan-sushi.jpg
Half Acre Cafe	45.077386	-64.49594499999999	Business	Cafe	"<b>Half Acre Cafe</b><br><i>395 Main St, Kentville, NS B4N 2E2, Canada</i><br>Tel: (902) 678-2273<br><a href=""http://cafehalfacre.com/"">http://cafehalfacre.com/</a>"	(902) 678-2273	http://cafehalfacre.com/	395 Main St, Kentville, NS B4N 2E2, Canada	F: 08:00 T: 16:00	F: 08:00 T: 16:00	F: 08:00 T: 16:00	F: 08:00 T: 16:00	F: 08:00 T: 16:00	F: 08:00 T: 16:00	F: 09:00 T: 15:00	half-acre-cafe.jpg
S & J's Diner	45.0840976	-64.49525919999999	Business	Restaurant	<b>S & J's Diner</b><br><i>264 Bridge St, Kentville, NS B4N 2G2, Canada</i><br>Tel: (902) 678-4050	(902) 678-4050		264 Bridge St, Kentville, NS B4N 2G2, Canada	F: 08:00 T: 20:00	F: 08:00 T: 20:00	F: 08:00 T: 20:00	F: 08:00 T: 20:00	F: 08:00 T: 20:00	F: 08:00 T: 20:00	F: 08:00 T: 15:00	s-j-s-diner.jpg
TACOcentric	45.07763	-64.49745	Business	Restaurant	"<b>TACOcentric</b><br><i>437 Main St, Kentville, NS B4N 1K9, Canada</i><br>Tel: (902) 365-2777<br><a href=""https://tacocentric.ca/"">https://tacocentric.ca/</a>"	(902) 365-2777	https://tacocentric.ca/	437 Main St, Kentville, NS B4N 1K9, Canada	closed	F: 11:00 T: 21:00	F: 11:00 T: 21:00	F: 11:00 T: 21:00	F: 11:00 T: 22:00	F: 11:00 T: 22:00	F: 12:00 T: 20:00	tacocentric.jpg
Starbucks Coffee Company	45.06713	-64.45631999999999	Business	Cafe	"<b>Starbucks Coffee Company</b> — Welcoming coffeehouse with handcrafted coffee, espresso & tea, plus breakfast, lunch & pastries.<br><i>9064 Commercial St, New Minas, NS B4N 3E4, Canada</i><br>Tel: (902) 681-0665<br><a href=""https://www.starbucks.ca/"">https://www.starbucks.ca/</a>"	(902) 681-0665	https://www.starbucks.ca/	9064 Commercial St, New Minas, NS B4N 3E4, Canada	F: 07:00 T: 19:00	F: 07:00 T: 19:00	F: 07:00 T: 19:00	F: 07:00 T: 19:00	F: 07:00 T: 19:00	F: 07:00 T: 19:00	F: 08:00 T: 19:00	starbucks-coffee-company.jpg
Starbucks Coffee Company	45.068595	-64.4610363	Business	Cafe	"<b>Starbucks Coffee Company</b> — Welcoming coffeehouse with handcrafted coffee, espresso & tea, plus breakfast, lunch & pastries.<br><i>8985 Commercial St, New Minas, NS B4N 3E2, Canada</i><br>Tel: (902) 482-4685<br><a href=""https://www.starbucks.com/store-locator?map=45.06775,-64.51102,13z&place=New%20Minas,%20NS%20B4N%203E1"">https://www.starbucks.com/store-locator?map=45.06775,-64.51102,13z&place=New%20Minas,%20NS%20B4N%203E1</a>"	(902) 482-4685	https://www.starbucks.com/store-locator?map=45.06775,-64.51102,13z&place=New%20Minas,%20NS%20B4N%203E1	8985 Commercial St, New Minas, NS B4N 3E2, Canada	F: 05:30 T: 21:00	F: 05:30 T: 21:00	F: 05:30 T: 21:00	F: 05:30 T: 21:00	F: 05:30 T: 21:00	F: 05:30 T: 21:00	F: 05:30 T: 20:00	starbucks-coffee-company.jpg
Wheelhouse Coffee Co.	45.07795520000001	-64.4943689	Business	Cafe	"<b>Wheelhouse Coffee Co.</b><br><i>2 Webster St, Kentville, NS B4N 1H7, Canada</i><br><a href=""https://wheelhousecoffee.ca/"">https://wheelhousecoffee.ca/</a>"		https://wheelhousecoffee.ca/	2 Webster St, Kentville, NS B4N 1H7, Canada	F: 08:00 T: 16:00	F: 08:00 T: 16:00	F: 08:00 T: 16:00	F: 08:00 T: 16:00	F: 08:00 T: 16:00	F: 09:00 T: 15:00	closed	wheelhouse-coffee-co.jpg
Healthy Lemons RC Play Cafe	45.0779582	-64.4951019	Business	Cafe	"<b>Healthy Lemons RC Play Cafe</b><br><i>30 Webster St, Kentville, NS B4N 1H7, Canada</i><br>Tel: (782) 232-5175<br><a href=""http://www.healthylemonsrcplaycafe.ca/"">http://www.healthylemonsrcplaycafe.ca/</a>"	(782) 232-5175	http://www.healthylemonsrcplaycafe.ca/	30 Webster St, Kentville, NS B4N 1H7, Canada	closed	closed	closed	closed	closed	F: 08:30 T: 13:00	closed	
T.A.N. Coffee - Kentville	45.0773986	-64.496945	Business	Cafe	"<b>T.A.N. Coffee - Kentville</b><br><i>431 Main St, Kentville, NS B4N 1K7, Canada</i><br>Tel: (902) 678-1225<br><a href=""https://tancoffee.com/"">https://tancoffee.com/</a>"	(902) 678-1225	https://tancoffee.com/	431 Main St, Kentville, NS B4N 1K7, Canada	F: 07:00 T: 18:00	F: 07:00 T: 18:00	F: 07:00 T: 18:00	F: 07:00 T: 18:00	F: 07:00 T: 18:00	F: 08:00 T: 18:00	F: 08:00 T: 18:00	t-a-n-coffee-kentville.jpg
Robins Donuts	45.0914842	-64.5012039	Business	Cafe	"<b>Robins Donuts</b><br><i>466 Aldershot Rd, Kentville, NS B4N 3A4, Canada</i><br>Tel: (902) 678-5220<br><a href=""http://www.robinsdonuts.com/"">http://www.robinsdonuts.com/</a>"	(902) 678-5220	http://www.robinsdonuts.com/	466 Aldershot Rd, Kentville, NS B4N 3A4, Canada	F: 06:00 T: 20:00	F: 06:00 T: 20:00	F: 06:00 T: 20:00	F: 06:00 T: 20:00	F: 06:00 T: 20:00	F: 06:00 T: 20:00	F: 07:00 T: 20:00	
King's Arms Pub	45.076964	-64.4958264	Business	Bar	"<b>King's Arms Pub</b><br><i>390 Main St, Kentville, NS B4N 1K8, Canada</i><br>Tel: (902) 678-0066<br><a href=""http://www.kingsarmspub.ca/"">http://www.kingsarmspub.ca/</a>"	(902) 678-0066	http://www.kingsarmspub.ca/	390 Main St, Kentville, NS B4N 1K8, Canada	F: 11:00 T: 21:00	F: 11:00 T: 21:00	F: 11:00 T: 21:00	F: 11:00 T: 22:00	F: 11:00 T: 23:00	F: 11:00 T: 23:00	F: 11:00 T: 21:00	king-s-arms-pub.jpg
Glooscap Curling Club of Kentville	45.076277	-64.488902	Business	Bar	"<b>Glooscap Curling Club of Kentville</b><br><i>17 Crescent Ave, Kentville, NS B4N 1R2, Canada</i><br>Tel: (902) 678-4637<br><a href=""http://www.glooscapcurling.ca/"">http://www.glooscapcurling.ca/</a>"	(902) 678-4637	http://www.glooscapcurling.ca/	17 Crescent Ave, Kentville, NS B4N 1R2, Canada	F: 09:00 T: 22:00	F: 09:00 T: 22:00	F: 09:00 T: 22:00	F: 09:00 T: 22:00	F: 09:00 T: 17:00	closed	F: 14:00 T: 22:00	glooscap-curling-club-of-kentville.jpg
Rafters Bar	45.0726294	-64.4016006	Business	Bar	<b>Rafters Bar</b><br><i>153 Greenwich Rd S #153, Wolfville, NS B4P 2R2, Canada</i><br>Tel: (902) 542-1327	(902) 542-1327		153 Greenwich Rd S #153, Wolfville, NS B4P 2R2, Canada	F: 10:00 T: 00:00	F: 10:00 T: 00:00	F: 10:00 T: 00:00	F: 10:00 T: 00:00	F: 10:00 T: 00:00	F: 10:00 T: 00:00	F: 10:00 T: 00:00	rafters-bar.jpg
maritime express cider	45.0759654	-64.4942499	Business	Bar	<b>maritime express cider</b><br><i>19 Prospect Ave, Kentville, NS B4N 2L7, Canada</i>			19 Prospect Ave, Kentville, NS B4N 2L7, Canada								
Bay of Fundy Brewing Co.	45.0964379	-64.4063452	Business	Bar	"<b>Bay of Fundy Brewing Co.</b><br><i>1116 Kars St, Port Williams, NS B0P 1T0, Canada</i><br>Tel: (902) 542-7462<br><a href=""https://www.bayoffundybrewing.com/"">https://www.bayoffundybrewing.com/</a>"	(902) 542-7462	https://www.bayoffundybrewing.com/	1116 Kars St, Port Williams, NS B0P 1T0, Canada								bay-of-fundy-brewing-co.jpg
Atlantic Superstore Commercial Street	45.06752	-64.45584699999999	Business	Shops	"<b>Atlantic Superstore Commercial Street</b><br><i>9064 Commercial St, New Minas, NS B4N 3E4, Canada</i><br>Tel: (902) 681-0665<br><a href=""https://www.atlanticsuperstore.ca/store-locator/details/0344?utm_source=G&utm_medium=LPM&utm_campaign=Loblaws"">https://www.atlanticsuperstore.ca/store-locator/details/0344?utm_source=G&utm_medium=LPM&utm_campaign=Loblaws</a>"	(902) 681-0665	https://www.atlanticsuperstore.ca/store-locator/details/0344?utm_source=G&utm_medium=LPM&utm_campaign=Loblaws	9064 Commercial St, New Minas, NS B4N 3E4, Canada	F: 07:00 T: 22:00	F: 07:00 T: 22:00	F: 07:00 T: 22:00	F: 07:00 T: 22:00	F: 07:00 T: 22:00	F: 07:00 T: 22:00	F: 07:00 T: 20:00	atlantic-superstore-commercial-street.jpg
Baker's Choice Fine Foods	45.0743966	-64.43070519999999	Business	Food	"<b>Baker's Choice Fine Foods</b><br><i>9503 Commercial St, New Minas, NS B4N 3G9, Canada</i><br>Tel: (902) 681-6766<br><a href=""http://flowercart.ca/products/bakers-choice/"">http://flowercart.ca/products/bakers-choice/</a>"	(902) 681-6766	http://flowercart.ca/products/bakers-choice/	9503 Commercial St, New Minas, NS B4N 3G9, Canada	F: 08:00 T: 16:00	F: 08:00 T: 16:00	F: 08:00 T: 16:00	F: 08:00 T: 16:00	F: 08:00 T: 16:00	closed	closed	
Lisa's Your Independent Grocer Kentville	45.078104	-64.497931	Business	Shops	"<b>Lisa's Your Independent Grocer Kentville</b><br><i>451 Main St, Kentville, NS B4N 3X9, Canada</i><br>Tel: (902) 678-3893<br><a href=""https://www.yourindependentgrocer.ca/store-locator/details/7460?utm_source=G&utm_medium=LPM&utm_campaign=Loblaws"">https://www.yourindependentgrocer.ca/store-locator/details/7460?utm_source=G&utm_medium=LPM&utm_campaign=Loblaws</a>"	(902) 678-3893	https://www.yourindependentgrocer.ca/store-locator/details/7460?utm_source=G&utm_medium=LPM&utm_campaign=Loblaws	451 Main St, Kentville, NS B4N 3X9, Canada	F: 08:00 T: 21:00	F: 08:00 T: 21:00	F: 08:00 T: 21:00	F: 08:00 T: 21:00	F: 08:00 T: 21:00	F: 08:00 T: 21:00	F: 10:00 T: 18:00	lisa-s-your-independent-grocer-kentville.jpg
Crafty Treasures and kitchen treats	45.048666	-64.4778989	Business	Food	<b>Crafty Treasures and kitchen treats</b><br><i>118 New Canaan Rd, Canaan, NS B4N 4K1, Canada</i><br>Tel: (902) 760-1584	(902) 760-1584		118 New Canaan Rd, Canaan, NS B4N 4K1, Canada	closed	closed	closed	closed	F: 09:00 T: 17:00	closed	F: 09:00 T: 17:00	crafty-treasures-and-kitchen-treats.jpg
CanUk -Cake	45.07672290000001	-64.4945982	Business	Food	<b>CanUk -Cake</b><br><i>Centre Square, Kentville, NS B4N 1G9, Canada</i><br>Tel: (782) 232-5334	(782) 232-5334		Centre Square, Kentville, NS B4N 1G9, Canada	closed	closed	F: 10:00 T: 01:00	closed	closed	closed	closed	
Peaks Pastries	45.06674599999999	-64.4970465	Business	Food	<b>Peaks Pastries</b><br><i>5 Mill Run, Kentville, NS B4N 5G4, Canada</i><br>Tel: (902) 670-1202	(902) 670-1202		5 Mill Run, Kentville, NS B4N 5G4, Canada								
Sobeys New Minas	45.066241	-64.444566	Business	Shops	"<b>Sobeys New Minas</b><br><i>9256 Commercial St, New Minas, NS B4N 4A9, Canada</i><br>Tel: (902) 681-3723<br><a href=""https://www.sobeys.com/stores/sobeys-new-minas/?f=789&utm_source=G&utm_medium=lpm&utm_campaign=Sobeys"">https://www.sobeys.com/stores/sobeys-new-minas/?f=789&utm_source=G&utm_medium=lpm&utm_campaign=Sobeys</a>"	(902) 681-3723	https://www.sobeys.com/stores/sobeys-new-minas/?f=789&utm_source=G&utm_medium=lpm&utm_campaign=Sobeys	9256 Commercial St, New Minas, NS B4N 4A9, Canada	F: 07:00 T: 22:00	F: 07:00 T: 22:00	F: 07:00 T: 22:00	F: 07:00 T: 22:00	F: 07:00 T: 22:00	F: 07:00 T: 22:00	F: 07:00 T: 22:00	sobeys-new-minas.jpg
NAPA Auto Parts - NAPA New Minas	45.0705275	-64.4715512	Business	Shops	"<b>NAPA Auto Parts - NAPA New Minas</b><br><i>8793 Commercial St, New Minas, NS B4N 3C4, Canada</i><br>Tel: (902) 681-8944<br><a href=""https://www.napacanada.com/en/ns/new-minas/store/1000334?utm_source=G&utm_medium=local&utm_campaign=google-local"">https://www.napacanada.com/en/ns/new-minas/store/1000334?utm_source=G&utm_medium=local&utm_campaign=google-local</a>"	(902) 681-8944	https://www.napacanada.com/en/ns/new-minas/store/1000334?utm_source=G&utm_medium=local&utm_campaign=google-local	8793 Commercial St, New Minas, NS B4N 3C4, Canada	F: 07:30 T: 17:30	F: 07:30 T: 17:30	F: 07:30 T: 17:30	F: 07:30 T: 17:30	F: 07:30 T: 17:30	F: 08:00 T: 13:00	closed	napa-auto-parts-napa-new-minas.jpg
Walmart Supercentre	45.069001	-64.45303129999999	Business	Shops	"<b>Walmart Supercentre</b><br><i>9097 Commercial St, New Minas, NS B4N 3E6, Canada</i><br>Tel: (902) 681-4271<br><a href=""https://www.walmart.ca/en/store/3738?utm_source=local&utm_medium=listings&utm_campaign=sc&cmpid=gmb"">https://www.walmart.ca/en/store/3738?utm_source=local&utm_medium=listings&utm_campaign=sc&cmpid=gmb</a>"	(902) 681-4271	https://www.walmart.ca/en/store/3738?utm_source=local&utm_medium=listings&utm_campaign=sc&cmpid=gmb	9097 Commercial St, New Minas, NS B4N 3E6, Canada	F: 07:00 T: 22:00	F: 07:00 T: 22:00	F: 07:00 T: 22:00	F: 07:00 T: 22:00	F: 07:00 T: 22:00	F: 07:00 T: 22:00	F: 07:00 T: 22:00	walmart-supercentre.jpg
Bell Aliant	45.06655310000001	-64.4417239	Business	Shops	"<b>Bell Aliant</b><br><i>9256 Commercial St Level 1, New Minas, NS B4N 4A9, Canada</i><br>Tel: (902) 681-1591<br><a href=""http://storelocator.bell.ca/bellca/en/NS/New-Minas/Bell-Aliant-County-Fair-Mall/BA238?y_source=1_MjkzOTA3My03MTUtbG9jYXRpb24ud2Vic2l0ZQ=="">http://storelocator.bell.ca/bellca/en/NS/New-Minas/Bell-Aliant-County-Fair-Mall/BA238?y_source=1_MjkzOTA3My03MTUtbG9jYXRpb24ud2Vic2l0ZQ==</a>"	(902) 681-1591	http://storelocator.bell.ca/bellca/en/NS/New-Minas/Bell-Aliant-County-Fair-Mall/BA238?y_source=1_MjkzOTA3My03MTUtbG9jYXRpb24ud2Vic2l0ZQ==	9256 Commercial St Level 1, New Minas, NS B4N 4A9, Canada	F: 09:30 T: 18:00	F: 09:30 T: 18:00	F: 09:30 T: 18:00	F: 09:30 T: 19:00	F: 09:30 T: 19:00	F: 09:30 T: 18:00	F: 12:00 T: 17:00	bell-aliant.jpg
Staples	45.0687725	-64.4540669	Business	Shops	"<b>Staples</b> — Chain retailer offering brand-name electronics & print services, plus office supplies & furniture.<br><i>9081 Commercial St, New Minas, NS B4N 3E6, Canada</i><br>Tel: (902) 681-3840<br><a href=""https://stores.staples.ca/ns/newminas/office-supplies-ca-149.html"">https://stores.staples.ca/ns/newminas/office-supplies-ca-149.html</a>"	(902) 681-3840	https://stores.staples.ca/ns/newminas/office-supplies-ca-149.html	9081 Commercial St, New Minas, NS B4N 3E6, Canada	F: 09:00 T: 18:00	F: 09:00 T: 18:00	F: 09:00 T: 18:00	F: 09:00 T: 18:00	F: 09:00 T: 18:00	F: 10:00 T: 17:00	F: 12:00 T: 17:00	staples.jpg
Video World TV, Stereo, & Appliance	45.07012649999999	-64.47305589999999	Business	Shops	"<b>Video World TV, Stereo, & Appliance</b><br><i>15 Kentucky Ct, New Minas, NS B4N 4N1, Canada</i><br>Tel: (902) 681-0262<br><a href=""https://www.videoworld.ca/"">https://www.videoworld.ca/</a>"	(902) 681-0262	https://www.videoworld.ca/	15 Kentucky Ct, New Minas, NS B4N 4N1, Canada	F: 09:00 T: 17:00	F: 09:00 T: 17:00	F: 09:00 T: 17:00	F: 09:00 T: 17:00	F: 09:00 T: 17:00	F: 09:00 T: 17:00	closed	video-world-tv-stereo-appliance.jpg
Giant Tiger	45.0678734	-64.4371524	Business	Shops	"<b>Giant Tiger</b> — Big store offering an eclectic mix of household items, beauty products, clothes & food.<br><i>18 Millett Dr, New Minas, NS B4N 0G8, Canada</i><br>Tel: (902) 681-7808<br><a href=""https://stores.gianttiger.com/ns/newminas/new-minas-millett-dr-00183.html"">https://stores.gianttiger.com/ns/newminas/new-minas-millett-dr-00183.html</a>"	(902) 681-7808	https://stores.gianttiger.com/ns/newminas/new-minas-millett-dr-00183.html	18 Millett Dr, New Minas, NS B4N 0G8, Canada	F: 08:00 T: 21:00	F: 08:00 T: 21:00	F: 08:00 T: 21:00	F: 08:00 T: 21:00	F: 08:00 T: 21:00	F: 08:00 T: 21:00	F: 09:00 T: 18:00	giant-tiger.jpg
Forbes Kia	45.0562537	-64.4691445	Business	Shops	"<b>Forbes Kia</b><br><i>5488 Prospect Rd, New Minas, NS B4N 3K8, Canada</i><br>Tel: (902) 681-2144<br><a href=""http://www.forbeskia.com/"">http://www.forbeskia.com/</a>"	(902) 681-2144	http://www.forbeskia.com/	5488 Prospect Rd, New Minas, NS B4N 3K8, Canada	F: 08:00 T: 17:00	F: 08:00 T: 17:00	F: 08:00 T: 17:00	F: 08:00 T: 17:00	F: 08:00 T: 17:00	F: 09:00 T: 15:00	closed	forbes-kia.jpg
FYidoctors - New Minas	45.0686507	-64.4406178	Business	Shops	"<b>FYidoctors - New Minas</b><br><i>54 Silver Fox Ave Unit 78, New Minas, NS B4N 0E4, Canada</i><br>Tel: (902) 681-1511<br><a href=""https://fyidoctors.com/pages/fyidoctors-new-minas"">https://fyidoctors.com/pages/fyidoctors-new-minas</a>"	(902) 681-1511	https://fyidoctors.com/pages/fyidoctors-new-minas	54 Silver Fox Ave Unit 78, New Minas, NS B4N 0E4, Canada	F: 08:30 T: 17:00	F: 08:30 T: 17:00	F: 10:00 T: 19:00	F: 08:30 T: 17:00	F: 08:30 T: 17:00	closed	closed	fyidoctors-new-minas.jpg
Consignor's Place	45.0696681	-64.4621315	Business	Shops	"<b>Consignor's Place</b><br><i>77 Crescent Dr, New Minas, NS B4N 3G7, Canada</i><br>Tel: (902) 681-6075<br><a href=""http://www.consignorsplace.com/"">http://www.consignorsplace.com/</a>"	(902) 681-6075	http://www.consignorsplace.com/	77 Crescent Dr, New Minas, NS B4N 3G7, Canada	F: 09:30 T: 17:30	F: 09:30 T: 17:30	F: 09:30 T: 21:00	F: 09:30 T: 21:00	F: 09:30 T: 21:00	F: 09:30 T: 17:30	F: 09:30 T: 17:30	
Lawtons Drugs Kentville	45.077353	-64.495114	Business	Health	"<b>Lawtons Drugs Kentville</b><br><i>363 Main St, Kentville, NS B4N1K7, Canada</i><br>Tel: (902) 678-3308<br><a href=""https://lawtons.ca/stores/kentville/?utm_source=G&utm_medium=lpm&utm_campaign=Sobeys"">https://lawtons.ca/stores/kentville/?utm_source=G&utm_medium=lpm&utm_campaign=Sobeys</a>"	(902) 678-3308	https://lawtons.ca/stores/kentville/?utm_source=G&utm_medium=lpm&utm_campaign=Sobeys	363 Main St, Kentville, NS B4N1K7, Canada	F: 09:00 T: 20:00	F: 09:00 T: 20:00	F: 09:00 T: 20:00	F: 09:00 T: 20:00	F: 09:00 T: 20:00	F: 09:00 T: 17:00	F: 11:00 T: 17:00	
Rick`s Frame & Art	45.07043110000001	-64.4404837	Business	Shops	"<b>Rick`s Frame & Art</b><br><i>9325 Commercial St, New Minas, NS B4N 3G2, Canada</i><br>Tel: (902) 365-1234<br><a href=""http://www.rickpenney.com/"">http://www.rickpenney.com/</a>"	(902) 365-1234	http://www.rickpenney.com/	9325 Commercial St, New Minas, NS B4N 3G2, Canada	closed	F: 10:00 T: 17:00	F: 10:00 T: 17:00	F: 10:00 T: 17:00	F: 10:00 T: 17:00	F: 10:00 T: 15:00	closed	rick-s-frame-art.jpg
Under The Hood Auto Service Inc.	45.0889167	-64.4421157	Business	Shops	"<b>Under The Hood Auto Service Inc.</b><br><i>883 Belcher St, Port Williams, NS B0P 1T0, Canada</i><br>Tel: (902) 542-8080<br><a href=""http://underthehoodautoservice.ca/"">http://underthehoodautoservice.ca/</a>"	(902) 542-8080	http://underthehoodautoservice.ca/	883 Belcher St, Port Williams, NS B0P 1T0, Canada	F: 07:00 T: 17:30	F: 07:00 T: 17:30	F: 07:00 T: 17:30	F: 07:00 T: 17:30	closed	closed	closed	under-the-hood-auto-service-inc.jpg
Money Direct | Payday Loans & Cheque Cashing New Minas	45.0690913	-64.4430493	Business	Shops	"<b>Money Direct | Payday Loans & Cheque Cashing New Minas</b><br><i>9275 Commercial St, New Minas, NS B4N 3G2, Canada</i><br>Tel: (902) 681-4729<br><a href=""https://moneydirectstore.ca/locations/new-minas/?utm_source=google&utm_medium=organic&utm_campaign=Qode_GBP"">https://moneydirectstore.ca/locations/new-minas/?utm_source=google&utm_medium=organic&utm_campaign=Qode_GBP</a>"	(902) 681-4729	https://moneydirectstore.ca/locations/new-minas/?utm_source=google&utm_medium=organic&utm_campaign=Qode_GBP	9275 Commercial St, New Minas, NS B4N 3G2, Canada	F: 10:00 T: 18:00	F: 10:00 T: 18:00	F: 10:00 T: 18:00	F: 10:00 T: 20:00	F: 10:00 T: 20:00	F: 10:00 T: 17:00	closed	money-direct-payday-loans-cheque-cashing-new-minas.jpg
Speedy Glass New Minas	45.068222	-64.4676437	Business	Shops	"<b>Speedy Glass New Minas</b><br><i>11 Dow Rd, New Minas, NS B4N 3R4, Canada</i><br>Tel: (902) 681-4488<br><a href=""https://www.speedyglass.ca/en/service-centre/ns/new-minas/speedy-glass-new-minas?utm_source=google&utm_medium=local&utm_campaign=Speedy%20Glass%20New%20Minas"">https://www.speedyglass.ca/en/service-centre/ns/new-minas/speedy-glass-new-minas?utm_source=google&utm_medium=local&utm_campaign=Speedy%20Glass%20New%20Minas</a>"	(902) 681-4488	https://www.speedyglass.ca/en/service-centre/ns/new-minas/speedy-glass-new-minas?utm_source=google&utm_medium=local&utm_campaign=Speedy%20Glass%20New%20Minas	11 Dow Rd, New Minas, NS B4N 3R4, Canada	F: 08:00 T: 17:00	F: 08:00 T: 17:00	F: 08:00 T: 17:00	F: 08:00 T: 17:00	F: 08:00 T: 17:00	closed	closed	speedy-glass-new-minas.jpg
NSLC	45.0662045	-64.4435155	Business	Shops	"<b>NSLC</b><br><i>9256 Commercial St Unit 230, New Minas, NS B4N 4A9, Canada</i><br>Tel: (902) 681-3557<br><a href=""http://www.mynslc.com/"">http://www.mynslc.com/</a>"	(902) 681-3557	http://www.mynslc.com/	9256 Commercial St Unit 230, New Minas, NS B4N 4A9, Canada	F: 10:00 T: 21:00	F: 10:00 T: 21:00	F: 10:00 T: 21:00	F: 10:00 T: 21:00	F: 10:00 T: 21:00	F: 10:00 T: 21:00	F: 12:00 T: 17:00	nslc.jpg
Lantz Truck Body Ltd	45.0906381	-64.4173098	Business	Shops	<b>Lantz Truck Body Ltd</b><br><i>Belcher Wolfville, NS Canada, Port Williams, NS B0P 1T0, Canada</i><br>Tel: (902) 542-9797	(902) 542-9797		Belcher Wolfville, NS Canada, Port Williams, NS B0P 1T0, Canada	F: 08:00 T: 16:30	F: 08:00 T: 16:30	F: 08:00 T: 16:30	F: 08:00 T: 16:30	F: 08:00 T: 16:30	closed	closed	
Crane Supply	45.0693632	-64.46287339999999	Business	Shops	"<b>Crane Supply</b><br><i>68 Crescent Dr, New Minas, NS B4N 3G8, Canada</i><br>Tel: (902) 681-3961<br><a href=""https://www.cranesupply.com/"">https://www.cranesupply.com/</a>"	(902) 681-3961	https://www.cranesupply.com/	68 Crescent Dr, New Minas, NS B4N 3G8, Canada	F: 07:30 T: 16:30	F: 07:30 T: 16:30	F: 07:30 T: 16:30	F: 07:30 T: 16:30	F: 07:30 T: 16:30	closed	closed	
The Soccer Shop Juandaro's	45.0702941	-64.44121059999999	Business	Shops	"<b>The Soccer Shop Juandaro's</b><br><i>9323 Commercial St #5, New Minas, NS B4N 3E9, Canada</i><br>Tel: (902) 365-3005<br><a href=""http://www.thesoccershop.ca/"">http://www.thesoccershop.ca/</a>"	(902) 365-3005	http://www.thesoccershop.ca/	9323 Commercial St #5, New Minas, NS B4N 3E9, Canada	closed	F: 11:00 T: 17:30	F: 11:00 T: 17:30	F: 11:00 T: 17:30	F: 11:00 T: 17:30	F: 10:30 T: 16:30	F: 12:00 T: 16:00	the-soccer-shop-juandaro-s.jpg
Grassroots Health Foods	45.0674287	-64.4508377	Business	Shops	"<b>Grassroots Health Foods</b><br><i>9145 Commercial St, New Minas, NS B4N 3E6, Canada</i><br>Tel: (902) 681-2169<br><a href=""https://www.grassrootshealthfoods.ca/"">https://www.grassrootshealthfoods.ca/</a>"	(902) 681-2169	https://www.grassrootshealthfoods.ca/	9145 Commercial St, New Minas, NS B4N 3E6, Canada	closed	closed	F: 10:00 T: 18:00	F: 10:00 T: 18:00	F: 10:00 T: 18:00	F: 10:00 T: 16:00	closed	grassroots-health-foods.jpg
Burnt Out Solutions Inc	45.0677847	-64.45018449999999	Business	Shops	"<b>Burnt Out Solutions Inc</b><br><i>15 Jones Rd, New Minas, NS B4N 3N2, Canada</i><br>Tel: (902) 681-1362<br><a href=""https://bosi.ca/"">https://bosi.ca/</a>"	(902) 681-1362	https://bosi.ca/	15 Jones Rd, New Minas, NS B4N 3N2, Canada								
Anatolia Home and Fashion	45.069196	-64.4670639	Business	Shops	"<b>Anatolia Home and Fashion</b><br><i>8881 Commercial St, New Minas, NS B4N 3C4, Canada</i><br>Tel: (902) 681-1499<br><a href=""http://www.anatolialiving.com/"">http://www.anatolialiving.com/</a>"	(902) 681-1499	http://www.anatolialiving.com/	8881 Commercial St, New Minas, NS B4N 3C4, Canada	F: 10:00 T: 17:00	F: 10:00 T: 17:00	F: 10:00 T: 17:00	F: 10:00 T: 17:00	F: 10:00 T: 17:00	F: 10:00 T: 17:00	closed	anatolia-home-and-fashion.jpg
Turner's Radiator Service Inc	45.0694934	-64.4647579	Business	Shops	<b>Turner's Radiator Service Inc</b><br><i>39 Crescent Dr, New Minas, NS B4N 3G7, Canada</i><br>Tel: (902) 681-2689	(902) 681-2689		39 Crescent Dr, New Minas, NS B4N 3G7, Canada	F: 08:00 T: 17:00	F: 08:00 T: 17:00	F: 08:00 T: 17:00	F: 08:00 T: 17:00	F: 08:00 T: 17:00	closed	closed	turner-s-radiator-service-inc.jpg
Atlantic Farm Services Inc Feed Plant	45.0770416	-64.4278717	Business	Shops	<b>Atlantic Farm Services Inc Feed Plant</b><br><i>47 Minas Warehouse Rd, New Minas, NS B4N 5A5, Canada</i><br>Tel: (902) 681-6124	(902) 681-6124		47 Minas Warehouse Rd, New Minas, NS B4N 5A5, Canada	F: 08:00 T: 16:30	F: 08:00 T: 16:30	F: 08:00 T: 16:30	F: 08:00 T: 16:30	F: 08:00 T: 16:30	closed	closed	
Speedy Auto Service New Minas	45.0685435	-64.4443289	Business	Shops	"<b>Speedy Auto Service New Minas</b><br><i>7 Cornwallis Ave, New Minas, NS B4N 3M7, Canada</i><br>Tel: (902) 681-6881<br><a href=""https://www.speedy.com/en-ca/shop/new-minas/"">https://www.speedy.com/en-ca/shop/new-minas/</a>"	(902) 681-6881	https://www.speedy.com/en-ca/shop/new-minas/	7 Cornwallis Ave, New Minas, NS B4N 3M7, Canada	F: 08:00 T: 17:00	F: 08:00 T: 17:00	F: 08:00 T: 17:00	F: 08:00 T: 17:00	F: 08:00 T: 16:00	closed	closed	speedy-auto-service-new-minas.jpg
Mark's	45.0688922	-64.45117119999999	Business	Shops	"<b>Mark's</b><br><i>9123 Commercial St Unit 2, New Minas, NS B4N 3E6, Canada</i><br>Tel: (902) 681-1228<br><a href=""https://www.marks.com/en/store-details/ns/new-minas-314.html?utm_source=google&utm_medium=GMB&utm_campaign=GMB_Listing"">https://www.marks.com/en/store-details/ns/new-minas-314.html?utm_source=google&utm_medium=GMB&utm_campaign=GMB_Listing</a>"	(902) 681-1228	https://www.marks.com/en/store-details/ns/new-minas-314.html?utm_source=google&utm_medium=GMB&utm_campaign=GMB_Listing	9123 Commercial St Unit 2, New Minas, NS B4N 3E6, Canada	F: 09:00 T: 21:00	F: 09:00 T: 21:00	F: 09:00 T: 21:00	F: 09:00 T: 21:00	F: 09:00 T: 21:00	F: 09:00 T: 19:00	F: 11:00 T: 17:00	mark-s.jpg
Northern Reflections	45.0667812	-64.44275429999999	Business	Shops	"<b>Northern Reflections</b><br><i>County Fair Mall, 9256 Commercial St, New Minas, NS B4N 4A9, Canada</i><br>Tel: (902) 681-1505<br><a href=""https://www.northernreflections.com/"">https://www.northernreflections.com/</a>"	(902) 681-1505	https://www.northernreflections.com/	County Fair Mall, 9256 Commercial St, New Minas, NS B4N 4A9, Canada	F: 09:30 T: 18:00	F: 09:30 T: 18:00	F: 09:30 T: 18:00	F: 09:30 T: 18:00	F: 09:30 T: 18:00	F: 09:30 T: 18:00	F: 12:00 T: 17:00	northern-reflections.jpg
Value Village	45.06717069999999	-64.44076369999999	Business	Shops	"<b>Value Village</b> — Thrift store chain offering secondhand clothing, footwear, furniture, books & household items.<br><i>9256 Commercial St, New Minas, NS B4N 4A9, Canada</i><br>Tel: (902) 680-3662<br><a href=""https://stores.savers.com/ns/newminas/valuevillage-thrift-store-2145.html"">https://stores.savers.com/ns/newminas/valuevillage-thrift-store-2145.html</a>"	(902) 680-3662	https://stores.savers.com/ns/newminas/valuevillage-thrift-store-2145.html	9256 Commercial St, New Minas, NS B4N 4A9, Canada	F: 09:00 T: 21:00	F: 09:00 T: 21:00	F: 09:00 T: 21:00	F: 09:00 T: 21:00	F: 09:00 T: 21:00	F: 09:00 T: 21:00	F: 10:00 T: 19:00	value-village.jpg
Pet Valu	45.06764520000001	-64.4518286	Business	Shops	"<b>Pet Valu</b> — Retail chain carrying food, supplies, toys & other products for pets such as dogs, cats & reptiles.<br><i>9129 Commercial St, New Minas, NS B4N 3E6, Canada</i><br>Tel: (902) 681-1828<br><a href=""https://store.petvalu.ca/location/4063/"">https://store.petvalu.ca/location/4063/</a>"	(902) 681-1828	https://store.petvalu.ca/location/4063/	9129 Commercial St, New Minas, NS B4N 3E6, Canada	F: 09:00 T: 21:00	F: 09:00 T: 21:00	F: 09:00 T: 21:00	F: 09:00 T: 21:00	F: 09:00 T: 21:00	F: 09:00 T: 21:00	F: 10:00 T: 18:00	pet-valu.jpg
The Home Depot	45.0692129	-64.4372191	Business	Shops	"<b>The Home Depot</b> — Chain home improvement retailer for tools, appliances & other products (some offer truck rentals).<br><i>21 Silver Fox Ave, New Minas, NS B4N 0C9, Canada</i><br>Tel: (902) 681-3460<br><a href=""https://stores.homedepot.ca/ns/newminas/home-improvement-newminas-ns-7261.html?utm_source=google&utm_medium=organic&utm_campaign=local&utm_content=7261"">https://stores.homedepot.ca/ns/newminas/home-improvement-newminas-ns-7261.html?utm_source=google&utm_medium=organic&utm_campaign=local&utm_content=7261</a>"	(902) 681-3460	https://stores.homedepot.ca/ns/newminas/home-improvement-newminas-ns-7261.html?utm_source=google&utm_medium=organic&utm_campaign=local&utm_content=7261	21 Silver Fox Ave, New Minas, NS B4N 0C9, Canada	F: 07:00 T: 21:00	F: 07:00 T: 21:00	F: 07:00 T: 21:00	F: 07:00 T: 21:00	F: 07:00 T: 21:00	F: 07:00 T: 20:00	F: 08:00 T: 17:00	the-home-depot.jpg
Cleve's Source For Sports	45.0679002	-64.4539033	Business	Shops	"<b>Cleve's Source For Sports</b> — National sports retail brand selling clothing & footwear, plus equipment & accessories.<br><i>9089 Commercial St, New Minas, NS B4N 3E6, Canada</i><br>Tel: (902) 681-6650<br><a href=""https://www.sourceforsports.ca/pages/cleves-source-for-sports-new-minas"">https://www.sourceforsports.ca/pages/cleves-source-for-sports-new-minas</a>"	(902) 681-6650	https://www.sourceforsports.ca/pages/cleves-source-for-sports-new-minas	9089 Commercial St, New Minas, NS B4N 3E6, Canada	F: 09:30 T: 19:30	F: 09:30 T: 19:30	F: 09:30 T: 19:30	F: 09:30 T: 19:30	F: 09:30 T: 19:30	F: 09:30 T: 17:30	F: 11:00 T: 17:00	cleve-s-source-for-sports.jpg
Sister Sarah's	45.0683386	-64.462699	Business	Shops	<b>Sister Sarah's</b><br><i>8951 Commercial St, New Minas, NS B4N 3E1, Canada</i><br>Tel: (902) 681-0400	(902) 681-0400		8951 Commercial St, New Minas, NS B4N 3E1, Canada	closed	closed	closed	closed	closed	closed	F: 00:00 T: 24:00	
Nova Industrial Supplies Ltd.	45.070743	-64.4658048	Business	Shops	"<b>Nova Industrial Supplies Ltd.</b><br><i>38 Nova Dr, New Minas, NS B4N 5P8, Canada</i><br>Tel: (902) 681-7082<br><a href=""https://novaindustrial.ca/"">https://novaindustrial.ca/</a>"	(902) 681-7082	https://novaindustrial.ca/	38 Nova Dr, New Minas, NS B4N 5P8, Canada	F: 08:00 T: 17:00	F: 08:00 T: 17:00	F: 08:00 T: 17:00	F: 08:00 T: 17:00	F: 08:00 T: 17:00	closed	closed	
B&B Paper Plus Ltd (not a retail store)	45.0703226	-64.4666554	Business	Shops	"<b>B&B Paper Plus Ltd (not a retail store)</b><br><i>25 Nova Dr, New Minas, NS B4N 5P7, Canada</i><br>Tel: (902) 300-5444<br><a href=""http://www.bbpaper.ca"">http://www.bbpaper.ca</a>"	(902) 300-5444	http://www.bbpaper.ca	25 Nova Dr, New Minas, NS B4N 5P7, Canada								
Needs Convenience New Minas	45.068405	-64.468254	Business	Automotive	"<b>Needs Convenience New Minas</b><br><i>Shell, 8868 Commercial St, New Minas, NS B4N 3C7, Canada</i><br>Tel: (902) 681-5161<br><a href=""https://www.needs.ca/en/store-locator/?utm_source=G&utm_medium=lpm&utm_campaign=Sobeys"">https://www.needs.ca/en/store-locator/?utm_source=G&utm_medium=lpm&utm_campaign=Sobeys</a>"	(902) 681-5161	https://www.needs.ca/en/store-locator/?utm_source=G&utm_medium=lpm&utm_campaign=Sobeys	Shell, 8868 Commercial St, New Minas, NS B4N 3C7, Canada	F: 06:00 T: 00:00	F: 06:00 T: 00:00	F: 06:00 T: 00:00	F: 06:00 T: 00:00	F: 06:00 T: 00:00	F: 06:00 T: 00:00	F: 06:00 T: 00:00	
Bumper to Bumper - Auto Parts	45.0564515	-64.4683434	Business	Shops	"<b>Bumper to Bumper - Auto Parts</b><br><i>5494 Prospect Rd, New Minas, NS B4N 3K8, Canada</i><br>Tel: (902) 681-4500<br><a href=""https://local.bumpertobumper.ca/en/store/ns/new-minas/5494-prospect-road/?utm_medium=listings&utm_source=gmb&utm_campaign=9BE2507D-A18B-E311-AA0A-003048D20663"">https://local.bumpertobumper.ca/en/store/ns/new-minas/5494-prospect-road/?utm_medium=listings&utm_source=gmb&utm_campaign=9BE2507D-A18B-E311-AA0A-003048D20663</a>"	(902) 681-4500	https://local.bumpertobumper.ca/en/store/ns/new-minas/5494-prospect-road/?utm_medium=listings&utm_source=gmb&utm_campaign=9BE2507D-A18B-E311-AA0A-003048D20663	5494 Prospect Rd, New Minas, NS B4N 3K8, Canada	F: 08:00 T: 17:00	F: 08:00 T: 17:00	F: 08:00 T: 17:00	F: 08:00 T: 17:00	F: 08:00 T: 17:00	F: 08:00 T: 12:00	closed	bumper-to-bumper-auto-parts.jpg
Foodland - Kenvtille	45.0861699	-64.4946301	Business	Shops	"<b>Foodland - Kenvtille</b><br><i>311 Cornwallis St, Kentville, NS B4N 2G4, Canada</i><br>Tel: (902) 678-3355<br><a href=""https://foodland.ca/stores/foodland-kentville/?utm_source=G&utm_medium=lpm&utm_campaign=Sobeys"">https://foodland.ca/stores/foodland-kentville/?utm_source=G&utm_medium=lpm&utm_campaign=Sobeys</a>"	(902) 678-3355	https://foodland.ca/stores/foodland-kentville/?utm_source=G&utm_medium=lpm&utm_campaign=Sobeys	311 Cornwallis St, Kentville, NS B4N 2G4, Canada	F: 08:00 T: 21:00	F: 08:00 T: 21:00	F: 08:00 T: 21:00	F: 08:00 T: 21:00	F: 08:00 T: 21:00	F: 08:00 T: 21:00	F: 09:00 T: 21:00	foodland-kenvtille.jpg
Phinneys	45.07807299999999	-64.49604	Business	Shops	"<b>Phinneys</b><br><i>64 Webster St, Kentville, NS B4N 1H7, Canada</i><br>Tel: (902) 678-4516<br><a href=""http://www.phinneys.ca/"">http://www.phinneys.ca/</a>"	(902) 678-4516	http://www.phinneys.ca/	64 Webster St, Kentville, NS B4N 1H7, Canada	F: 10:00 T: 17:00	F: 10:00 T: 17:00	F: 10:00 T: 17:00	F: 10:00 T: 17:00	F: 10:00 T: 17:00	F: 10:00 T: 17:00	closed	phinneys.jpg
A J's Stiches	45.0708211	-64.45102829999999	Business	Shops	<b>A J's Stiches</b><br><i>83 Jones Rd, New Minas, NS B4N 3N3, Canada</i><br>Tel: (902) 681-5131	(902) 681-5131		83 Jones Rd, New Minas, NS B4N 3N3, Canada	F: 10:00 T: 16:30	closed	F: 10:00 T: 16:30	closed	F: 10:00 T: 16:30	closed	closed	a-j-s-stiches.jpg
Funtastic Frenchy's	45.0688721	-64.464541	Business	Shops	<b>Funtastic Frenchy's</b><br><i>8927 Commercial St, New Minas, NS B4N 3E1, Canada</i><br>Tel: (902) 678-4027	(902) 678-4027		8927 Commercial St, New Minas, NS B4N 3E1, Canada	F: 09:30 T: 20:00	F: 09:30 T: 20:00	F: 09:30 T: 20:00	F: 09:30 T: 20:00	F: 09:30 T: 20:00	F: 10:00 T: 17:00	F: 12:00 T: 17:00	funtastic-frenchy-s.jpg
GIMPYS	45.0752975	-64.490278	Business	Shops	<b>GIMPYS</b><br><i>7 Canaan Ave, Kentville, NS B4N 2A5, Canada</i><br>Tel: (902) 212-0738	(902) 212-0738		7 Canaan Ave, Kentville, NS B4N 2A5, Canada								gimpys.jpg
Velaro	45.075715	-64.491128	Business	Shops	<b>Velaro</b><br><i>276 Main St, Kentville, NS B4N 1K2, Canada</i>			276 Main St, Kentville, NS B4N 1K2, Canada								
Valley Discount Activewear	45.1019993	-64.417581	Business	Shops	"<b>Valley Discount Activewear</b><br><i>15 Cooperage Ln, Port Williams, NS B0P 1T0, Canada</i><br>Tel: (902) 385-4803<br><a href=""http://valley-discount-activewear.square.site/"">http://valley-discount-activewear.square.site/</a>"	(902) 385-4803	http://valley-discount-activewear.square.site/	15 Cooperage Ln, Port Williams, NS B0P 1T0, Canada	F: 08:00 T: 18:00	F: 08:00 T: 18:00	F: 08:00 T: 18:00	F: 08:00 T: 18:00	F: 08:00 T: 18:00	F: 08:00 T: 18:00	F: 08:00 T: 18:00	valley-discount-activewear.jpg
Wholesum Refillery Shoppe	45.07743279999999	-64.4964885	Business	Shops	"<b>Wholesum Refillery Shoppe</b><br><i>1 Aberdeen St, Kentville, NS B4N 2M9, Canada</i><br>Tel: (902) 679-1518<br><a href=""http://www.wholesumrefillery.com/"">http://www.wholesumrefillery.com/</a>"	(902) 679-1518	http://www.wholesumrefillery.com/	1 Aberdeen St, Kentville, NS B4N 2M9, Canada	F: 10:00 T: 17:00	F: 10:00 T: 17:00	F: 10:00 T: 17:00	F: 10:00 T: 17:00	F: 10:00 T: 17:00	F: 10:00 T: 17:00	closed	wholesum-refillery-shoppe.jpg
PLNTRS GOLF CO.	45.1097837	-64.4325044	Business	Shops	<b>PLNTRS GOLF CO.</b><br><i>Church St, Port Williams, NS B0P 1T0, Canada</i>			Church St, Port Williams, NS B0P 1T0, Canada								
CONSIGNMENT SHOP (Brand name childrens clothing)	45.0773922	-64.5000368	Business	Shops	<b>CONSIGNMENT SHOP (Brand name childrens clothing)</b><br><i>484 Main St, Kentville, NS B4N 4R3, Canada</i><br>Tel: (902) 678-4761	(902) 678-4761		484 Main St, Kentville, NS B4N 4R3, Canada	F: 09:30 T: 17:00	F: 09:30 T: 17:00	F: 09:30 T: 17:00	F: 09:30 T: 17:00	F: 09:30 T: 17:00	F: 09:30 T: 17:00	closed	consignment-shop-brand-name-childrens-clothing.jpg
MacQuarries Pharmasave Kentville	45.0791513	-64.4972435	Business	Health	"<b>MacQuarries Pharmasave Kentville</b><br><i>100 Station Ln, Kentville, NS B4N 0A3, Canada</i><br>Tel: (902) 365-6655<br><a href=""http://pharmasave.com/kentville"">http://pharmasave.com/kentville</a>"	(902) 365-6655	http://pharmasave.com/kentville	100 Station Ln, Kentville, NS B4N 0A3, Canada	F: 08:00 T: 19:00	F: 08:00 T: 19:00	F: 08:00 T: 19:00	F: 08:00 T: 19:00	F: 08:00 T: 19:00	F: 09:00 T: 16:00	F: 10:00 T: 16:00	
Clinic Pharmacy	45.08379739999999	-64.4966179	Business	Health	<b>Clinic Pharmacy</b><br><i>70 Exhibition St, Kentville, NS B4N 4K9, Canada</i><br>Tel: (902) 678-9933	(902) 678-9933		70 Exhibition St, Kentville, NS B4N 4K9, Canada	F: 08:00 T: 18:00	F: 08:00 T: 18:00	F: 08:00 T: 18:00	F: 08:00 T: 18:00	F: 08:00 T: 18:00	F: 09:00 T: 12:00	closed	
Lawtons Drugs New Minas	45.069759	-64.440099	Business	Health	"<b>Lawtons Drugs New Minas</b><br><i>20 Silver Fox Ave, New Minas, NS B4N 0E4, Canada</i><br>Tel: (902) 681-7345<br><a href=""https://lawtons.ca/store-locator/?utm_source=G&utm_medium=lpm&utm_campaign=Sobeys"">https://lawtons.ca/store-locator/?utm_source=G&utm_medium=lpm&utm_campaign=Sobeys</a>"	(902) 681-7345	https://lawtons.ca/store-locator/?utm_source=G&utm_medium=lpm&utm_campaign=Sobeys	20 Silver Fox Ave, New Minas, NS B4N 0E4, Canada	F: 09:00 T: 18:00	F: 09:00 T: 18:00	F: 09:00 T: 20:00	F: 09:00 T: 20:00	F: 09:00 T: 20:00	F: 09:00 T: 17:00	F: 11:00 T: 17:00	lawtons-drugs-new-minas.jpg
Guardian CENTENNIAL PHARMACY	45.08435199999999	-64.497266	Business	Health	"<b>Guardian CENTENNIAL PHARMACY</b><br><i>81 Exhibition St, Kentville, NS B4N 1C2, Canada</i><br>Tel: (902) 678-2799<br><a href=""https://www.guardian-ida-remedysrx.ca/en/nova-scotia/kentville/centennial-pharmacy-7022920?utm_source=google&utm_medium=maps&utm_campaign=local_presence"">https://www.guardian-ida-remedysrx.ca/en/nova-scotia/kentville/centennial-pharmacy-7022920?utm_source=google&utm_medium=maps&utm_campaign=local_presence</a>"	(902) 678-2799	https://www.guardian-ida-remedysrx.ca/en/nova-scotia/kentville/centennial-pharmacy-7022920?utm_source=google&utm_medium=maps&utm_campaign=local_presence	81 Exhibition St, Kentville, NS B4N 1C2, Canada	F: 08:30 T: 18:00	F: 08:30 T: 18:00	F: 08:30 T: 18:00	F: 08:30 T: 18:00	F: 08:30 T: 18:00	F: 09:00 T: 12:00	closed	guardian-centennial-pharmacy.jpg
RBC Royal Bank	45.06755649999999	-64.4438101	Business	Finance	"<b>RBC Royal Bank</b><br><i>9238 Commercial St, New Minas, NS B4N 3E9, Canada</i><br>Tel: (902) 681-8333<br><a href=""https://maps.rbcroyalbank.com/NS-NEW%20MINAS-branch-5103"">https://maps.rbcroyalbank.com/NS-NEW%20MINAS-branch-5103</a>"	(902) 681-8333	https://maps.rbcroyalbank.com/NS-NEW%20MINAS-branch-5103	9238 Commercial St, New Minas, NS B4N 3E9, Canada	F: 09:30 T: 17:00	F: 09:30 T: 17:00	F: 09:30 T: 17:00	F: 09:30 T: 20:00	F: 09:30 T: 17:00	closed	closed	
BMO Bank of Montreal	45.07787999999999	-64.4969746	Business	Finance	"<b>BMO Bank of Montreal</b><br><i>26 Aberdeen St, Kentville, NS B4N 2N1, Canada</i><br>Tel: (902) 678-7303<br><a href=""https://branches.bmo.com/ns/kentville/b0138/"">https://branches.bmo.com/ns/kentville/b0138/</a>"	(902) 678-7303	https://branches.bmo.com/ns/kentville/b0138/	26 Aberdeen St, Kentville, NS B4N 2N1, Canada	F: 09:30 T: 17:00	F: 09:30 T: 17:00	F: 09:30 T: 17:00	F: 09:30 T: 17:00	F: 09:30 T: 17:00	closed	closed	bmo-bank-of-montreal.jpg
Valley Credit Union	45.06823	-64.4448029	Business	Finance	"<b>Valley Credit Union</b><br><i>9237 Commercial St, New Minas, NS B4N 4P1, Canada</i><br>Tel: (902) 681-6884<br><a href=""https://www.valleycreditunion.com/"">https://www.valleycreditunion.com/</a>"	(902) 681-6884	https://www.valleycreditunion.com/	9237 Commercial St, New Minas, NS B4N 4P1, Canada	F: 10:00 T: 16:00	F: 10:00 T: 16:00	F: 10:00 T: 16:00	F: 10:00 T: 16:00	F: 10:00 T: 16:00	closed	closed	
RBC Royal Bank	45.07850799999999	-64.49611469999999	Business	Finance	"<b>RBC Royal Bank</b><br><i>63 Webster St, Kentville, NS B4N 1H4, Canada</i><br>Tel: (902) 679-3850<br><a href=""https://maps.rbcroyalbank.com/NS-KENTVILLE-branch-3633"">https://maps.rbcroyalbank.com/NS-KENTVILLE-branch-3633</a>"	(902) 679-3850	https://maps.rbcroyalbank.com/NS-KENTVILLE-branch-3633	63 Webster St, Kentville, NS B4N 1H4, Canada	F: 09:30 T: 17:00	F: 09:30 T: 17:00	F: 09:30 T: 17:00	F: 09:30 T: 17:00	F: 09:30 T: 17:00	closed	closed	rbc-royal-bank.jpg
Angel's Hairstyling	45.097445	-64.4113409	Business	Services	<b>Angel's Hairstyling</b><br><i>1056 High St, Port Williams, NS B0P 1T0, Canada</i><br>Tel: (902) 542-7258	(902) 542-7258		1056 High St, Port Williams, NS B0P 1T0, Canada								
The Barber Britt	45.06845239999999	-64.4633636	Business	Services	"<b>The Barber Britt</b><br><i>8943 Commercial St, New Minas, NS B4N 3E1, Canada</i><br>Tel: (902) 678-9989<br><a href=""https://www.vagaro.com/oldmoney?fbclid=IwdGRjcAQvyMdleHRuA2FlbQIxMQBzcnRjBmFwcF9pZAo2NjI4NTY4Mzc5AAEeuEO_LRyCLXiMrps1C7WfHJmqloiyfo_Xl9thelkrr64fufwIPz2_xuqj_28_aem_SFOOWMrPK1doRvPDfIJ2cw&ig_fbb=true"">https://www.vagaro.com/oldmoney?fbclid=IwdGRjcAQvyMdleHRuA2FlbQIxMQBzcnRjBmFwcF9pZAo2NjI4NTY4Mzc5AAEeuEO_LRyCLXiMrps1C7WfHJmqloiyfo_Xl9thelkrr64fufwIPz2_xuqj_28_aem_SFOOWMrPK1doRvPDfIJ2cw&ig_fbb=true</a>"	(902) 678-9989	https://www.vagaro.com/oldmoney?fbclid=IwdGRjcAQvyMdleHRuA2FlbQIxMQBzcnRjBmFwcF9pZAo2NjI4NTY4Mzc5AAEeuEO_LRyCLXiMrps1C7WfHJmqloiyfo_Xl9thelkrr64fufwIPz2_xuqj_28_aem_SFOOWMrPK1doRvPDfIJ2cw&ig_fbb=true	8943 Commercial St, New Minas, NS B4N 3E1, Canada	F: 09:00 T: 17:00	F: 09:00 T: 17:00	F: 09:00 T: 17:00	F: 09:00 T: 17:00	F: 09:00 T: 17:00	closed	closed	the-barber-britt.jpg
Maria Celia Hair Studio	45.061064	-64.45589269999999	Business	Services	<b>Maria Celia Hair Studio</b><br><i>66 Bishop Ave E, New Minas, NS B4N 3N9, Canada</i><br>Tel: (902) 385-0027	(902) 385-0027		66 Bishop Ave E, New Minas, NS B4N 3N9, Canada	F: 10:00 T: 17:00	F: 10:00 T: 17:00	F: 10:00 T: 17:00	closed	closed	closed	F: 10:00 T: 17:00	maria-celia-hair-studio.jpg
The Valley Barber	45.069164	-64.466352	Business	Services	"<b>The Valley Barber</b><br><i>11A Crescent Dr, New Minas, NS B4N 3G7, Canada</i><br>Tel: (902) 681-2114<br><a href=""https://the-valley-barber.square.site/"">https://the-valley-barber.square.site/</a>"	(902) 681-2114	https://the-valley-barber.square.site/	11A Crescent Dr, New Minas, NS B4N 3G7, Canada	closed	F: 10:00 T: 18:00	F: 10:00 T: 18:00	F: 10:00 T: 20:00	F: 10:00 T: 18:00	F: 10:00 T: 18:00	closed	the-valley-barber.jpg
Porter Elaine Hairstyling	45.08853899999999	-64.457506	Business	Services	<b>Porter Elaine Hairstyling</b><br><i>627 Belcher St, Port Williams, NS B0P 1T0, Canada</i><br>Tel: (902) 678-0045	(902) 678-0045		627 Belcher St, Port Williams, NS B0P 1T0, Canada								porter-elaine-hairstyling.jpg
Hair By Emma Houghton	45.0716887	-64.47297929999999	Business	Services	"<b>Hair By Emma Houghton</b><br><i>8759 Commercial St, New Minas, NS B4N 3C4, Canada</i><br>Tel: (902) 599-4703<br><a href=""https://linktr.ee/hairbyemhoughton"">https://linktr.ee/hairbyemhoughton</a>"	(902) 599-4703	https://linktr.ee/hairbyemhoughton	8759 Commercial St, New Minas, NS B4N 3C4, Canada	F: 09:00 T: 21:00	F: 09:00 T: 21:00	F: 09:00 T: 21:00	F: 09:00 T: 21:00	F: 09:00 T: 21:00	F: 09:00 T: 21:00	F: 09:00 T: 21:00	hair-by-emma-houghton.jpg
Noble Strands	45.0758046	-64.4915575	Business	Services	<b>Noble Strands</b><br><i>1 Brook Ave, Kentville, NS B4N 3X3, Canada</i><br>Tel: (902) 497-4815	(902) 497-4815		1 Brook Ave, Kentville, NS B4N 3X3, Canada	closed	closed	closed	closed	closed	closed	F: 00:00 T: 24:00	noble-strands.jpg
ENVE on Main.	45.07645399999999	-64.49410999999999	Business	Services	"<b>ENVE on Main.</b><br><i>326 Main St, Kentville, NS B4N 2M6, Canada</i><br>Tel: (902) 365-3683<br><a href=""http://coastalbeauty.ca/?AffiliateID=10397"">http://coastalbeauty.ca/?AffiliateID=10397</a>"	(902) 365-3683	http://coastalbeauty.ca/?AffiliateID=10397	326 Main St, Kentville, NS B4N 2M6, Canada	F: 09:30 T: 20:00	F: 09:30 T: 20:00	F: 09:30 T: 20:00	F: 09:30 T: 20:00	F: 09:30 T: 20:00	F: 09:00 T: 14:00	closed	
Enve Hair	45.079847	-64.4955954	Business	Services	<b>Enve Hair</b><br><i>17 River St, Kentville, NS B4N 5E3, Canada</i>			17 River St, Kentville, NS B4N 5E3, Canada								
Alain Manalo Salon	45.0838145	-64.49526589999999	Business	Services	<b>Alain Manalo Salon</b><br><i>258 Bridge St, Kentville, NS B4N 2E8, Canada</i><br>Tel: (902) 680-1721	(902) 680-1721		258 Bridge St, Kentville, NS B4N 2E8, Canada	F: 12:00 T: 18:00	F: 12:00 T: 18:00	F: 12:00 T: 18:00	F: 12:00 T: 18:00	F: 12:00 T: 18:00	F: 09:00 T: 17:00	closed	alain-manalo-salon.jpg
Kentville Barber Shop	45.0783391	-64.49736299999999	Business	Services	<b>Kentville Barber Shop</b><br><i>106 Webster St, Kentville, NS B4N 1H9, Canada</i><br>Tel: (902) 698-0003	(902) 698-0003		106 Webster St, Kentville, NS B4N 1H9, Canada	F: 08:00 T: 17:00	F: 08:00 T: 17:00	F: 08:00 T: 17:00	F: 08:00 T: 17:00	F: 08:00 T: 17:00	F: 08:30 T: 12:00	closed	kentville-barber-shop.jpg
Headliners Studio	45.0776157	-64.5015556	Business	Services	<b>Headliners Studio</b><br><i>510 Main St, Kentville, NS B4N 1L3, Canada</i><br>Tel: (902) 678-3742	(902) 678-3742		510 Main St, Kentville, NS B4N 1L3, Canada	F: 09:00 T: 21:00	F: 09:00 T: 21:00	F: 09:00 T: 21:00	F: 09:00 T: 21:00	F: 09:00 T: 21:00	F: 09:00 T: 15:00	closed	headliners-studio.jpg
Motiv Fitness	45.067369	-64.4633527	Business	Health	"<b>Motiv Fitness</b><br><i>8934 Commercial St, New Minas, NS B4N 3P7, Canada</i><br>Tel: (902) 365-3210<br><a href=""http://motiv.ca/"">http://motiv.ca/</a>"	(902) 365-3210	http://motiv.ca/	8934 Commercial St, New Minas, NS B4N 3P7, Canada	F: 06:00 T: 21:00	F: 06:00 T: 21:00	F: 06:00 T: 21:00	F: 06:00 T: 21:00	F: 06:00 T: 21:00	F: 08:00 T: 17:00	F: 08:00 T: 17:00	motiv-fitness.jpg
King's Pilates	45.0642194	-64.4683613	Business	Health	<b>King's Pilates</b><br><i>99 Dow Rd, New Minas, NS B4N 3R4, Canada</i><br>Tel: (902) 691-0666	(902) 691-0666		99 Dow Rd, New Minas, NS B4N 3R4, Canada								
Slumber Inn	45.0567735	-64.4668523	Business	Accommodation	"<b>Slumber Inn</b> — Low-key rooms in a relaxed hotel offering complimentary breakfast, hot drinks & WiFi.<br><i>5534 Prospect Rd, New Minas, NS B4N 3K8, Canada</i><br>Tel: (902) 681-5000<br><a href=""http://www.slumberinn.ca/"">http://www.slumberinn.ca/</a>"	(902) 681-5000	http://www.slumberinn.ca/	5534 Prospect Rd, New Minas, NS B4N 3K8, Canada	closed	closed	closed	closed	closed	closed	F: 00:00 T: 24:00	slumber-inn.jpg
Greensboro Inn	45.06730169999999	-64.459344	Business	Accommodation	"<b>Greensboro Inn</b> — Relaxed rooms in a laid-back roadside motel with a Chinese restaurant & an indoor pool.<br><i>9016 Commercial St, New Minas, NS B4N 3E2, Canada</i><br>Tel: (902) 681-3201<br><a href=""http://www.greensboromotelns.com/"">http://www.greensboromotelns.com/</a>"	(902) 681-3201	http://www.greensboromotelns.com/	9016 Commercial St, New Minas, NS B4N 3E2, Canada	F: 10:00 T: 20:00	F: 10:00 T: 20:00	F: 10:00 T: 20:00	F: 10:00 T: 20:00	F: 10:00 T: 20:00	F: 10:00 T: 20:00	F: 10:00 T: 20:00	greensboro-inn.jpg
Kent Fields Estates Ltd	45.084531	-64.478259	Business	Accommodation	"<b>Kent Fields Estates Ltd</b><br><i>6 Neva Mae Pl, Kentville, NS B4N 0G5, Canada</i><br>Tel: (902) 679-0707<br><a href=""https://bit.ly/37EgOXE"">https://bit.ly/37EgOXE</a>"	(902) 679-0707	https://bit.ly/37EgOXE	6 Neva Mae Pl, Kentville, NS B4N 0G5, Canada	F: 08:30 T: 17:00	F: 08:30 T: 17:00	F: 08:30 T: 17:00	F: 08:30 T: 17:00	F: 08:30 T: 17:00	closed	closed	kent-fields-estates-ltd.jpg
L'Acadie House in the Annapolis Valley	45.07269669999999	-64.44000249999999	Business	Accommodation	"<b>L'Acadie House in the Annapolis Valley</b><br><i>New Minas, NS B4N 3L8, Canada</i><br><a href=""https://reservations.plumliving.ca/listings/488067?googleVR=1&utm_source=google&utm_medium=vacation_rentals"">https://reservations.plumliving.ca/listings/488067?googleVR=1&utm_source=google&utm_medium=vacation_rentals</a>"		https://reservations.plumliving.ca/listings/488067?googleVR=1&utm_source=google&utm_medium=vacation_rentals	New Minas, NS B4N 3L8, Canada								
Modern 1 Bedroom Suite located in the Centre of the beautiful Annapolis Valley	45.0703583	-64.4706497	Business	Accommodation	"<b>Modern 1 Bedroom Suite located in the Centre of the beautiful Annapolis Valley</b><br><i>New Minas, NS B4N 3C4, Canada</i><br><a href=""https://www.freecancellations.com/search/F2d3Q1dQFicAWVcDVAkDQQsLXBg1RwAX?lat=45.07036&lng=-64.47065&language=en"">https://www.freecancellations.com/search/F2d3Q1dQFicAWVcDVAkDQQsLXBg1RwAX?lat=45.07036&lng=-64.47065&language=en</a>"		https://www.freecancellations.com/search/F2d3Q1dQFicAWVcDVAkDQQsLXBg1RwAX?lat=45.07036&lng=-64.47065&language=en	New Minas, NS B4N 3C4, Canada								
Modern 1 Bedroom Suite located in the Centre of the beautiful Annapolis Valley	45.0714798	-64.4745636	Business	Accommodation	"<b>Modern 1 Bedroom Suite located in the Centre of the beautiful Annapolis Valley</b><br><i>New Minas, NS B4N 3C5, Canada</i><br><a href=""https://www.vrbo.com/pdp/lo/105297832?MDPCID=VRBO-META.HPA.WEB-ORGANIC.VR"">https://www.vrbo.com/pdp/lo/105297832?MDPCID=VRBO-META.HPA.WEB-ORGANIC.VR</a>"		https://www.vrbo.com/pdp/lo/105297832?MDPCID=VRBO-META.HPA.WEB-ORGANIC.VR	New Minas, NS B4N 3C5, Canada								
The Wickwire House	45.074561	-64.485844	Business	Accommodation	"<b>The Wickwire House</b><br><i>183 Main St, Kentville, NS B4N 1J6, Canada</i><br>Tel: (877) 679-1188<br><a href=""http://www.the-wickwire.ca/"">http://www.the-wickwire.ca/</a>"	(877) 679-1188	http://www.the-wickwire.ca/	183 Main St, Kentville, NS B4N 1J6, Canada								the-wickwire-house.jpg
Sweet Blossom Place	45.0839043	-64.48410799999999	Business	Accommodation	"<b>Sweet Blossom Place</b><br><i>Kentville, NS B4N 3Y6, Canada</i><br><a href=""https://www.booking.com/hotel/ca/sweet-blossom-place.en-gb.html?aid=2068758&utm_source=seogooglelocal&utm_medium=description&utm_term=hotel-13176447&utm_campaign=en-gb&label=seogooglelocal-link-imagesaow-hotel-13176447_grp-3_gendate-20260826"">https://www.booking.com/hotel/ca/sweet-blossom-place.en-gb.html?aid=2068758&utm_source=seogooglelocal&utm_medium=description&utm_term=hotel-13176447&utm_campaign=en-gb&label=seogooglelocal-link-imagesaow-hotel-13176447_grp-3_gendate-20260826</a>"		https://www.booking.com/hotel/ca/sweet-blossom-place.en-gb.html?aid=2068758&utm_source=seogooglelocal&utm_medium=description&utm_term=hotel-13176447&utm_campaign=en-gb&label=seogooglelocal-link-imagesaow-hotel-13176447_grp-3_gendate-20260826	Kentville, NS B4N 3Y6, Canada								
New luxury suite in the heart of wine country-steps from Benjamin Bridge Winery!	45.04989619999999	-64.4171143	Business	Accommodation	<b>New luxury suite in the heart of wine country-steps from Benjamin Bridge Winery!</b><br><i>Kings County, NS B4P 2R2, Canada</i>			Kings County, NS B4P 2R2, Canada								
Lower Unit 1067 Rawding	45.0966759	-64.4173279	Business	Accommodation	<b>Lower Unit 1067 Rawding</b><br><i>Port Williams, NS B0P 1T0, Canada</i>			Port Williams, NS B0P 1T0, Canada								
Highbury Gardens RV Park	45.049734	-64.478398	Business	Accommodation	"<b>Highbury Gardens RV Park</b><br><i>121 New Canaan Rd, Kentville, NS B4N 4K1, Canada</i><br>Tel: (902) 678-8011<br><a href=""https://highburygardens.com/"">https://highburygardens.com/</a>"	(902) 678-8011	https://highburygardens.com/	121 New Canaan Rd, Kentville, NS B4N 4K1, Canada	F: 09:00 T: 21:00	F: 09:00 T: 21:00	F: 09:00 T: 21:00	F: 09:00 T: 21:00	F: 09:00 T: 21:00	F: 09:00 T: 21:00	F: 09:00 T: 21:00	highbury-gardens-rv-park.jpg
Large home perfect for reunions, golf getaways, and winery tours.	45.1046295	-64.435318	Business	Accommodation	<b>Large home perfect for reunions, golf getaways, and winery tours.</b><br><i>Kings County, NS B0P 1T0, Canada</i>			Kings County, NS B0P 1T0, Canada								
Upper Unit 1067 Rawding	45.0951385	-64.4116974	Business	Accommodation	<b>Upper Unit 1067 Rawding</b><br><i>Port Williams, NS B0P 1T0, Canada</i>			Port Williams, NS B0P 1T0, Canada								
Port Williams 2-Bed Suite Beautiful Bright!	45.09412	-64.409729	Business	Accommodation	"<b>Port Williams 2-Bed Suite Beautiful Bright!</b><br><i>Port Williams, NS B0P 1T0, Canada</i><br><a href=""https://www.bluepillow.com/search/65c9d442671b07d23c6755bf?dest=bkng&cat=House&lat=45.09412&lng=-64.40973&language=en"">https://www.bluepillow.com/search/65c9d442671b07d23c6755bf?dest=bkng&cat=House&lat=45.09412&lng=-64.40973&language=en</a>"		https://www.bluepillow.com/search/65c9d442671b07d23c6755bf?dest=bkng&cat=House&lat=45.09412&lng=-64.40973&language=en	Port Williams, NS B0P 1T0, Canada								
Port Williams/Wolfville	45.096653	-64.4094772	Business	Accommodation	"<b>Port Williams/Wolfville</b><br><i>Port Williams, NS B0P 1T0, Canada</i><br><a href=""https://www.vrbo.com/pdp/lo/126458269?MDPCID=VRBO-META.HPA.WEB-ORGANIC.VR"">https://www.vrbo.com/pdp/lo/126458269?MDPCID=VRBO-META.HPA.WEB-ORGANIC.VR</a>"		https://www.vrbo.com/pdp/lo/126458269?MDPCID=VRBO-META.HPA.WEB-ORGANIC.VR	Port Williams, NS B0P 1T0, Canada								
Church Street Farm House	45.107785	-64.4387629	Business	Accommodation	<b>Church Street Farm House</b><br><i>1013 Church St, Port Williams, NS B0P 1T0, Canada</i>			1013 Church St, Port Williams, NS B0P 1T0, Canada								church-street-farm-house.jpg
Beautiful 2 bedroom residential home in Kentville	45.0717201	-64.49725339999999	Business	Accommodation	<b>Beautiful 2 bedroom residential home in Kentville</b><br><i>Kentville, NS B4N 1V2, Canada</i>			Kentville, NS B4N 1V2, Canada								
2 bedrooms home in Kentville	45.07244109999999	-64.5008393	Business	Accommodation	"<b>2 bedrooms home in Kentville</b><br><i>Kentville, NS B4N 2M3, Canada</i><br><a href=""https://www.booking.com/hotel/ca/2-bedrooms-home-in-kentville.en-gb.html?aid=2068758&utm_source=seogooglelocal&utm_medium=description&utm_term=hotel-14134042&utm_campaign=en-gb&label=seogooglelocal-link-imagesaow-hotel-14134042_grp-2_gendate-20260826"">https://www.booking.com/hotel/ca/2-bedrooms-home-in-kentville.en-gb.html?aid=2068758&utm_source=seogooglelocal&utm_medium=description&utm_term=hotel-14134042&utm_campaign=en-gb&label=seogooglelocal-link-imagesaow-hotel-14134042_grp-2_gendate-20260826</a>"		https://www.booking.com/hotel/ca/2-bedrooms-home-in-kentville.en-gb.html?aid=2068758&utm_source=seogooglelocal&utm_medium=description&utm_term=hotel-14134042&utm_campaign=en-gb&label=seogooglelocal-link-imagesaow-hotel-14134042_grp-2_gendate-20260826	Kentville, NS B4N 2M3, Canada								
Little Yellow House In The Heart Of The Valley	45.1100922	-64.431961	Business	Accommodation	"<b>Little Yellow House In The Heart Of The Valley</b><br><i>Kings County, NS B0P 1T0, Canada</i><br><a href=""https://www.booking.com/hotel/ca/little-yellow-house-in-the-heart-of-the-valley.en-gb.html?aid=2068758&utm_source=seogooglelocal&utm_medium=description&utm_term=hotel-9197775&utm_campaign=en-gb&label=seogooglelocal-link-imagesaow-hotel-9197775_grp-3_gendate-20260826"">https://www.booking.com/hotel/ca/little-yellow-house-in-the-heart-of-the-valley.en-gb.html?aid=2068758&utm_source=seogooglelocal&utm_medium=description&utm_term=hotel-9197775&utm_campaign=en-gb&label=seogooglelocal-link-imagesaow-hotel-9197775_grp-3_gendate-20260826</a>"		https://www.booking.com/hotel/ca/little-yellow-house-in-the-heart-of-the-valley.en-gb.html?aid=2068758&utm_source=seogooglelocal&utm_medium=description&utm_term=hotel-9197775&utm_campaign=en-gb&label=seogooglelocal-link-imagesaow-hotel-9197775_grp-3_gendate-20260826	Kings County, NS B0P 1T0, Canada								
Little Yellow House In The Heart Of The Valley	45.1109619	-64.43113699999999	Business	Accommodation	"<b>Little Yellow House In The Heart Of The Valley</b><br><i>Kings County, NS B0P 1T0, Canada</i><br><a href=""https://kbladvantage.com/listing/en/489706"">https://kbladvantage.com/listing/en/489706</a>"		https://kbladvantage.com/listing/en/489706	Kings County, NS B0P 1T0, Canada								
3 Bedroom House- Refined Elegance	45.10017009999999	-64.4048385	Business	Accommodation	<b>3 Bedroom House- Refined Elegance</b><br><i>Port Williams, NS B0P 1T0, Canada</i>			Port Williams, NS B0P 1T0, Canada								
Horizon Origins	45.1014635	-64.4862388	Business	Accommodation	<b>Horizon Origins</b><br><i>351 Nichols Ave, Kentville, NS B4N 3V7, Canada</i>			351 Nichols Ave, Kentville, NS B4N 3V7, Canada								
Fancy Nancy Place - One-Bedroom Apartment	45.08533089999999	-64.5010224	Business	Accommodation	"<b>Fancy Nancy Place - One-Bedroom Apartment</b><br><i>Kings County, NS B4N 1B4, Canada</i><br><a href=""https://www.freecancellations.com/search/F2cjQQEGSnEHV1BVXlkEEggLD0wyFlVL?lat=45.08533&lng=-64.50102&language=en"">https://www.freecancellations.com/search/F2cjQQEGSnEHV1BVXlkEEggLD0wyFlVL?lat=45.08533&lng=-64.50102&language=en</a>"		https://www.freecancellations.com/search/F2cjQQEGSnEHV1BVXlkEEggLD0wyFlVL?lat=45.08533&lng=-64.50102&language=en	Kings County, NS B4N 1B4, Canada								
Nestle Inn Gaspereau	45.0638972	-64.38418539999999	Business	Accommodation	"<b>Nestle Inn Gaspereau</b><br><i>White Rock Rd, Kings County, NS B4P 2R1, Canada</i><br>Tel: (902) 219-4999<br><a href=""https://www.facebook.com/nestleinngaspereau/"">https://www.facebook.com/nestleinngaspereau/</a>"	(902) 219-4999	https://www.facebook.com/nestleinngaspereau/	White Rock Rd, Kings County, NS B4P 2R1, Canada								nestle-inn-gaspereau.jpg
Ultramar - Gas Station	45.09268	-64.49210599999999	Business	Automotive	"<b>Ultramar - Gas Station</b><br><i>139 Nichols Ave, Kentville, NS B4N 5E4, Canada</i><br>Tel: (902) 678-1440<br><a href=""https://journie.ca/ultramar/ns-en/locations?locationId=42073&utm_source=G&utm_medium=lpm&utm_campaign=parkland"">https://journie.ca/ultramar/ns-en/locations?locationId=42073&utm_source=G&utm_medium=lpm&utm_campaign=parkland</a>"	(902) 678-1440	https://journie.ca/ultramar/ns-en/locations?locationId=42073&utm_source=G&utm_medium=lpm&utm_campaign=parkland	139 Nichols Ave, Kentville, NS B4N 5E4, Canada	F: 06:00 T: 22:00	F: 06:00 T: 22:00	F: 06:00 T: 22:00	F: 06:00 T: 22:00	F: 06:00 T: 22:00	F: 06:00 T: 22:00	F: 07:00 T: 22:00	ultramar-gas-station.jpg
Fast Fuel	45.0670715	-64.4512517	Business	Automotive	"<b>Fast Fuel</b><br><i>9138 Commercial St, New Minas, NS B4N 3E5, Canada</i><br><a href=""https://www.needs.ca/en/products-services/fast-fuel/"">https://www.needs.ca/en/products-services/fast-fuel/</a>"		https://www.needs.ca/en/products-services/fast-fuel/	9138 Commercial St, New Minas, NS B4N 3E5, Canada	F: 06:00 T: 00:00	F: 06:00 T: 00:00	F: 06:00 T: 00:00	F: 06:00 T: 00:00	F: 06:00 T: 00:00	F: 06:00 T: 00:00	F: 06:00 T: 00:00	fast-fuel.jpg
Irving Oil	45.084827	-64.397437	Business	Automotive	"<b>Irving Oil</b><br><i>10095 Nova Scotia Trunk 1, Greenwich, NS B4P 2R2, Canada</i><br>Tel: (902) 542-2722<br><a href=""https://www.irvingoil.com/location/irving-oil-26891?utm_source=G&utm_medium=lpm&utm_campaign=irving"">https://www.irvingoil.com/location/irving-oil-26891?utm_source=G&utm_medium=lpm&utm_campaign=irving</a>"	(902) 542-2722	https://www.irvingoil.com/location/irving-oil-26891?utm_source=G&utm_medium=lpm&utm_campaign=irving	10095 Nova Scotia Trunk 1, Greenwich, NS B4P 2R2, Canada	closed	closed	closed	closed	closed	closed	F: 00:00 T: 24:00	irving-oil.jpg
Kings County Museum	45.07779439999999	-64.49394480000001	Landmark	Museum	"<b>Kings County Museum</b><br><i>37 Bridge St, Kentville, NS B4N 2E2, Canada</i><br>Tel: (902) 678-6237<br><a href=""http://www.kingscountymuseum.ca/"">http://www.kingscountymuseum.ca/</a>"	(902) 678-6237	http://www.kingscountymuseum.ca/	37 Bridge St, Kentville, NS B4N 2E2, Canada	closed	F: 10:00 T: 16:00	F: 10:00 T: 16:00	F: 10:00 T: 16:00	F: 10:00 T: 16:00	F: 10:00 T: 16:00	closed	kings-county-museum.jpg
Kentville Historical Society	45.0788188	-64.4948812	Landmark	Museum	"<b>Kentville Historical Society</b><br><i>66 Station Ln, Kentville, NS B4N 0A3, Canada</i><br>Tel: (902) 375-2137<br><a href=""http://www.kentvillehistoricalsociety.ca/"">http://www.kentvillehistoricalsociety.ca/</a>"	(902) 375-2137	http://www.kentvillehistoricalsociety.ca/	66 Station Ln, Kentville, NS B4N 0A3, Canada	closed	F: 10:00 T: 16:00	F: 10:00 T: 16:00	F: 10:00 T: 16:00	F: 10:00 T: 16:00	F: 10:00 T: 16:00	F: 13:00 T: 16:00	kentville-historical-society.jpg
Studio 14 Gifts & Gallery	45.0833205	-64.4006471	Landmark	Gallery	"<b>Studio 14 Gifts & Gallery</b><br><i>10032 Nova Scotia Trunk 1, Wolfville, NS B4P 2R2, Canada</i><br>Tel: (902) 697-1414<br><a href=""http://www.facebook.com/studio14giftsandgallery"">http://www.facebook.com/studio14giftsandgallery</a>"	(902) 697-1414	http://www.facebook.com/studio14giftsandgallery	10032 Nova Scotia Trunk 1, Wolfville, NS B4P 2R2, Canada	F: 12:00 T: 17:00	F: 10:00 T: 17:00	F: 10:00 T: 17:00	F: 10:00 T: 17:00	F: 10:00 T: 17:00	F: 10:00 T: 17:00	F: 12:00 T: 17:00	studio-14-gifts-gallery.jpg
Tides Art Gallery	45.077308	-64.4961028	Landmark	Gallery	"<b>Tides Art Gallery</b><br><i>401D Main St, Kentville, NS B4N 1K7, Canada</i><br>Tel: (902) 365-3322<br><a href=""http://www.tidescontemporaryartgallery.com/"">http://www.tidescontemporaryartgallery.com/</a>"	(902) 365-3322	http://www.tidescontemporaryartgallery.com/	401D Main St, Kentville, NS B4N 1K7, Canada	closed	closed	F: 10:00 T: 17:00	F: 10:00 T: 17:00	F: 10:00 T: 17:00	F: 10:00 T: 17:00	F: 12:00 T: 17:00	tides-art-gallery.jpg
Art Lessons	45.0780576	-64.5020468	Landmark	Gallery	<b>Art Lessons</b><br><i>521 Main St, Kentville, NS B4N 1L4, Canada</i><br>Tel: (902) 300-9980	(902) 300-9980		521 Main St, Kentville, NS B4N 1L4, Canada	closed	closed	closed	closed	closed	closed	F: 00:00 T: 24:00	art-lessons.jpg
Little Community Library and Cabinet	45.06551499999999	-64.45545779999999	Landmark	Library	<b>Little Community Library and Cabinet</b><br><i>116 Highland Ave, New Minas, NS B4N 3K4, Canada</i>			116 Highland Ave, New Minas, NS B4N 3K4, Canada	closed	closed	closed	closed	closed	closed	F: 00:00 T: 24:00	little-community-library-and-cabinet.jpg
Little Library	45.0629132	-64.4606724	Landmark	Library	<b>Little Library</b><br><i>2 Danielle Dr S, New Minas, NS B4N 5C9, Canada</i>			2 Danielle Dr S, New Minas, NS B4N 5C9, Canada	closed	closed	closed	closed	closed	closed	F: 00:00 T: 24:00	little-library.jpg
Little Library	45.0586524	-64.46099579999999	Landmark	Library	<b>Little Library</b><br><i>1020 Catherine Crescent, New Minas, NS B4N 3Z7, Canada</i>			1020 Catherine Crescent, New Minas, NS B4N 3Z7, Canada	closed	closed	closed	closed	closed	closed	F: 00:00 T: 24:00	little-library.jpg
Kentville Library	45.076897	-64.4975235	Landmark	Library	"<b>Kentville Library</b><br><i>440 Main St, Kentville, NS B4N 1R5, Canada</i><br>Tel: (902) 679-2544<br><a href=""http://www.valleylibrary.ca/branch/kentville-library"">http://www.valleylibrary.ca/branch/kentville-library</a>"	(902) 679-2544	http://www.valleylibrary.ca/branch/kentville-library	440 Main St, Kentville, NS B4N 1R5, Canada	closed	F: 12:00 T: 20:00	F: 10:00 T: 18:00	F: 12:00 T: 20:00	F: 10:00 T: 18:00	F: 10:00 T: 17:00	closed	kentville-library.jpg
Port Williams - Murdoch C. Smith Memorial Library	45.0987166	-64.4108979	Landmark	Library	"<b>Port Williams - Murdoch C. Smith Memorial Library</b><br><i>1045 Main St, Port Williams, NS B0P 1T0, Canada</i><br>Tel: (902) 542-3005<br><a href=""http://www.valleylibrary.ca/branch/port-williams-murdoch-c-smith-memorial-library"">http://www.valleylibrary.ca/branch/port-williams-murdoch-c-smith-memorial-library</a>"	(902) 542-3005	http://www.valleylibrary.ca/branch/port-williams-murdoch-c-smith-memorial-library	1045 Main St, Port Williams, NS B0P 1T0, Canada	closed	F: 15:00 T: 20:00	F: 10:00 T: 15:00	F: 15:00 T: 20:00	F: 10:00 T: 15:00	F: 10:00 T: 15:00	closed	
Little Library	45.1055998	-64.4080018	Landmark	Library	<b>Little Library</b><br><i>135 Collins Rd, Port Williams, NS B0P 1T0, Canada</i>			135 Collins Rd, Port Williams, NS B0P 1T0, Canada	closed	closed	closed	closed	closed	closed	F: 00:00 T: 24:00	little-library.jpg
Orchard Valley United Church	45.0742831	-64.4446822	Landmark	Religious	"<b>Orchard Valley United Church</b><br><i>130 Cornwallis Ave, New Minas, NS B4N 3M7, Canada</i><br>Tel: (902) 681-0366<br><a href=""http://orchardvalleyunited.ca/"">http://orchardvalleyunited.ca/</a>"	(902) 681-0366	http://orchardvalleyunited.ca/	130 Cornwallis Ave, New Minas, NS B4N 3M7, Canada	F: 08:00 T: 12:00	F: 08:00 T: 12:00	F: 08:00 T: 12:00	F: 08:00 T: 12:00	closed	closed	F: 09:00 T: 12:00	orchard-valley-united-church.jpg
Kings Presbyterian Church	45.0583035	-64.465491	Landmark	Religious	"<b>Kings Presbyterian Church</b><br><i>5563 Prospect Rd, New Minas, NS B4N 3Z8, Canada</i><br>Tel: (902) 681-1333<br><a href=""https://kingschurch.ca/"">https://kingschurch.ca/</a>"	(902) 681-1333	https://kingschurch.ca/	5563 Prospect Rd, New Minas, NS B4N 3Z8, Canada								
New Minas Seventh Day Adventist Church	45.0747896	-64.4305628	Landmark	Religious	"<b>New Minas Seventh Day Adventist Church</b><br><i>9509 Commercial St, New Minas, NS B4N 3G3, Canada</i><br>Tel: (902) 681-1034<br><a href=""https://newminasns.adventistchurch.org/"">https://newminasns.adventistchurch.org/</a>"	(902) 681-1034	https://newminasns.adventistchurch.org/	9509 Commercial St, New Minas, NS B4N 3G3, Canada								new-minas-seventh-day-adventist-church.jpg
Hope Center Family Church	45.075952	-64.425181	Landmark	Religious	"<b>Hope Center Family Church</b><br><i>9593 Commercial St, New Minas, NS B4N 3G5, Canada</i><br>Tel: (902) 681-4673<br><a href=""https://www.hopecentre316.ca/"">https://www.hopecentre316.ca/</a>"	(902) 681-4673	https://www.hopecentre316.ca/	9593 Commercial St, New Minas, NS B4N 3G5, Canada								hope-center-family-church.jpg
Kingsway Assembly (PAOC)	45.0847055	-64.48030539999999	Landmark	Religious	"<b>Kingsway Assembly (PAOC)</b><br><i>242 Belcher St, Kentville, NS B4N 1E4, Canada</i><br>Tel: (902) 678-3455<br><a href=""http://kingswayassembly.net/"">http://kingswayassembly.net/</a>"	(902) 678-3455	http://kingswayassembly.net/	242 Belcher St, Kentville, NS B4N 1E4, Canada	F: 09:00 T: 16:00	F: 09:00 T: 16:00	F: 09:00 T: 16:00	F: 09:00 T: 16:00	closed	closed	closed	kingsway-assembly-paoc.jpg
The Church of Jesus Christ of Latter-day Saints	45.0874477	-64.4691948	Landmark	Religious	"<b>The Church of Jesus Christ of Latter-day Saints</b><br><i>440 Belcher St, Kentville, NS B4N 3V5, Canada</i><br>Tel: (902) 679-2798<br><a href=""https://local.churchofjesuschrist.org/en/ca/ns/kentville/440-belcher-street?utm_source=gmb&utm_medium=yext&y_source=1_NjcwODUwNTYtNzE1LWxvY2F0aW9uLndlYnNpdGU%3D"">https://local.churchofjesuschrist.org/en/ca/ns/kentville/440-belcher-street?utm_source=gmb&utm_medium=yext&y_source=1_NjcwODUwNTYtNzE1LWxvY2F0aW9uLndlYnNpdGU%3D</a>"	(902) 679-2798	https://local.churchofjesuschrist.org/en/ca/ns/kentville/440-belcher-street?utm_source=gmb&utm_medium=yext&y_source=1_NjcwODUwNTYtNzE1LWxvY2F0aW9uLndlYnNpdGU%3D	440 Belcher St, Kentville, NS B4N 3V5, Canada	F: 09:00 T: 18:00	F: 09:00 T: 18:00	F: 09:00 T: 18:00	F: 09:00 T: 18:00	F: 09:00 T: 18:00	F: 09:00 T: 18:00	F: 10:00 T: 13:00	the-church-of-jesus-christ-of-latter-day-saints.jpg
St Joseph's Catholic Church Office	45.0809644	-64.4921117	Landmark	Religious	"<b>St Joseph's Catholic Church Office</b><br><i>43 Chapel Hill, Kentville, NS B4N 2C8, Canada</i><br>Tel: (902) 678-3303<br><a href=""https://www.halifaxyarmouth.org/parishes-2/parish-directory/item/saint-joseph-church-kentville"">https://www.halifaxyarmouth.org/parishes-2/parish-directory/item/saint-joseph-church-kentville</a>"	(902) 678-3303	https://www.halifaxyarmouth.org/parishes-2/parish-directory/item/saint-joseph-church-kentville	43 Chapel Hill, Kentville, NS B4N 2C8, Canada	F: 08:30 T: 16:30	F: 08:30 T: 16:30	F: 08:30 T: 16:30	F: 08:30 T: 16:30	F: 08:30 T: 16:30	closed	closed	st-joseph-s-catholic-church-office.jpg
St. Joseph's Roman Catholic Church	45.08094	-64.4929203	Landmark	Religious	"<b>St. Joseph's Roman Catholic Church</b><br><i>43 Belcher St, Kentville, NS B4N 3X3, Canada</i><br>Tel: (902) 678-3303<br><a href=""http://www.corpuschristins.ca/"">http://www.corpuschristins.ca/</a>"	(902) 678-3303	http://www.corpuschristins.ca/	43 Belcher St, Kentville, NS B4N 3X3, Canada								st-joseph-s-roman-catholic-church.jpg
Port Williams United Baptist Church	45.0982145	-64.4106829	Landmark	Religious	"<b>Port Williams United Baptist Church</b><br><i>1031 NS-358, Port Williams, NS B0P 1T0, Canada</i><br>Tel: (902) 542-3495<br><a href=""http://www.pwubc.org/"">http://www.pwubc.org/</a>"	(902) 542-3495	http://www.pwubc.org/	1031 NS-358, Port Williams, NS B0P 1T0, Canada	closed	F: 09:00 T: 12:00	closed	F: 09:00 T: 12:00	closed	closed	F: 10:00 T: 11:30	port-williams-united-baptist-church.jpg
The Salvation Army Church	45.08787880000001	-64.4946671	Landmark	Religious	"<b>The Salvation Army Church</b><br><i>15 Nichols Ave, Kentville, NS B4N 2G9, Canada</i><br>Tel: (902) 678-2039<br><a href=""https://m.facebook.com/thesalvationarmykentville/"">https://m.facebook.com/thesalvationarmykentville/</a>"	(902) 678-2039	https://m.facebook.com/thesalvationarmykentville/	15 Nichols Ave, Kentville, NS B4N 2G9, Canada	closed	F: 13:00 T: 16:00	F: 09:30 T: 12:30	F: 13:00 T: 16:00	F: 09:30 T: 12:30	closed	closed	the-salvation-army-church.jpg
New Minas Baptist Church	45.07412799999999	-64.43393999999999	Landmark	Religious	"<b>New Minas Baptist Church</b><br><i>9453 Commercial St, New Minas, NS B4N 3G3, Canada</i><br>Tel: (902) 681-7683<br><a href=""http://www.nmbc.ca/"">http://www.nmbc.ca/</a>"	(902) 681-7683	http://www.nmbc.ca/	9453 Commercial St, New Minas, NS B4N 3G3, Canada	F: 09:00 T: 12:00	F: 09:00 T: 12:00	F: 09:00 T: 12:00	F: 09:00 T: 12:00	F: 09:00 T: 12:00	closed	F: 09:00 T: 13:00	new-minas-baptist-church.jpg
Blessed buds church	45.0696854	-64.44392189999999	Landmark	Religious	"<b>Blessed buds church</b><br><i>34 Cornwallis Ave, New Minas, NS B4N 3M7, Canada</i><br><a href=""https://blessedbudschurch.com/"">https://blessedbudschurch.com/</a>"		https://blessedbudschurch.com/	34 Cornwallis Ave, New Minas, NS B4N 3M7, Canada								blessed-buds-church.jpg
First Kings Cong Christian Church	45.097465	-64.413946	Landmark	Religious	<b>First Kings Cong Christian Church</b><br><i>1011 High St, Port Williams, NS B0P 1T0, Canada</i><br>Tel: (902) 542-0439	(902) 542-0439		1011 High St, Port Williams, NS B0P 1T0, Canada								
Anglican Rectory	45.0755998	-64.49315829999999	Landmark	Religious	<b>Anglican Rectory</b><br><i>14 Highland Ave, Kentville, NS B4N 2K8, Canada</i><br>Tel: (902) 678-2760	(902) 678-2760		14 Highland Ave, Kentville, NS B4N 2K8, Canada								
Saint James' Anglican Church Hall	45.0760928	-64.4933724	Landmark	Religious	"<b>Saint James' Anglican Church Hall</b><br><i>18 Prospect Ave, Kentville, NS B4N 2K7, Canada</i><br>Tel: (902) 678-3123<br><a href=""http://www.stjameskentville.ca/"">http://www.stjameskentville.ca/</a>"	(902) 678-3123	http://www.stjameskentville.ca/	18 Prospect Ave, Kentville, NS B4N 2K7, Canada								saint-james-anglican-church-hall.jpg
Reach	45.07830999999999	-64.49513	Landmark	Religious	"<b>Reach</b><br><i>35 Webster St #202, Kentville, NS B4N 1H4, Canada</i><br>Tel: (902) 670-7590<br><a href=""http://reachgoodnews.com/"">http://reachgoodnews.com/</a>"	(902) 670-7590	http://reachgoodnews.com/	35 Webster St #202, Kentville, NS B4N 1H4, Canada								
St John's Anglican Church	45.1100035	-64.43336479999999	Landmark	Religious	<b>St John's Anglican Church</b><br><i>NS-358 & Church St, Port Willams, NS B0P 1T0, Canada</i><br>Tel: (902) 542-9845	(902) 542-9845		NS-358 & Church St, Port Willams, NS B0P 1T0, Canada								st-john-s-anglican-church.jpg
Kentville United Baptist Church	45.0778776	-64.5010018	Landmark	Religious	"<b>Kentville United Baptist Church</b><br><i>503 Main St, Kentville, NS B4N 1L4, Canada</i><br>Tel: (902) 678-3162<br><a href=""http://kentvillebaptist.org/"">http://kentvillebaptist.org/</a>"	(902) 678-3162	http://kentvillebaptist.org/	503 Main St, Kentville, NS B4N 1L4, Canada	closed	closed	F: 18:15 T: 19:30	closed	closed	closed	closed	
Kentville Town Hall	45.0768287	-64.4948469	Landmark	Civic	"<b>Kentville Town Hall</b><br><i>354 Main St, Kentville, NS B4N 2M6, Canada</i><br>Tel: (902) 679-2500<br><a href=""http://kentville.ca/"">http://kentville.ca/</a>"	(902) 679-2500	http://kentville.ca/	354 Main St, Kentville, NS B4N 2M6, Canada	F: 08:30 T: 16:30	F: 08:30 T: 16:30	F: 08:30 T: 16:30	F: 08:30 T: 16:30	F: 08:30 T: 16:30	closed	closed	kentville-town-hall.jpg
Miner's Marsh	45.0798652	-64.4887928	Landmark	Historic	"<b>Miner's Marsh</b><br><i>Barclay St, Kentville, NS B4N 1H1, Canada</i><br>Tel: (902) 679-2500<br><a href=""https://kentville.ca/parks-and-recreation/parks/miners-marsh"">https://kentville.ca/parks-and-recreation/parks/miners-marsh</a>"	(902) 679-2500	https://kentville.ca/parks-and-recreation/parks/miners-marsh	Barclay St, Kentville, NS B4N 1H1, Canada	closed	closed	closed	closed	closed	closed	F: 00:00 T: 24:00	miner-s-marsh.jpg
Lockhart Ryan Disc Golf Course	45.07478529999999	-64.4359849	Landmark	Historic	"<b>Lockhart Ryan Disc Golf Course</b><br><i>9443 Commercial St, New Minas, NS B4N 3G3, Canada</i><br><a href=""https://newminas.com/disc-golf-course"">https://newminas.com/disc-golf-course</a>"		https://newminas.com/disc-golf-course	9443 Commercial St, New Minas, NS B4N 3G3, Canada								lockhart-ryan-disc-golf-course.jpg
The Kentville Ravine	45.0672247	-64.4756799	Landmark	Historic	<b>The Kentville Ravine</b><br><i>Main St, Kentville, NS B4N 1J5, Canada</i>			Main St, Kentville, NS B4N 1J5, Canada	F: 05:00 T: 23:00	F: 05:00 T: 23:00	F: 05:00 T: 23:00	F: 05:00 T: 23:00	F: 05:00 T: 23:00	F: 05:00 T: 23:00	F: 05:00 T: 23:00	the-kentville-ravine.jpg
Kentville Research & Development Centre	45.0691686	-64.477194	Landmark	Historic	"<b>Kentville Research & Development Centre</b><br><i>32 Main St, Kentville, NS B4N 1J5, Canada</i><br><a href=""https://profils-profiles.science.gc.ca/en/research-centre/kentville-research-and-development-centre"">https://profils-profiles.science.gc.ca/en/research-centre/kentville-research-and-development-centre</a>"		https://profils-profiles.science.gc.ca/en/research-centre/kentville-research-and-development-centre	32 Main St, Kentville, NS B4N 1J5, Canada								kentville-research-development-centre.jpg
Eaves Hollow	45.07186710000001	-64.4779472	Landmark	Historic	"<b>Eaves Hollow</b><br><i>19 Main St, Kentville, NS B4N 3C5, Canada</i><br><a href=""https://kentville.ca/parks-and-recreation/biking-and-cycling"">https://kentville.ca/parks-and-recreation/biking-and-cycling</a>"		https://kentville.ca/parks-and-recreation/biking-and-cycling	19 Main St, Kentville, NS B4N 3C5, Canada								eaves-hollow.jpg
Miner's Marsh Hiking Trail	45.079692	-64.48576539999999	Landmark	Historic	<b>Miner's Marsh Hiking Trail</b><br><i>11 Fox Hollow Dr #5, Kentville, NS B4N 5R2, Canada</i>			11 Fox Hollow Dr #5, Kentville, NS B4N 5R2, Canada	closed	closed	closed	closed	closed	closed	F: 00:00 T: 24:00	miner-s-marsh-hiking-trail.jpg
Oakdene Park	45.0842697	-64.4920199	Landmark	Historic	"<b>Oakdene Park</b><br><i>46 Campbell Rd, Kentville, NS B4N 1Y1, Canada</i><br>Tel: (902) 679-2539<br><a href=""https://www.kentville.ca/parks-and-recreation/parks/oakdene-park"">https://www.kentville.ca/parks-and-recreation/parks/oakdene-park</a>"	(902) 679-2539	https://www.kentville.ca/parks-and-recreation/parks/oakdene-park	46 Campbell Rd, Kentville, NS B4N 1Y1, Canada	F: 11:00 T: 19:00	F: 11:00 T: 19:00	F: 11:00 T: 19:00	F: 11:00 T: 19:00	F: 11:00 T: 19:00	F: 11:00 T: 19:00	F: 11:00 T: 19:00	oakdene-park.jpg
Hennigar's Farm Market	45.085269	-64.3864012	Landmark	Historic	"<b>Hennigar's Farm Market</b><br><i>10272, Nova Scotia Trunk 1, Wolfville, NS B4P 2R2, Canada</i><br>Tel: (902) 542-3503<br><a href=""https://hennigars.com/"">https://hennigars.com/</a>"	(902) 542-3503	https://hennigars.com/	10272, Nova Scotia Trunk 1, Wolfville, NS B4P 2R2, Canada	F: 08:00 T: 21:00	F: 08:00 T: 21:00	F: 08:00 T: 21:00	F: 08:00 T: 21:00	F: 08:00 T: 21:00	F: 08:00 T: 21:00	F: 08:00 T: 21:00	hennigar-s-farm-market.jpg
Gourmet by Nature Wild Food and Tours	45.112506	-64.41804499999999	Landmark	Historic	<b>Gourmet by Nature Wild Food and Tours</b><br><i>1365 Church St, Port Williams, NS B0P 1T0, Canada</i>			1365 Church St, Port Williams, NS B0P 1T0, Canada								
NSCC - Kingstec Campus	45.0856569	-64.4814863	Landmark	Education	"<b>NSCC - Kingstec Campus</b><br><i>236 Belcher St, Kentville, NS B4N 0A6, Canada</i><br>Tel: (902) 678-7341<br><a href=""https://www.nscc.ca/"">https://www.nscc.ca/</a>"	(902) 678-7341	https://www.nscc.ca/	236 Belcher St, Kentville, NS B4N 0A6, Canada	F: 07:00 T: 22:00	F: 07:00 T: 22:00	F: 07:00 T: 22:00	F: 07:00 T: 22:00	F: 07:00 T: 20:00	F: 09:00 T: 17:00	closed	nscc-kingstec-campus.jpg
Cineplex Cinemas New Minas	45.06767809999999	-64.46304649999999	Landmark	Cultural	"<b>Cineplex Cinemas New Minas</b> — Modern multiplex cinema chain screening the latest Hollywood films, plus new independent releases.<br><i>8944 Commercial St, New Minas, NS B4N 3C9, Canada</i><br>Tel: (902) 681-8080<br><a href=""http://www.cineplex.com/Theatre/cineplex-cinemas-new-minas?utm_source=google&utm_medium=organic&utm_campaign=local&utm_content=CPXNewMinas"">http://www.cineplex.com/Theatre/cineplex-cinemas-new-minas?utm_source=google&utm_medium=organic&utm_campaign=local&utm_content=CPXNewMinas</a>"	(902) 681-8080	http://www.cineplex.com/Theatre/cineplex-cinemas-new-minas?utm_source=google&utm_medium=organic&utm_campaign=local&utm_content=CPXNewMinas	8944 Commercial St, New Minas, NS B4N 3C9, Canada	F: 14:30 T: 19:15	F: 14:30 T: 19:15	F: 14:30 T: 19:15	F: 14:30 T: 19:15	F: 14:30 T: 22:05	F: 11:30 T: 22:05	F: 11:30 T: 19:15	cineplex-cinemas-new-minas.jpg
Kentville	45.0771182	-64.49428259999999	Landmark	Landmark	"<b>Kentville</b><br><i>Kentville, NS, Canada</i><br><a href=""http://www.kentville.ca/"">http://www.kentville.ca/</a>"		http://www.kentville.ca/	Kentville, NS, Canada								kentville.jpg
The UPS Store	45.0686995	-64.4559975	Landmark	Landmark	"<b>The UPS Store</b> — Store offering shipping, packaging, printing & other services, plus office supplies.<br><i>9049 Commercial St New Minas Plaza, New Minas, NS B4N 3E3, Canada</i><br>Tel: (902) 681-1829<br><a href=""http://theupsstore.ca/198"">http://theupsstore.ca/198</a>"	(902) 681-1829	http://theupsstore.ca/198	9049 Commercial St New Minas Plaza, New Minas, NS B4N 3E3, Canada	F: 08:30 T: 18:00	F: 08:30 T: 18:00	F: 08:30 T: 18:00	F: 08:30 T: 18:00	F: 08:30 T: 18:00	F: 10:00 T: 15:00	closed	the-ups-store.jpg
U-Haul Neighborhood Dealer	45.0927633	-64.4919658	Landmark	Landmark	"<b>U-Haul Neighborhood Dealer</b><br><i>139 Nichols Ave, Kentville, NS B4N 5E4, Canada</i><br>Tel: (902) 678-1941<br><a href=""https://www.uhaul.com/Locations/Truck-Rentals-near-Kentville-NS-B4N5E4/058409/?utm_source=gmb&utm_medium=primary&utm_campaign=uhaulsmlm&utm_content=058409"">https://www.uhaul.com/Locations/Truck-Rentals-near-Kentville-NS-B4N5E4/058409/?utm_source=gmb&utm_medium=primary&utm_campaign=uhaulsmlm&utm_content=058409</a>"	(902) 678-1941	https://www.uhaul.com/Locations/Truck-Rentals-near-Kentville-NS-B4N5E4/058409/?utm_source=gmb&utm_medium=primary&utm_campaign=uhaulsmlm&utm_content=058409	139 Nichols Ave, Kentville, NS B4N 5E4, Canada	F: 08:00 T: 17:00	F: 08:00 T: 17:00	F: 08:00 T: 17:00	F: 08:00 T: 17:00	F: 08:00 T: 17:00	F: 08:00 T: 14:00	F: 10:00 T: 14:00	u-haul-neighborhood-dealer.jpg
Dollarama	45.06865699999999	-64.45646599999999	Landmark	Landmark	"<b>Dollarama</b><br><i>9049 Commercial St New Minas Court, New Minas, NS B4N 5A4, Canada</i><br>Tel: (888) 365-4266<br><a href=""https://www.dollarama.com/en-CA/locations/ns/new-minas-9049-commercial-st?utm_source=G&utm_medium=LPM&utm_campaign=Dollarama"">https://www.dollarama.com/en-CA/locations/ns/new-minas-9049-commercial-st?utm_source=G&utm_medium=LPM&utm_campaign=Dollarama</a>"	(888) 365-4266	https://www.dollarama.com/en-CA/locations/ns/new-minas-9049-commercial-st?utm_source=G&utm_medium=LPM&utm_campaign=Dollarama	9049 Commercial St New Minas Court, New Minas, NS B4N 5A4, Canada	F: 08:00 T: 21:00	F: 08:00 T: 21:00	F: 08:00 T: 21:00	F: 08:00 T: 21:00	F: 08:00 T: 21:00	F: 08:00 T: 21:00	F: 08:00 T: 21:00	dollarama.jpg
The Head Shoppe - New Minas	45.06872980000001	-64.4568558	Landmark	Landmark	"<b>The Head Shoppe - New Minas</b><br><i>Kings, Subd. C, 9049 Commercial St, Kings County, NS B4N 3E6, Canada</i><br>Tel: (902) 681-1355<br><a href=""https://www.headshoppe.ca/"">https://www.headshoppe.ca/</a>"	(902) 681-1355	https://www.headshoppe.ca/	Kings, Subd. C, 9049 Commercial St, Kings County, NS B4N 3E6, Canada	F: 09:00 T: 21:00	F: 09:00 T: 21:00	F: 09:00 T: 21:00	F: 09:00 T: 21:00	F: 09:00 T: 17:00	F: 09:00 T: 16:00	closed	the-head-shoppe-new-minas.jpg
Mud Creek Medical	45.068817	-64.47059999999999	Landmark	Landmark	"<b>Mud Creek Medical</b><br><i>21 Roy Ave, New Minas, NS B4N 3R7, Canada</i><br>Tel: (902) 542-3633<br><a href=""https://mudcreekmedical.ca/"">https://mudcreekmedical.ca/</a>"	(902) 542-3633	https://mudcreekmedical.ca/	21 Roy Ave, New Minas, NS B4N 3R7, Canada	F: 09:00 T: 15:30	F: 09:00 T: 15:30	F: 09:00 T: 19:30	F: 09:00 T: 19:30	F: 09:00 T: 14:00	closed	closed	
Noggins Corner Farm Market	45.0828115	-64.4027855	Landmark	Landmark	"<b>Noggins Corner Farm Market</b><br><i>10009 Nova Scotia Trunk 1, Wolfville, NS B4P 2R2, Canada</i><br>Tel: (902) 542-5515<br><a href=""http://www.nogginsfarm.ca/"">http://www.nogginsfarm.ca/</a>"	(902) 542-5515	http://www.nogginsfarm.ca/	10009 Nova Scotia Trunk 1, Wolfville, NS B4P 2R2, Canada	F: 08:00 T: 20:00	F: 08:00 T: 20:00	F: 08:00 T: 20:00	F: 08:00 T: 20:00	F: 08:00 T: 20:00	F: 08:00 T: 20:00	F: 08:00 T: 20:00	noggins-corner-farm-market.jpg
Scotiabank	45.06751329999999	-64.4519512	Landmark	Landmark	"<b>Scotiabank</b><br><i>9129 Commercial St, New Minas, NS B4N 3E6, Canada</i><br>Tel: (902) 681-6108<br><a href=""https://locator.scotiabank.com/branch/41053"">https://locator.scotiabank.com/branch/41053</a>"	(902) 681-6108	https://locator.scotiabank.com/branch/41053	9129 Commercial St, New Minas, NS B4N 3E6, Canada	F: 09:30 T: 17:00	F: 09:30 T: 17:00	F: 09:30 T: 17:00	F: 09:30 T: 17:00	F: 09:30 T: 17:00	closed	closed	
GBS Technologies TELUS & Koodo	45.06656149999999	-64.4430162	Landmark	Landmark	"<b>GBS Technologies TELUS & Koodo</b><br><i>County Fair Mall, 9256 Commercial St, New Minas, NS B4N 4A9, Canada</i><br>Tel: (902) 681-1900<br><a href=""https://telusprograms.com/en-ca/campaigns/gbstechnologies/"">https://telusprograms.com/en-ca/campaigns/gbstechnologies/</a>"	(902) 681-1900	https://telusprograms.com/en-ca/campaigns/gbstechnologies/	County Fair Mall, 9256 Commercial St, New Minas, NS B4N 4A9, Canada	F: 09:30 T: 19:00	F: 09:30 T: 19:00	F: 09:30 T: 19:00	F: 09:30 T: 19:00	F: 09:30 T: 19:00	F: 09:30 T: 18:00	closed	
Coles - County Fair Mall	45.0663914	-64.4426932	Landmark	Landmark	"<b>Coles - County Fair Mall</b><br><i>9256 Commercial St, New Minas, NS B4N 4A9, Canada</i><br>Tel: (902) 681-0880<br><a href=""https://www.indigo.ca/en-ca/store-locator/new-minas-coles-county-fair-mall.html"">https://www.indigo.ca/en-ca/store-locator/new-minas-coles-county-fair-mall.html</a>"	(902) 681-0880	https://www.indigo.ca/en-ca/store-locator/new-minas-coles-county-fair-mall.html	9256 Commercial St, New Minas, NS B4N 4A9, Canada	F: 10:00 T: 20:00	F: 10:00 T: 20:00	F: 10:00 T: 20:00	F: 10:00 T: 20:00	F: 10:00 T: 20:00	F: 10:00 T: 18:00	F: 12:00 T: 17:00	coles-county-fair-mall.jpg
Sherdon Developments	45.06682300000001	-64.4531105	Landmark	Landmark	"<b>Sherdon Developments</b><br><i>9108 Commercial St, New Minas, NS B4N 3E5, Canada</i><br>Tel: (902) 681-1331<br><a href=""http://www.sherdon.ca/"">http://www.sherdon.ca/</a>"	(902) 681-1331	http://www.sherdon.ca/	9108 Commercial St, New Minas, NS B4N 3E5, Canada	F: 09:00 T: 17:00	F: 09:00 T: 17:00	F: 09:00 T: 17:00	F: 09:00 T: 17:00	F: 09:00 T: 17:00	F: 09:00 T: 17:00	closed	
Sherdon Self Storage	45.06733	-64.453029	Landmark	Landmark	"<b>Sherdon Self Storage</b><br><i>9108 Commercial St, New Minas, NS B4N 3E5, Canada</i><br>Tel: (902) 681-1331<br><a href=""http://www.sherdonstorage.ca/"">http://www.sherdonstorage.ca/</a>"	(902) 681-1331	http://www.sherdonstorage.ca/	9108 Commercial St, New Minas, NS B4N 3E5, Canada	F: 09:00 T: 17:00	F: 09:00 T: 17:00	F: 09:00 T: 17:00	F: 09:00 T: 17:00	F: 09:00 T: 17:00	closed	closed	sherdon-self-storage.jpg
Valley Power Products	45.0693682	-64.466045	Landmark	Landmark	"<b>Valley Power Products</b><br><i>9 Nova Dr, New Minas, NS B4N 3G7, Canada</i><br>Tel: (902) 681-0700<br><a href=""https://www.valleypower.ca/"">https://www.valleypower.ca/</a>"	(902) 681-0700	https://www.valleypower.ca/	9 Nova Dr, New Minas, NS B4N 3G7, Canada	F: 07:30 T: 17:00	F: 07:30 T: 17:00	F: 07:30 T: 17:00	F: 07:30 T: 17:00	F: 07:30 T: 17:00	closed	closed	
Raymond James Ltd	45.06885429999999	-64.46582339999999	Landmark	Landmark	"<b>Raymond James Ltd</b><br><i>8903 Commercial St, New Minas, NS B4N 3E1, Canada</i><br>Tel: (902) 679-2881<br><a href=""http://www.raymondjames.ca/"">http://www.raymondjames.ca/</a>"	(902) 679-2881	http://www.raymondjames.ca/	8903 Commercial St, New Minas, NS B4N 3E1, Canada	F: 09:00 T: 17:00	F: 09:00 T: 17:00	F: 09:00 T: 17:00	F: 09:00 T: 17:00	F: 09:00 T: 17:00	closed	closed	
Irving Oil	45.0569753	-64.4705366	Landmark	Landmark	"<b>Irving Oil</b><br><i>5477 Prospect Rd, Hwy 101 W Exit 12, New Minas, NS B4N 3K9, Canada</i><br>Tel: (902) 681-0224<br><a href=""https://www.irvingoil.com/location/irving-oil-26896?utm_source=G&utm_medium=lpm&utm_campaign=irving"">https://www.irvingoil.com/location/irving-oil-26896?utm_source=G&utm_medium=lpm&utm_campaign=irving</a>"	(902) 681-0224	https://www.irvingoil.com/location/irving-oil-26896?utm_source=G&utm_medium=lpm&utm_campaign=irving	5477 Prospect Rd, Hwy 101 W Exit 12, New Minas, NS B4N 3K9, Canada	closed	closed	closed	closed	closed	closed	F: 00:00 T: 24:00	irving-oil.jpg
First Choice Hair	45.068871	-64.464141	Landmark	Landmark	"<b>First Choice Hair</b><br><i>8927 Commercial St, New Minas, NS B4N 3E1, Canada</i><br>Tel: (902) 681-2112<br><a href=""https://www.firstchoice.com/locations/nearme/haircut/ns/new-minas/8927-commercial-st/51071"">https://www.firstchoice.com/locations/nearme/haircut/ns/new-minas/8927-commercial-st/51071</a>"	(902) 681-2112	https://www.firstchoice.com/locations/nearme/haircut/ns/new-minas/8927-commercial-st/51071	8927 Commercial St, New Minas, NS B4N 3E1, Canada	F: 09:00 T: 18:00	F: 09:00 T: 18:00	F: 09:00 T: 18:00	F: 09:00 T: 18:00	F: 09:00 T: 18:00	F: 09:00 T: 17:00	closed	first-choice-hair.jpg
Nova Scotia Fisherman Skincare	45.067781	-64.4501981	Landmark	Landmark	"<b>Nova Scotia Fisherman Skincare</b><br><i>15 Jones Rd, New Minas, NS B4N 3N2, Canada</i><br>Tel: (888) 681-1362<br><a href=""http://www.novascotiafisherman.com/"">http://www.novascotiafisherman.com/</a>"	(888) 681-1362	http://www.novascotiafisherman.com/	15 Jones Rd, New Minas, NS B4N 3N2, Canada	F: 07:00 T: 14:30	F: 07:00 T: 14:30	F: 07:00 T: 14:30	F: 07:00 T: 14:30	F: 07:00 T: 14:30	closed	closed	nova-scotia-fisherman-skincare.jpg
ABLE Engineering & Land Surveying Services	45.067456	-64.45014119999999	Landmark	Landmark	"<b>ABLE Engineering & Land Surveying Services</b><br><i>9153 Commercial St, New Minas, NS B4N 3N2, Canada</i><br>Tel: (833) 756-8433<br><a href=""http://www.ableinc.ca/"">http://www.ableinc.ca/</a>"	(833) 756-8433	http://www.ableinc.ca/	9153 Commercial St, New Minas, NS B4N 3N2, Canada	F: 08:00 T: 17:00	F: 08:00 T: 17:00	F: 08:00 T: 17:00	F: 08:00 T: 17:00	F: 08:00 T: 17:00	closed	closed	able-engineering-land-surveying-services.jpg
H&R Block	45.0682976	-64.44009009999999	Landmark	Landmark	"<b>H&R Block</b><br><i>54 Silver Fox Ave Unit 11, New Minas, NS B4N 0E4, Canada</i><br>Tel: (902) 681-2201<br><a href=""https://www.hrblock.ca/stores/54-silver-fox-avenue-11/"">https://www.hrblock.ca/stores/54-silver-fox-avenue-11/</a>"	(902) 681-2201	https://www.hrblock.ca/stores/54-silver-fox-avenue-11/	54 Silver Fox Ave Unit 11, New Minas, NS B4N 0E4, Canada	F: 10:00 T: 16:00	F: 10:00 T: 16:00	F: 10:00 T: 16:00	F: 10:00 T: 16:00	F: 10:00 T: 16:00	closed	closed	h-r-block.jpg
Kings County Adult High School	45.0678697	-64.4493476	Landmark	Landmark	"<b>Kings County Adult High School</b><br><i>18 Jones Rd, New Minas, NS B4N 3N1, Canada</i><br>Tel: (902) 681-4930<br><a href=""http://www.kcahs.ednet.ns.ca/"">http://www.kcahs.ednet.ns.ca/</a>"	(902) 681-4930	http://www.kcahs.ednet.ns.ca/	18 Jones Rd, New Minas, NS B4N 3N1, Canada								
Fairstone	45.0683921	-64.4644078	Landmark	Landmark	"<b>Fairstone</b><br><i>8927 Commercial St #1, New Minas, NS B4N 3E2, Canada</i><br>Tel: (902) 681-1616<br><a href=""https://branches.fairstone.ca/ns/newminas/8927-commercial-st.-unit-1-670029.html"">https://branches.fairstone.ca/ns/newminas/8927-commercial-st.-unit-1-670029.html</a>"	(902) 681-1616	https://branches.fairstone.ca/ns/newminas/8927-commercial-st.-unit-1-670029.html	8927 Commercial St #1, New Minas, NS B4N 3E2, Canada	F: 09:00 T: 17:30	F: 09:00 T: 17:30	F: 09:00 T: 17:30	F: 09:00 T: 19:00	F: 09:00 T: 17:00	closed	closed	fairstone.jpg
Gates Insurance Agency Limited	45.0695196	-64.4737691	Landmark	Landmark	"<b>Gates Insurance Agency Limited</b><br><i>28 Kentucky Ct, New Minas, NS B4N 4N2, Canada</i><br>Tel: (902) 681-1234<br><a href=""https://gatesinsurance.ca/"">https://gatesinsurance.ca/</a>"	(902) 681-1234	https://gatesinsurance.ca/	28 Kentucky Ct, New Minas, NS B4N 4N2, Canada	F: 09:00 T: 16:30	F: 09:00 T: 16:30	F: 09:00 T: 16:30	F: 09:00 T: 16:30	F: 09:00 T: 16:30	closed	closed	gates-insurance-agency-limited.jpg
Money Mart	45.06707050000001	-64.4527174	Landmark	Landmark	"<b>Money Mart</b><br><i>9114A Commercial St, New Minas, NS B4N 3E5, Canada</i><br>Tel: (902) 678-3033<br><a href=""https://www.moneymart.ca/en/branch/90651/9114a-commercial-street"">https://www.moneymart.ca/en/branch/90651/9114a-commercial-street</a>"	(902) 678-3033	https://www.moneymart.ca/en/branch/90651/9114a-commercial-street	9114A Commercial St, New Minas, NS B4N 3E5, Canada	F: 09:00 T: 21:00	F: 09:00 T: 21:00	F: 09:00 T: 21:00	F: 09:00 T: 21:00	F: 09:00 T: 21:00	F: 09:00 T: 17:00	closed	money-mart.jpg
Heritage Memorials Ltd	45.0710054	-64.4722846	Landmark	Landmark	"<b>Heritage Memorials Ltd</b><br><i>8777 Commercial St, New Minas, NS B4N 3C4, Canada</i><br>Tel: (902) 681-1836<br><a href=""https://heritagememorials.com/"">https://heritagememorials.com/</a>"	(902) 681-1836	https://heritagememorials.com/	8777 Commercial St, New Minas, NS B4N 3C4, Canada	F: 09:00 T: 17:00	F: 09:00 T: 17:00	F: 09:00 T: 17:00	F: 09:00 T: 17:00	F: 09:00 T: 17:00	closed	closed	heritage-memorials-ltd.jpg
New Minas Bark Park	45.057184	-64.469235	Nature	Park	"<b>New Minas Bark Park</b><br><i>477 Prospect Rd, New Minas, NS B4N 3K9, Canada</i><br>Tel: (902) 702-3655<br><a href=""https://www.irvingoil.com/en-CA/location/irving-oil-26266?utm_source=G&utm_medium=lpm&utm_campaign=irving"">https://www.irvingoil.com/en-CA/location/irving-oil-26266?utm_source=G&utm_medium=lpm&utm_campaign=irving</a>"	(902) 702-3655	https://www.irvingoil.com/en-CA/location/irving-oil-26266?utm_source=G&utm_medium=lpm&utm_campaign=irving	477 Prospect Rd, New Minas, NS B4N 3K9, Canada	closed	closed	closed	closed	closed	closed	F: 00:00 T: 24:00	new-minas-bark-park.jpg
Lockhart Ryan Memorial Park	45.0759505	-64.4373916	Nature	Park	<b>Lockhart Ryan Memorial Park</b><br><i>9443 Commercial St, New Minas, NS B4N 3G3, Canada</i>			9443 Commercial St, New Minas, NS B4N 3G3, Canada								lockhart-ryan-memorial-park.jpg
Lonnie Milne Memorial Park	45.0611713	-64.45150579999999	Nature	Park	"<b>Lonnie Milne Memorial Park</b><br><i>New Minas, NS B4N 4J2, Canada</i><br><a href=""http://newminas.com/"">http://newminas.com/</a>"		http://newminas.com/	New Minas, NS B4N 4J2, Canada	closed	closed	closed	closed	closed	closed	F: 00:00 T: 24:00	lonnie-milne-memorial-park.jpg
King Arthur Park	45.0646135	-64.4666124	Nature	Park	<b>King Arthur Park</b><br><i>72 King Arthur Ct, New Minas, NS B4N 5J8, Canada</i>			72 King Arthur Ct, New Minas, NS B4N 5J8, Canada	closed	closed	closed	closed	closed	closed	F: 00:00 T: 24:00	king-arthur-park.jpg
Hidden Valley	45.055354	-64.44751939999999	Nature	Park	<b>Hidden Valley</b><br><i>Kings County, NS B4N 5K6, Canada</i>			Kings County, NS B4N 5K6, Canada								hidden-valley.jpg
Fox Hill Community Park	45.0815494	-64.47422569999999	Nature	Park	<b>Fox Hill Community Park</b><br><i>Kentville, NS B4N 5J4, Canada</i>			Kentville, NS B4N 5J4, Canada								fox-hill-community-park.jpg
Marshview Dog Park	45.0719664	-64.47760540000002	Nature	Park	"<b>Marshview Dog Park</b><br><i>Kentville, NS B4N 3C5, Canada</i><br><a href=""https://kentville.ca/dogpark"">https://kentville.ca/dogpark</a>"		https://kentville.ca/dogpark	Kentville, NS B4N 3C5, Canada	F: 06:00 T: 21:00	F: 06:00 T: 21:00	F: 06:00 T: 21:00	F: 06:00 T: 21:00	F: 06:00 T: 21:00	F: 06:00 T: 21:00	F: 06:00 T: 21:00	marshview-dog-park.jpg
Abraham Gesner Monument	45.0988525	-64.4762488	Nature	Park	<b>Abraham Gesner Monument</b><br><i>Kings County, NS B0P 1T0, Canada</i>			Kings County, NS B0P 1T0, Canada	closed	closed	closed	closed	closed	closed	F: 00:00 T: 24:00	abraham-gesner-monument.jpg
Kentville Centre Square	45.0776457	-64.4954978	Nature	Park	"<b>Kentville Centre Square</b><br><i>389 Main St, Kentville, NS B4N 1H7, Canada</i><br><a href=""https://kentville.ca/"">https://kentville.ca/</a>"		https://kentville.ca/	389 Main St, Kentville, NS B4N 1H7, Canada	closed	closed	closed	closed	closed	closed	F: 00:00 T: 24:00	kentville-centre-square.jpg
Port Williams Park	45.1009466	-64.4103396	Nature	Park	"<b>Port Williams Park</b><br><i>1084 NS-358, Port Williams, NS B0P 1T0, Canada</i><br>Tel: (902) 542-4411<br><a href=""https://www.portwilliams.com/community/port-williams-community-park"">https://www.portwilliams.com/community/port-williams-community-park</a>"	(902) 542-4411	https://www.portwilliams.com/community/port-williams-community-park	1084 NS-358, Port Williams, NS B0P 1T0, Canada	F: 09:00 T: 13:00	F: 09:00 T: 13:00	F: 09:00 T: 13:00	F: 09:00 T: 13:00	F: 09:00 T: 13:00	closed	closed	port-williams-park.jpg
Port Williams Picnic Park	45.109512	-64.43277160000001	Nature	Park	<b>Port Williams Picnic Park</b><br><i>1105 Church St, Port Williams, NS B0P 1T0, Canada</i>			1105 Church St, Port Williams, NS B0P 1T0, Canada	closed	closed	closed	closed	closed	closed	F: 00:00 T: 24:00	
Kentville Trail System	45.0785922	-64.50527939999999	Nature	Park	<b>Kentville Trail System</b><br><i>575 W Main St, Kentville, NS B4N 1L9, Canada</i>			575 W Main St, Kentville, NS B4N 1L9, Canada								kentville-trail-system.jpg
Hancock Brook	45.0831243	-64.4152132	Nature	Natural Feature	<b>Hancock Brook</b><br><i>Hancock Brook, Kings County, NS B4P 0N5, Canada</i>			Hancock Brook, Kings County, NS B4P 0N5, Canada								
Hellgate Falls	45.0445556	-64.40912589999999	Nature	Natural Feature	<b>Hellgate Falls</b><br><i>Hellgate Falls, Kings County, NS B4P 2R2, Canada</i>			Hellgate Falls, Kings County, NS B4P 2R2, Canada								hellgate-falls.jpg
McGowan Brook	45.1165249	-64.4484787	Nature	Natural Feature	<b>McGowan Brook</b><br><i>McGowan Brook, Kings County, NS B0P 1T0, Canada</i>			McGowan Brook, Kings County, NS B0P 1T0, Canada								
Upper Dyke	45.1146816	-64.46600459999999	Nature	Natural Feature	<b>Upper Dyke</b><br><i>Upper Dyke, Kings County, NS B0P 1J0, Canada</i>			Upper Dyke, Kings County, NS B0P 1J0, Canada								
Middle Dyke	45.11490189999999	-64.4653052	Nature	Natural Feature	<b>Middle Dyke</b><br><i>Middle Dyke, Kings County, NS B0P 1J0, Canada</i>			Middle Dyke, Kings County, NS B0P 1J0, Canada								
Golf Links Brook	45.0832833	-64.4320278	Nature	Natural Feature	<b>Golf Links Brook</b><br><i>Golf Links Brook, Kings County, NS B0P 1T0, Canada</i>			Golf Links Brook, Kings County, NS B0P 1T0, Canada								
Mill Brook	45.0833766	-64.4822062	Nature	Natural Feature	<b>Mill Brook</b><br><i>Mill Brook, Kentville, NS B4N 5R2, Canada</i>			Mill Brook, Kentville, NS B4N 5R2, Canada								
The Hellgate	45.0478718	-64.4127232	Nature	Natural Feature	<b>The Hellgate</b><br><i>The Hellgate, Kings County, NS B4P 2R2, Canada</i>			The Hellgate, Kings County, NS B4P 2R2, Canada								the-hellgate.jpg
White Rock Pond	45.0530502	-64.4045757	Nature	Natural Feature	<b>White Rock Pond</b><br><i>White Rock Pond, Kings County, NS B4P 2R1, Canada</i>			White Rock Pond, Kings County, NS B4P 2R1, Canada								white-rock-pond.jpg
Wolfville Ridge	45.06681239999999	-64.3911651	Nature	Natural Feature	<b>Wolfville Ridge</b><br><i>Wolfville Ridge, Kings County, NS B4P 2R2, Canada</i>			Wolfville Ridge, Kings County, NS B4P 2R2, Canada								
