Business Name	First Name	Last Name	Email Address	Website	Phone	Category	Sub Category	street	town	post code	country	lat	lng	Original 'Street Address	on_website	Monday	Tuesday	Wednesday	Thursday	Friday	Saturday	Sunday	blurb	image_file	org_map_name	card_layout		iframe
Annapolis Blossom Gallery Consignment	Cherie	Brad	bradcherie@hotmail.ca		902-678-4761	Business	Shops	484 Main St	Kentville	NS B4N 1L3	Canada	45.077408	-64.5000424	484 Main Street  Kentville, CA B4N 1K9	True	F: 10:00 T: 17:30	F: 10:00 T: 17:30	F: 10:00 T: 17:30	F: 10:00 T: 17:30	F: 10:00 T: 17:30	F: 10:00 T: 17:00	closed	<b>Annapolis Blossom Gallery Consignment</b> — A treasure trove of consignment finds in Downtown Kentville. Unique home décor, art, and vintage pieces at great prices. Sustainable shopping that's easy on your wallet and the planet.	Annapolis_Blossom_Gallery_Consignment.jpg	business-map	image		
Bloom Box	Ruth	Wright	bloomboxflorist@yahoo.ca	http://www.bloombox.ca/	(902) 681-3644	Business	Shops	37 Evangeline Trl	Kentville	NS B4N 2E2	Canada	45.0777927	-64.4940166	37 Evangeline Trail, Kentville, NS B4N 2E1	True	F: 10:00 T: 17:30	F: 10:00 T: 17:30	F: 10:00 T: 17:30	F: 10:00 T: 17:30	F: 10:00 T: 17:30	F: 10:00 T: 17:00	closed	<b>Bloom Box</b> — Beautiful blooms and creative floral arrangements for every occasion. From everyday bouquets to wedding flowers, Bloom Box brings colour and joy to Downtown Kentville.	Bloom_Box.jpg	business-map	image		
Park Street Ultramar	Jatinderjeet	Singh	jipsfuel@gmail.com	https://www.ultramar.ca/en-on/?utm_source=G&utm_medium=lpm&utm_campaign=parkland	289-886-1685	Business	Automotive / Mechanical	11 Park St	Kentville	NS B4N 1L9	Canada	45.0779779	-64.5047551	11 Park Street, Kentville	False	F: 6:00 T: 22:00	F: 6:00 T: 22:00	F: 6:00 T: 22:00	F: 6:00 T: 22:00	F: 6:00 T: 22:00	F: 6:00 T: 22:00	F: 7:00 T: 21:00	<b>Park Street Ultramar</b> — Reliable automotive and mechanical services in Kentville. Trusted by the community for quality workmanship, honest advice, and keeping you safely on the road.<br><i>📍 11 Park St</i> &nbsp;|&nbsp; 📞 289-886-1685 &nbsp;|&nbsp; 🌐 www.ultramar.ca/en-on/?utm_source=G&utm_medium=lpm&utm_campaign=parkland	Park_Street_Ultramar.jpg	business-map	image		
Wholesum Refillery	Krista	McDonald	wholesumrefillery@gmail.com	https://www.wholesumrefillery.com/	(902) 679-1518	Business	Shops	19 Aberdeen St	Kentville	NS B4N 2M9	Canada	45.0776619	-64.496445	19 Aberdeen St Kentville	True	F: 10:00 T: 17:30	F: 10:00 T: 17:30	F: 10:00 T: 17:30	F: 10:00 T: 17:30	F: 10:00 T: 17:30	F: 10:00 T: 17:00	closed	<b>Wholesum Refillery</b> — Kentville's zero-waste refill shop. Bring your own containers and fill up on eco-friendly household, personal care, and pantry products. Small steps, big impact for the planet.	Wholesum_Refillery.jpg	business-map	image		
Wilsons Pharmasave	Nancy	Walsh	nancy@macquarries.com	http://pharmasave.com/store/pharmasave-wilsons-2/	902-365-6655	Business	Groceries / Pharmacy	100 Station Ln	Kentville	NS B4N 0A3	Canada	45.0792183	-64.4972875	100 Station Lane Kentville	True	F: 8:00 T: 21:00	F: 8:00 T: 21:00	F: 8:00 T: 21:00	F: 8:00 T: 21:00	F: 8:00 T: 21:00	F: 8:00 T: 21:00	F: 10:00 T: 18:00	<b>Wilsons Pharmasave</b> — Serving the daily needs of the Kentville community with a wide selection of products, friendly staff, and convenient hours. Your neighbourhood destination for essentials and more.<br><i>📍 100 Station Ln</i> &nbsp;|&nbsp; 📞 902-365-6655 &nbsp;|&nbsp; 🌐 pharmasave.com/store/pharmasave-wilsons-2	Wilsons_Pharmasave.jpg	business-map	image		
Ametora Supply	Alex / Margaret	Pearson	ametorasupply@gmail.com	https://www.ametorasupply.ca/	(902) 401-4016	Business	Shops	13 River St	Kentville	NS B4N 1G8	Canada	45.0798784	-64.4956071	13 River Street, Kentville	True	F: 10:00 T: 17:30	F: 10:00 T: 17:30	F: 10:00 T: 17:30	F: 10:00 T: 17:30	F: 10:00 T: 17:30	F: 10:00 T: 17:00	closed	<b>Ametora Supply</b> — Curated menswear and lifestyle goods with a refined, contemporary aesthetic. Quality fabrics, thoughtful design, and brands that stand the test of time. A downtown destination for the modern gentleman.	Ametora_Supply.jpg	business-map	image		
Brad's Decor Centre	Mark	Paish	markpaish@icloud.com	https://www.bradsdecorcentre.ca/	+1 902 681 6000	Business	Shops	401 Main St	Kentville	NS B4N	Canada	45.0773472	-64.4960829	401 Main Street    Kentville  NS  B4N 1K7  CA	True	F: 10:00 T: 17:30	F: 10:00 T: 17:30	F: 10:00 T: 17:30	F: 10:00 T: 17:30	F: 10:00 T: 17:30	F: 10:00 T: 17:00	closed	<b>Brad's Decor Centre</b> — A welcoming retail destination in Downtown Kentville offering a curated selection of quality products and friendly, knowledgeable service. Stop by and discover something special on your next visit to Main Street.<br><i>📍 401 Main St</i> &nbsp;|&nbsp; 📞 +1 902 681 6000 &nbsp;|&nbsp; 🌐 www.bradsdecorcentre.ca	Brads_Decor_Centre.jpg	business-map	image		
Cleveland Carpet One Floor & Home	Debbie	Chisholm	debbiechisholm6@hotmail.com; clevelandcarpetone@hotmail.com	http://www.clevelandcarpetonekentville.com	902-678-4700	Business	Shops	38 River St	Kentville	NS B4N 1G9	Canada	45.0795221	-64.4965177	38 River Street    Kentville  NS  B4N 1G9  CA	True	F: 10:00 T: 17:30	F: 10:00 T: 17:30	F: 10:00 T: 17:30	F: 10:00 T: 17:30	F: 10:00 T: 17:30	F: 10:00 T: 17:00	closed	<b>Cleveland Carpet One Floor & Home</b> — A welcoming retail destination in Downtown Kentville offering a curated selection of quality products and friendly, knowledgeable service. Stop by and discover something special on your next visit to Main Street.<br><i>📍 38 River St</i> &nbsp;|&nbsp; 📞 902-678-4700 &nbsp;|&nbsp; 🌐 www.clevelandcarpetonekentville.com	Cleveland_Carpet_One_Floor_Home.jpg	business-map	image		
D.M. Reid Jewellers	Dave	Reid	davereid@ns.aliantzinc.ca	http://www.reidjewellers.ca	902-679-0762	Business	Shops	365 Main St	Kentville	NS B4N 1K7	Canada	45.0771145	-64.4952383	365 Main Street    Kentville  NS  B4N 1K7  CA	True	F: 10:00 T: 17:30	F: 10:00 T: 17:30	F: 10:00 T: 17:30	F: 10:00 T: 17:30	F: 10:00 T: 17:30	F: 10:00 T: 17:00	closed	<b>D.M. Reid Jewellers</b> — Fine jewellery, custom design, and expert repairs in Downtown Kentville. A trusted name for engagement rings, gifts, and heirloom pieces. Serving the Valley for generations.	DM_Reid_Jewellers.jpg	business-map	image		
Freedom Miniatures	Shelly	Acker	freedomminiatures@hotmail.com	https://freedomminiatures.com/	(902) 698-3673	Business	Shops	45 Webster St	Kentville	NS B4N 1H4	Canada	45.0783112	-64.4954695	45 Webster Street    Kentville  Nova Scotia  B4N 1 H4  CA	True	F: 10:00 T: 17:30	F: 10:00 T: 17:30	F: 10:00 T: 17:30	F: 10:00 T: 17:30	F: 10:00 T: 17:30	F: 10:00 T: 17:00	closed	<b>Freedom Miniatures</b> — The Annapolis Valley's destination for tabletop gaming, miniatures, and hobby supplies. Paints, models, games, and a welcoming community of fellow enthusiasts.	Freedom_Miniatures.jpg	business-map	image		
Griffin Sales & Service Ltd	Jeff	Kickham	griffins@ns.sympatico.ca		902-599-2810	Business	Shops	107 River St	Kentville	NS B4N 1G8	Canada	45.080107	-64.498487	107 River Street    Kentville  NS  B4N 0A3  CA	False	F: 10:00 T: 17:30	F: 10:00 T: 17:30	F: 10:00 T: 17:30	F: 10:00 T: 17:30	F: 10:00 T: 17:30	F: 10:00 T: 17:00	closed	<b>Griffin Sales & Service Ltd</b> — A welcoming retail destination in Downtown Kentville offering a curated selection of quality products and friendly, knowledgeable service. Stop by and discover something special on your next visit to Main Street.<br><i>📍 107 River St</i> &nbsp;|&nbsp; 📞 902-599-2810	Griffin_Sales_Service_Ltd.jpg	business-map	image		
igot Skate	Inigo	Cuartaro	igotskate.ktown@gmail.com	https://igotskate.com/	(902) 670-0596	Business	Shops	33 Park St	Kentville	NS B4N 1L9	Canada	45.0777841	-64.5057968	33 Park St, Kentville, NS B4N 1L9	True	F: 10:00 T: 17:30	F: 10:00 T: 17:30	F: 10:00 T: 17:30	F: 10:00 T: 17:30	F: 10:00 T: 17:30	F: 10:00 T: 17:00	closed	<b>igot Skate</b> — Kentville's skate shop, stocking boards, shoes, apparel, and accessories from top brands. A hub for the local skate community and anyone who rides.	igot_Skate.jpg	business-map	image		
Lawtons	Jill	Bricker	jill.seaboyer@hotmail.com			Business	Shops	363 Main St	Kentville	NS B4N 1K7	Canada	45.0773812	-64.4951301	363 Main Street Kentville	False	F: 10:00 T: 17:30	F: 10:00 T: 17:30	F: 10:00 T: 17:30	F: 10:00 T: 17:30	F: 10:00 T: 17:30	F: 10:00 T: 17:00	closed	<b>Lawtons</b> — A welcoming retail destination in Downtown Kentville offering a curated selection of quality products and friendly, knowledgeable service. Stop by and discover something special on your next visit to Main Street.<br><i>📍 363 Main St</i> &nbsp;|&nbsp;	Lawtons.jpg	business-map	image		
Lisa's Independent Grocer	Lisa	Lightfoot	llight1@yourindependentgrocer.ca		902-678-3893	Business	Groceries / Pharmacy	451 Main St	Kentville	NS B4N 1K9	Canada	45.0781011	-64.4979753	451 Main Street    Kentville  NS  B4N 1K9  CA	True	F: 8:00 T: 21:00	F: 8:00 T: 21:00	F: 8:00 T: 21:00	F: 8:00 T: 21:00	F: 8:00 T: 21:00	F: 8:00 T: 21:00	F: 10:00 T: 18:00	<b>Lisa's Independent Grocer</b> — A community-focused grocery store in Downtown Kentville. Fresh produce, local products, and the personal touch of an independent grocer who cares about quality.	Lisas_Independent_Grocer.jpg	business-map	image		
LIV Fashion Boutique	Liz	Huntley	sandandsea@sandandseadiveshop.ca	https://swimwearhutandlingerie.ca/liv-fashion-boutique/	19023653595	Business	Shops	59 Webster St	Kentville	NS B4N 1H6	Canada	45.078447	-64.495915	59 Webster St, Kentville NS B4N 1H6, Canada	True	F: 10:00 T: 17:30	F: 10:00 T: 17:30	F: 10:00 T: 17:30	F: 10:00 T: 17:30	F: 10:00 T: 17:30	F: 10:00 T: 17:00	closed	<b>LIV Fashion Boutique</b> — Trendy women's fashion and accessories in the heart of Downtown Kentville. Carefully curated collections, unique finds, and a personal shopping experience.	LIV_Fashion_Boutique.jpg	business-map	image		
Loonies & Toonies	Cathy	Walker	J.Dunn08@hotmail.com; walker.cathy05@gmail.com			Business	Shops	27 Aberdeen St	Kentville	NS B4N 2M9	Canada	45.077852	-64.4964083	27 Aberdeen St, Kentville, NS B4N 2M9	True	F: 10:00 T: 17:30	F: 10:00 T: 17:30	F: 10:00 T: 17:30	F: 10:00 T: 17:30	F: 10:00 T: 17:30	F: 10:00 T: 17:00	closed	<b>Loonies &amp; Toonies</b> — Kentville's go-to variety and dollar store. Household essentials, party supplies, toys, and everyday items at unbeatable prices.	Loonies_Toonies.jpg	business-map	image		
Mader's Tobacco Store Ltd.	Jeff	Gee	jeffscottgee@gmail.com		902-678-3816	Business	Shops	13 Aberdeen St	Kentville	NS B4N 2M9	Canada	45.07755	-64.49647	13 Aberdeen Street    Kentville  NS  B4N 2M9  CA	True	F: 10:00 T: 17:30	F: 10:00 T: 17:30	F: 10:00 T: 17:30	F: 10:00 T: 17:30	F: 10:00 T: 17:30	F: 10:00 T: 17:00	closed	<b>Mader's Tobacco Store</b> — A long-standing Kentville fixture offering tobacco products, accessories, and novelty items. A piece of Main Street history.	Maders_Tobacco_Store_Ltd.jpg	business-map	image		
New Scotland Candle Company	Mark	Beaudry	hello@newscotlandcandles.ca	http://newscotlandcandles.ca	(902) 365-2922	Business	Shops	12 Webster St	Kentville	NS B4N 1H7	Canada	45.0780218	-64.4949059	12 Webster St, Kentville, NS B4N 1H7	True	F: 10:00 T: 17:30	F: 10:00 T: 17:30	F: 10:00 T: 17:30	F: 10:00 T: 17:30	F: 10:00 T: 17:30	F: 10:00 T: 17:00	closed	<b>New Scotland Candle Company</b> — Hand-poured candles inspired by Nova Scotia. Beautifully crafted scents that capture the spirit of the Maritimes. A perfect gift or a treat for yourself.	New_Scotland_Candle_Company.jpg	business-map	image		
NSLC	Adrian (Manager) / Kodi	Guitard/ Hazlett	kodi.hazlett@mynslc.com/ Adrienne.Guitard@mynslc.com	https://www.mynslc.com/stores/store_2546	(902) 678-3858	Business	Groceries / Pharmacy	414 Main St	Kentville	NS B4N 3W4	Canada	45.076639	-64.4967463	414 Main Street    Kentville  Nova Scotia  B4N 1K8  CA	False	F: 10:00 T: 21:00	F: 10:00 T: 21:00	F: 10:00 T: 21:00	F: 10:00 T: 21:00	F: 10:00 T: 21:00	F: 10:00 T: 21:00	F: 12:00 T: 17:00	<b>NSLC</b> — Serving the daily needs of the Kentville community with a wide selection of products, friendly staff, and convenient hours. Your neighbourhood destination for essentials and more.<br><i>📍 414 Main St</i> &nbsp;|&nbsp; 📞 (902) 678-3858 &nbsp;|&nbsp; 🌐 www.mynslc.com/stores/store_2546	NSLC.jpg	business-map	image		
Occasions Gifts & Décor	Natalee	D'Aubin	lilkiwi70@hotmail.com		902-678-1234	Business	Shops	38 River St	Kentville	NS B4N 1G9	Canada	45.0795221	-64.4965177	38 River Street    Kentville  NS  B4N 1G9  CA	True	F: 10:00 T: 17:30	F: 10:00 T: 17:30	F: 10:00 T: 17:30	F: 10:00 T: 17:30	F: 10:00 T: 17:30	F: 10:00 T: 17:00	closed	<b>Occasions Gifts & Décor</b> — A welcoming retail destination in Downtown Kentville offering a curated selection of quality products and friendly, knowledgeable service. Stop by and discover something special on your next visit to Main Street.<br><i>📍 38 River St</i> &nbsp;|&nbsp; 📞 902-678-1234	Occasions_Gifts_Décor.jpg	business-map	image		
Phinneys Clothing	Andrew	Zebian	info@phinneys.ca	http://www.phinneys.ca	19026784516	Business	Shops	64 Webster St	Kentville	NS B4N 1H7	Canada	45.0780985	-64.4959642	64 Webster St, Kentville NS B4N 1H7, Canada	True	F: 10:00 T: 17:30	F: 10:00 T: 17:30	F: 10:00 T: 17:30	F: 10:00 T: 17:30	F: 10:00 T: 17:30	F: 10:00 T: 17:00	closed	<b>Phinneys Clothing</b> — Classic menswear and clothing for the whole family, serving Kentville for generations. Quality brands, personal service, and a tradition of dressing the Valley well.	Phinneys_Clothing.jpg	business-map	image		
Porter's Custom Trophy & Engraving	Jaimie	Peerless	porterstrophy@outlook.ca	http://www.porterstrophies.com	902-678-7009	Business	Shops	7 Aberdeen St	Kentville	NS B4N 2M9	Canada	45.07746	-64.496509	7 Aberdeen Street    Kentville  NS  B4N 2M9  CA	True	F: 10:00 T: 17:30	F: 10:00 T: 17:30	F: 10:00 T: 17:30	F: 10:00 T: 17:30	F: 10:00 T: 17:30	F: 10:00 T: 17:00	closed	<b>Porter's Custom Trophy & Engraving</b> — A welcoming retail destination in Downtown Kentville offering a curated selection of quality products and friendly, knowledgeable service. Stop by and discover something special on your next visit to Main Street.<br><i>📍 7 Aberdeen St</i> &nbsp;|&nbsp; 📞 902-678-7009 &nbsp;|&nbsp; 🌐 www.porterstrophies.com	Porters_Custom_Trophy_Engraving.jpg	business-map	image		
R.D. Chisholm	Mike/ Courtney	Lockhart/Boyd	mike@rdchisholm.ca; courtney@rdchisholm.ca	http://www.rdchisholm.ca	902-678-4634	Business	Shops	25 Webster St	Kentville	NS B4N 0H9	Canada	45.078264	-64.4948921	25 Webster Street    Kentville  NS  B4N 1H4  CA	True	F: 10:00 T: 17:30	F: 10:00 T: 17:30	F: 10:00 T: 17:30	F: 10:00 T: 17:30	F: 10:00 T: 17:30	F: 10:00 T: 17:00	closed	<b>R.D. Chisholm</b> — A Kentville institution and general merchandise store with deep roots in the community. From hardware to housewares, a trusted source for the things you need.	RD_Chisholm.jpg	business-map	image		
Rockwell Home Hardware	Nicole	Atwell	nicolea@rhhbc.ca	http://www.homehardware.com		Business	Shops	414 Main St	Kentville	NS B4N 3W4	Canada	45.076639	-64.4967463	414 Main Street    Kentville  NS  B4N 3W4  CA	False	F: 10:00 T: 17:30	F: 10:00 T: 17:30	F: 10:00 T: 17:30	F: 10:00 T: 17:30	F: 10:00 T: 17:30	F: 10:00 T: 17:00	closed	<b>Rockwell Home Hardware</b> — Your neighbourhood hardware store with everything for home improvement, repairs, and projects. Helpful staff who know their stuff.	Rockwell_Home_Hardware.jpg	business-map	image		
Silver Horse Florist	Sharon	King	sharon@silverhorseflorist.com	http://www.silverhorseflorist.com	902-678-4728	Business	Shops	373 Main St	Kentville	NS B4N 1K7	Canada	45.0772725	-64.4953276	373 Main Street    Kentville  NS  B4N 1K7  CA	True	F: 10:00 T: 17:30	F: 10:00 T: 17:30	F: 10:00 T: 17:30	F: 10:00 T: 17:30	F: 10:00 T: 17:30	F: 10:00 T: 17:00	closed	<b>Silver Horse Florist</b> — A welcoming retail destination in Downtown Kentville offering a curated selection of quality products and friendly, knowledgeable service. Stop by and discover something special on your next visit to Main Street.<br><i>📍 373 Main St</i> &nbsp;|&nbsp; 📞 902-678-4728 &nbsp;|&nbsp; 🌐 www.silverhorseflorist.com	Silver_Horse_Florist.jpg	business-map	image		
Simply for Life	Kennedy	Sanford	kennedy@simplyforlife.com	http://www.simplyforlife.com/kentville-clinic		Business	Shops	41 Aberdeen St #4	Kentville	NS B4N 2M9	Canada	45.0779639	-64.496391	41 Aberdeen St #4, Kentville, NS B4N 2M9	True	F: 10:00 T: 17:30	F: 10:00 T: 17:30	F: 10:00 T: 17:30	F: 10:00 T: 17:30	F: 10:00 T: 17:30	F: 10:00 T: 17:00	closed	<b>Simply for Life</b> — Nutrition coaching, healthy meal plans, and wholesome food products. A personalized approach to healthy eating and lifestyle change, right here in Downtown Kentville.	Simply_for_Life.jpg	business-map	image		
Sugarhouse Ceramics	Brett / Natasha	Bashaw / Lawyer	hello@sugarhouseceramicco.com	https://sugarhouseceramicco.com/en-ca	902-804-9300	Business	Shops	10 Webster St	Kentville	NS B4N 1H7	Canada	45.0779284	-64.4947323	10 Webster St, Kentville, NS B4N 1H7	True	F: 10:00 T: 17:30	F: 10:00 T: 17:30	F: 10:00 T: 17:30	F: 10:00 T: 17:30	F: 10:00 T: 17:30	F: 10:00 T: 17:00	closed	<b>Sugarhouse Ceramics</b> — Handcrafted pottery and ceramics made with care in Downtown Kentville. Functional art for your home — mugs, bowls, vases, and more, each one unique.	Sugarhouse_Ceramics.jpg	business-map	image		
The Black Cat Bookstore	Elise	Dunfield	theblackcatbookstore@gmail.com		(902) 678-7373	Business	Shops	373 Main St #2	Kentville	NS B4N 1K7	Canada	45.0772199	-64.49538	373 Main Street  Unit 2  Kentville  NS  B4N 1K7  CA	True	F: 10:00 T: 17:30	F: 10:00 T: 17:30	F: 10:00 T: 17:30	F: 10:00 T: 17:30	F: 10:00 T: 17:30	F: 10:00 T: 17:00	closed	<b>The Black Cat Bookstore</b> — An independent bookshop with character, curating an eclectic selection of new and used books. A cozy haven for readers in the heart of Kentville.	The_Black_Cat_Bookstore.jpg	business-map	image		
Tides Contemporary Art Gallery	Colin	Chase	tidescontemporaryart@gmail.com	https://www.tidescontemporaryartgallery.com/	902-365-3322	Business	Shops	401 Main St	Kentville	NS B4N	Canada	45.0773472	-64.4960829	401-D Main Street, Kentville, Nova Scotia, Canada B4N 2E1	True	F: 10:00 T: 17:30	F: 10:00 T: 17:30	F: 10:00 T: 17:30	F: 10:00 T: 17:30	F: 10:00 T: 17:30	F: 10:00 T: 17:00	closed	<b>Tides Contemporary Art Gallery</b> — Showcasing contemporary art by Maritime and Canadian artists. Rotating exhibitions, original works, and prints in a beautiful gallery space on Main Street.	Tides_Contemporary_Art_Gallery.jpg	business-map	image		
Valley Stove and Cycle	Bill	Harvie	Mailbag@valleystoveandcycle.com	http://www.valleystoveandcycle.com	902-542-7280	Business	Shops	353 Main St	Kentville	NS B4N 1K7	Canada	45.0772347	-64.4945984	353 Main Street    Kentville  NS  B4N 1K7  CA	True	F: 10:00 T: 17:30	F: 10:00 T: 17:30	F: 10:00 T: 17:30	F: 10:00 T: 17:30	F: 10:00 T: 17:30	F: 10:00 T: 17:00	closed	<b>Valley Stove &amp; Cycle</b> — Your source for wood stoves, pellet stoves, and bicycles in the Annapolis Valley. Expert advice, quality brands, and service you can count on.	Valley_Stove_and_Cycle.jpg	business-map	image		
Capital Paper Products Inc.	x	x	capital@capitalpaper.ca	http://www.capitalpaper.ca/	902-678-6767	Business	Specialty Services	27 Calkin Dr	Kentville	NS B4N 3V7	Canada	45.0651908	-64.5479239	27 Calkin Drive    Kentville  NS  B4N 3V7  CA	False	F: 9:00 T: 17:00	F: 9:00 T: 17:00	F: 9:00 T: 17:00	F: 9:00 T: 17:00	F: 9:00 T: 17:00	closed	closed	<b>Capital Paper Products Inc.</b> — Specialized professional services serving Kentville and the Annapolis Valley. Dedicated expertise and personalized attention for your unique needs.<br><i>📍 27 Calkin Dr</i> &nbsp;|&nbsp; 📞 902-678-6767 &nbsp;|&nbsp; 🌐 www.capitalpaper.ca	Capital_Paper_Products_Inc.jpg	business-map	image		
Noel & Co.	Janie & Lauren	Noel	hello@noelandco.ca	https://noelandco.ca/	(902) 698-9005	Business	Shops	42 Southview Ave	Kentville	NS B4N 1W2	Canada	45.0711622	-64.4854185	42 Southview Ave, Kentville, NS B4N 1W2	False	F: 10:00 T: 17:30	F: 10:00 T: 17:30	F: 10:00 T: 17:30	F: 10:00 T: 17:30	F: 10:00 T: 17:30	F: 10:00 T: 17:00	closed	<b>Noel & Co.</b> — A welcoming retail destination in Downtown Kentville offering a curated selection of quality products and friendly, knowledgeable service. Stop by and discover something special on your next visit to Main Street.<br><i>📍 42 Southview Ave</i> &nbsp;|&nbsp; 📞 (902) 698-9005 &nbsp;|&nbsp; 🌐 noelandco.ca	Noel_Co.jpg	business-map	image		
Needs Convience Store	Pardeep	Gumber	ne.0220.kentville@sobeys.com		902-678-9509	Business	Groceries / Pharmacy	252 Main St	Kentville	NS B4N 1J9	Canada	45.0753459	-64.4896654	252 Main Street    Kentville  NS  B4N 1J9  CA	False	F: 6:00 T: 23:00	F: 6:00 T: 23:00	F: 6:00 T: 23:00	F: 6:00 T: 23:00	F: 6:00 T: 23:00	F: 6:00 T: 23:00	F: 7:00 T: 22:00	<b>Needs Convience Store</b> — Serving the daily needs of the Kentville community with a wide selection of products, friendly staff, and convenient hours. Your neighbourhood destination for essentials and more.<br><i>📍 252 Main St</i> &nbsp;|&nbsp; 📞 902-678-9509	Needs_Convience_Store.jpg	business-map	image		
Guardian Centennial Pharmacy	Bill	Evans	wb_evans@hotmail.com			Business	Groceries / Pharmacy	81 Exhibition St	Kentville	NS B4N 1C2	Canada	45.084339	-64.4972889	81 Exhibition St, Kentville, NS B4N 1C2	False	F: 8:00 T: 21:00	F: 8:00 T: 21:00	F: 8:00 T: 21:00	F: 8:00 T: 21:00	F: 8:00 T: 21:00	F: 8:00 T: 21:00	F: 10:00 T: 18:00	<b>Guardian Centennial Pharmacy</b> — Serving the daily needs of the Kentville community with a wide selection of products, friendly staff, and convenient hours. Your neighbourhood destination for essentials and more.<br><i>📍 81 Exhibition St</i> &nbsp;|&nbsp;	Guardian_Centennial_Pharmacy.jpg	business-map	image		
Kentville Chrysler Dodge Jeep	Shawn	Carey	scarey@kentvillechrysler.com	http://www.kentvillechryslerdodge.com	902-678-2134	Business	Automotive / Mechanical	800 Park St	Kentville	NS B4N 3X1	Canada	45.0707351	-64.5469201	800 Park Street    Kentville  NS  B4N 3X1  CA	False	F: 8:00 T: 18:00	F: 8:00 T: 18:00	F: 8:00 T: 18:00	F: 8:00 T: 18:00	F: 8:00 T: 18:00	F: 9:00 T: 15:00	closed	<b>Kentville Chrysler Dodge Jeep</b> — Reliable automotive and mechanical services in Kentville. Trusted by the community for quality workmanship, honest advice, and keeping you safely on the road.<br><i>📍 800 Park St</i> &nbsp;|&nbsp; 📞 902-678-2134 &nbsp;|&nbsp; 🌐 www.kentvillechryslerdodge.com	Kentville_Chrysler_Dodge_Jeep.jpg	business-map	image		
Foodland Kentville	Lori	Graham	fl9225mgr@sobeys.com	https://foodland.ca/stores/foodland-kentville/	902-678-3355	Business	Groceries / Pharmacy	311 Bridge St	Kentville	NS B4N 2G4	Canada	45.0861699	-64.4946301	311 Bridge Street Kentville NS B4N 1A9	False	F: 8:00 T: 21:00	F: 8:00 T: 21:00	F: 8:00 T: 21:00	F: 8:00 T: 21:00	F: 8:00 T: 21:00	F: 8:00 T: 21:00	F: 10:00 T: 18:00	<b>Foodland Kentville</b> — Serving the daily needs of the Kentville community with a wide selection of products, friendly staff, and convenient hours. Your neighbourhood destination for essentials and more.<br><i>📍 311 Bridge St</i> &nbsp;|&nbsp; 📞 902-678-3355 &nbsp;|&nbsp; 🌐 foodland.ca/stores/foodland-kentville	Foodland_Kentville.jpg	business-map	image		
Dayan Sushi	Carlos	Zhnong	dashu137@gmail.com	https://www.dayansushi.com/	902-940-6940	Business	Eateries	381 Main St	Kentville	NS B4N 1K7	Canada	45.0772883	-64.4955574	381A Main Street Kentville, NS. B4N 1K7	True	F: 10:30 T: 19:00	F: 10:30 T: 19:00	F: 10:30 T: 19:00	F: 10:30 T: 19:00	F: 10:30 T: 19:00	F: 10:30 T: 19:00	closed	<b>Dayan Sushi</b> — Authentic Japanese sushi crafted the traditional way in the heart of Downtown Kentville. Fresh rolls, combos, bubble tea, and milk tea. A family-run favourite with outstanding reviews and grab-and-go convenience.<br><i>📍 381 Main St</i> &nbsp;|&nbsp; 📞 902-940-6940 &nbsp;|&nbsp; 🌐 www.dayansushi.com	Dayan_Sushi.jpg	business-map	image		
Kings Arms Pub	Joey	Murphy	kingsarmspub@eastlink.ca	http://www.kingsarmspub.ca		Business	Eateries	390 Main St	Kentville	NS B4N 1K8	Canada	45.0768776	-64.4958877	390 Main St, Kentville, NS B4N 1K8	True	F: 11:00 T: 21:00	F: 11:00 T: 22:00	F: 11:00 T: 22:00	F: 11:00 T: 23:00	F: 11:00 T: 00:00	F: 11:00 T: 00:00	F: 11:00 T: 21:00	<b>Kings Arms Pub</b> — A beloved British-style pub in a historic keystone building, serving Kentville since 1985. Classic pub fare with a global flair, cold draught beer, and regular live music. Original stained glass windows and a cozy mahogany bar.<br><i>📍 390 Main St</i> &nbsp;|&nbsp; 🌐 www.kingsarmspub.ca	Kings_Arms_Pub.jpg	business-map	image		
Maritime Express Cider	Jimi/ Katie	Doidge/ MacNeil-Mah	info@maritimeexpress.ca	http://www.maritimeexpress.ca	902-681-5105	Business	Eateries	325 Main St	Kentville	NS B4N 1K5	Canada	45.0770761	-64.4932805	325 Main Street Kentville	True	closed	F: 11:00 T: 22:00	F: 11:00 T: 22:00	F: 11:00 T: 22:00	F: 11:00 T: 22:00	F: 11:00 T: 22:00	F: 11:00 T: 20:00	<b>Maritime Express Cider Co.</b> — Award-winning cidery and gastropub housed in a stunning 1929 railway hotel. Small-batch ciders from 100% Annapolis Valley apples, cold fermented beneath the stone floors. Chef-driven food menu and a heritage setting like no other.<br><i>📍 325 Main St</i> &nbsp;|&nbsp; 📞 902-681-5105 &nbsp;|&nbsp; 🌐 www.maritimeexpress.ca	Maritime_Express_Cider.jpg	business-map	image		
Natalinos Pizza	Scott	Carrigan	Scottcarrigan01@gmail.com		(902) 679-3838	Business	Eateries	252 Main St	Kentville	NS B4N 1J9	Canada	45.0753459	-64.4896654	252 main st    Kentville  Nova Scotia  B4N 5G5  CA	False	F: 11:00 T: 22:00	F: 11:00 T: 22:00	F: 11:00 T: 22:00	F: 11:00 T: 22:00	F: 11:00 T: 22:00	F: 11:00 T: 22:00	F: 12:00 T: 21:00	<b>Natalino's Pizza</b> — A neighbourhood favourite for hot, generous pizza and Italian-inspired comfort food. Classic pies, subs, garlic fingers, and delivery. Reliable quality, friendly service, and great value since day one.<br><i>📍 252 Main St</i> &nbsp;|&nbsp; 📞 (902) 679-3838	Natalinos_Pizza.jpg	business-map	image		
TACOcentric	Dan	Casey	dan@tacocentric.ca	tacocentric.ca	902-300-4226	Business	Eateries	437 Main St #3	Kentville	NS B4P 1E1	Canada	45.07763	-64.49745	437 Main St, Unit 3, Kentville, CA B4N 1K9	True	closed	F: 11:00 T: 20:00	F: 11:00 T: 20:00	F: 11:00 T: 20:00	F: 11:00 T: 22:00	F: 11:00 T: 22:00	F: 12:00 T: 20:00	<b>TACOcentric</b> — Kentville's go-to for unconventional Mexican-inspired eats! Build your own tacos, burritos, bowls, and nachos with locally sourced ingredients. Women-owned, fully licensed, with vegan and GF options galore. <em>Making a difference, one taco at a time!</em><br><i>📍 437 Main St #3</i> &nbsp;|&nbsp; 📞 902-300-4226 &nbsp;|&nbsp; 🌐 tacocentric.ca	TACOcentric.jpg	business-map	image		
TAN Coffee	Lay Chin	Tan	laychin@tancoffee.com	https://tancoffee.com/	902-680-5728	Business	Eateries	431 Main St	Kentville	NS B4N 3X4	Canada	45.07743	-64.496991	431 Main Street    Kentville  NS  B4N 1K7  CA	True	F: 7:00 T: 18:00	F: 7:00 T: 18:00	F: 7:00 T: 18:00	F: 7:00 T: 18:00	F: 7:00 T: 18:00	F: 8:00 T: 18:00	F: 8:00 T: 18:00	<b>T.A.N. Coffee</b> — Micro-roaster and café serving 100% organic, fairly traded coffees since 2007. Beans roasted on-site in small batches. Fresh food, baked goods, loose-leaf teas, and a warm community atmosphere with free Wi-Fi.<br><i>📍 431 Main St</i> &nbsp;|&nbsp; 📞 902-680-5728 &nbsp;|&nbsp; 🌐 tancoffee.com	TAN_Coffee.jpg	business-map	image		
Wheelhouse Coffee Co.	Jacey, Amos	Gillespie	Wheelhousecoffee2018@gmail.com	https://wheelhousecoffee.co/	(902) 385-1998	Business	Eateries	2 Webster St	Kentville	NS B4N 1H7	Canada	45.0779585	-64.4943448	2 Webster St, Kentville, NS B4N 1H7	True	F: 8:00 T: 17:00	F: 8:00 T: 17:00	F: 8:00 T: 17:00	F: 8:00 T: 17:00	F: 8:00 T: 17:00	F: 9:00 T: 16:00	closed	<b>Wheelhouse Coffee Co.</b> — A specialty coffee roaster and cozy café on Webster Street. Ethically sourced beans roasted in small batches, expert espresso drinks, pour-overs, and fresh baked goods. A quiet haven for coffee purists.<br><i>📍 2 Webster St</i> &nbsp;|&nbsp; 📞 (902) 385-1998 &nbsp;|&nbsp; 🌐 wheelhousecoffee.co	Wheelhouse_Coffee_Co.jpg	business-map	image		
Half Acre Cafe	Mayur	Buha	mayur.buha@outlook.com	http://www.halfacrecafe.com		Business	Eateries	395 Main St	Kentville	NS B4N 1K7	Canada	45.0773498	-64.4958966	395 Main Street, Kentville Nova Scotia B4N 1K7	True	F: 7:00 T: 17:00	F: 7:00 T: 17:00	F: 7:00 T: 17:00	F: 7:00 T: 17:00	F: 7:00 T: 17:00	F: 8:00 T: 16:00	F: 9:00 T: 15:00	<b>Half Acre Café</b> — Celebrating fresh food, great local coffee, and community stories. Fresh sandwiches named after local landmarks, scratch-made soups, baked goods, and barista favourites. Fully licensed. Breakfast, lunch, and evening pizza.<br><i>📍 395 Main St</i> &nbsp;|&nbsp; 🌐 www.halfacrecafe.com	Half_Acre_Cafe.jpg	business-map	image		
Paddy's Pub / Rosie's Restaurant	John	FitzGerald	gm@paddyspub.ca	http://paddyspub.ca	902-678-3199	Business	Eateries	42 Aberdeen St	Kentville	NS B4N 2N1	Canada	45.0781664	-64.4967092	42 Aberdeen Street    Kentville  NS  B4N 2N1  CA	True	F: 8:00 T: 22:00	F: 8:00 T: 22:00	F: 8:00 T: 22:00	F: 8:00 T: 22:00	F: 8:00 T: 22:00	F: 11:00 T: 22:00	F: 11:00 T: 22:00	<b>Paddy's Irish Brewpub &amp; Rosie's Restaurant</b> — <em>Faith &amp; Begorrah!</em> Welcoming guests since 1992 with Nova Scotia's oldest craft brewery (est. 1995). Fresh seafood, locally sourced burgers, house-brewed craft beer, live music, and legendary Memphis Rib Nights.<br><i>📍 42 Aberdeen St</i> &nbsp;|&nbsp; 📞 902-678-3199 &nbsp;|&nbsp; 🌐 paddyspub.ca	Paddys_Pub_Rosies_Restaurant.jpg	business-map	chat	"<iframe src=""askcura.ai"" title=""description""></iframe>"	
North's Collision Centre	Fred	North	fred@northscollision.com	http://www.northscollision.com	902-678-1600	Business	Automotive / Mechanical	19 Chipman Dr	Kentville	NS B4N 3V7	Canada	45.0677334	-64.547335	19 Chipman Drive    Kentville  NS  B4N 3V7  CA	False	F: 8:00 T: 17:00	F: 8:00 T: 17:00	F: 8:00 T: 17:00	F: 8:00 T: 17:00	F: 8:00 T: 17:00	F: 8:00 T: 12:00	closed	<b>North's Collision Centre</b> — Reliable automotive and mechanical services in Kentville. Trusted by the community for quality workmanship, honest advice, and keeping you safely on the road.<br><i>📍 19 Chipman Dr</i> &nbsp;|&nbsp; 📞 902-678-1600 &nbsp;|&nbsp; 🌐 www.northscollision.com	Norths_Collision_Centre.jpg	business-map	image		
Family Tire Ltd.	Adam	Simpson	adam@familytire.ca	https://familytire.ca	902-678-2148	Business	Automotive / Mechanical	144 Bridge St	Kentville	NS B4N 2E6	Canada	45.0805043	-64.4953258	144 Bridge Street    Kentville  NS  B4N 2E6  CA	True	F: 8:00 T: 17:00	F: 8:00 T: 17:00	F: 8:00 T: 17:00	F: 8:00 T: 17:00	F: 8:00 T: 17:00	F: 8:00 T: 12:00	closed	<b>Family Tire Ltd.</b> — Trusted tire and auto service in Kentville. New tires, seasonal changeovers, alignments, and mechanical service. Keeping Valley families safe on the road.	Family_Tire_Ltd.jpg	business-map	image		
Butts Auto Service	Amber Poberezny (Service Manager	Neison Bard (Shop Foreman)	service@buttsauto.ca; clinton@buttsauto.ca	Clinton Townsend is the owner.	902-678-4778	Business	Automotive / Mechanical	541 Main St	Kentville	NS B4N 1L4	Canada	45.0782682	-64.5033685	541 Main Street    Kentville  NS  B4N 1L4  CA	False	F: 8:00 T: 17:00	F: 8:00 T: 17:00	F: 8:00 T: 17:00	F: 8:00 T: 17:00	F: 8:00 T: 17:00	F: 8:00 T: 12:00	closed	<b>Butts Auto Service</b> — Reliable automotive and mechanical services in Kentville. Trusted by the community for quality workmanship, honest advice, and keeping you safely on the road.<br><i>📍 541 Main St</i> &nbsp;|&nbsp; 📞 902-678-4778 &nbsp;|&nbsp; 🌐 Clinton Townsend is the owner.	Butts_Auto_Service.jpg	business-map	image		
Valley Tire	Derek	Quigley	derek@valleytire.ca	http://www.valleytire.ca	902-678-4538	Business	Automotive / Mechanical	19 Oakdene Vale	Kentville	NS B4N 2C9	Canada	45.0818606	-64.493919	19 Oakdene Avenue    Kentville  NS  B4N 2C9  CA	False	F: 8:00 T: 17:00	F: 8:00 T: 17:00	F: 8:00 T: 17:00	F: 8:00 T: 17:00	F: 8:00 T: 17:00	F: 8:00 T: 12:00	closed	<b>Valley Tire</b> — Reliable automotive and mechanical services in Kentville. Trusted by the community for quality workmanship, honest advice, and keeping you safely on the road.<br><i>📍 19 Oakdene Vale</i> &nbsp;|&nbsp; 📞 902-678-4538 &nbsp;|&nbsp; 🌐 www.valleytire.ca	Valley_Tire.jpg	business-map	image		
Buddens Appliance Services	Neil	Cross	info@buddensappliance.ca	http://www.buddensappliance.ca/	902-678-7895	Business	Automotive / Mechanical	164 Nichols Ave	Kentville	NS B4N 2H6	Canada	45.0940168	-64.4921534	164 Nichols Avenue    Kentville  NS  B4N 2H6  CA	False	F: 8:00 T: 17:00	F: 8:00 T: 17:00	F: 8:00 T: 17:00	F: 8:00 T: 17:00	F: 8:00 T: 17:00	F: 8:00 T: 12:00	closed	<b>Buddens Appliance Services</b> — Reliable automotive and mechanical services in Kentville. Trusted by the community for quality workmanship, honest advice, and keeping you safely on the road.<br><i>📍 164 Nichols Ave</i> &nbsp;|&nbsp; 📞 902-678-7895 &nbsp;|&nbsp; 🌐 www.buddensappliance.ca	Buddens_Appliance_Services.jpg	business-map	image		
Huntley's Sub-Aqua Construction	Mike	Huntley	info@huntleyssubaqua.ca	http://www.huntleyssubaqua.ca	902-678-7234	Business	Automotive / Mechanical	245 Main St	Kentville	NS B4N 1J6	Canada	45.0756494	-64.4891921	245 Main Street    Kentville  NS  B4N 1K4  CA	False	F: 8:00 T: 17:00	F: 8:00 T: 17:00	F: 8:00 T: 17:00	F: 8:00 T: 17:00	F: 8:00 T: 17:00	F: 8:00 T: 12:00	closed	<b>Huntley's Sub-Aqua Construction</b> — Reliable automotive and mechanical services in Kentville. Trusted by the community for quality workmanship, honest advice, and keeping you safely on the road.<br><i>📍 245 Main St</i> &nbsp;|&nbsp; 📞 902-678-7234 &nbsp;|&nbsp; 🌐 www.huntleyssubaqua.ca	Huntleys_Sub-Aqua_Construction.jpg	business-map	image		
Acadia Refrigeration & A/C Ltd	Darren	Best	darren@acadiarefrigeration.com	http://www.acadiarefrigeration.com	902-678-7868	Business	Automotive / Mechanical	34 Donald E Hiltz Connector Rd	Kentville	NS B4N 3X9	Canada	45.0638741	-64.5498562	34 Donald E Hiltz Connector Rd, Kentville, NS B4N 3X9	False	F: 8:00 T: 17:00	F: 8:00 T: 17:00	F: 8:00 T: 17:00	F: 8:00 T: 17:00	F: 8:00 T: 17:00	F: 8:00 T: 12:00	closed	<b>Acadia Refrigeration & A/C Ltd</b> — Reliable automotive and mechanical services in Kentville. Trusted by the community for quality workmanship, honest advice, and keeping you safely on the road.<br><i>📍 34 Donald E Hiltz Connector Rd</i> &nbsp;|&nbsp; 📞 902-678-7868 &nbsp;|&nbsp; 🌐 www.acadiarefrigeration.com	Acadia_Refrigeration_AC_Ltd.jpg	business-map	image		
Greenfields Indoor Air Solutions	Bill	Denyar	bill@greenfieldsair.ca	http://www.greenfieldsair.ca	902-681-7546	Business	Automotive / Mechanical	57 Webster St	Kentville	NS B4N 1H6	Canada	45.0783268	-64.4957277	57 Webster Street    Kentville  NS  B4N 1H6  CA	False	F: 8:00 T: 17:00	F: 8:00 T: 17:00	F: 8:00 T: 17:00	F: 8:00 T: 17:00	F: 8:00 T: 17:00	F: 8:00 T: 12:00	closed	<b>Greenfields Indoor Air Solutions</b> — Reliable automotive and mechanical services in Kentville. Trusted by the community for quality workmanship, honest advice, and keeping you safely on the road.<br><i>📍 57 Webster St</i> &nbsp;|&nbsp; 📞 902-681-7546 &nbsp;|&nbsp; 🌐 www.greenfieldsair.ca	Greenfields_Indoor_Air_Solutions.jpg	business-map	image		
Wetmore Appraisals	Carol	Wetmore	wetmoreappraisals@eastlink.ca		902-679-1122	Business	Real Estate Services	21 Webster St	Kentville	NS B4N 1H4	Canada	45.0782344	-64.4947993	21 Webster Street    Kentville  NS  B4N 1H4  CA	False	F: 9:00 T: 17:00	F: 9:00 T: 17:00	F: 9:00 T: 17:00	F: 9:00 T: 17:00	F: 9:00 T: 17:00	F: 10:00 T: 14:00	closed	<b>Wetmore Appraisals</b> — Professional real estate and property services in the Annapolis Valley. Whether you're buying, selling, or managing property in Kentville and surrounding areas, our team is here to help.<br><i>📍 21 Webster St</i> &nbsp;|&nbsp; 📞 902-679-1122	Wetmore_Appraisals.jpg	business-map	image		
Annapolis Valley Surveys	Mike	McKenna	Mckenna@avsurveys.ca	http://www.avsurveys.ca	902-678-6003	Business	Real Estate Services	54 Bridge St	Kentville	NS B4N 2E3	Canada	45.078467	-64.4943009	54 Bridge Street    Kentville  NS  B4N 2E3  CA	False	F: 9:00 T: 17:00	F: 9:00 T: 17:00	F: 9:00 T: 17:00	F: 9:00 T: 17:00	F: 9:00 T: 17:00	F: 10:00 T: 14:00	closed	<b>Annapolis Valley Surveys</b> — Professional real estate and property services in the Annapolis Valley. Whether you're buying, selling, or managing property in Kentville and surrounding areas, our team is here to help.<br><i>📍 54 Bridge St</i> &nbsp;|&nbsp; 📞 902-678-6003 &nbsp;|&nbsp; 🌐 www.avsurveys.ca	Annapolis_Valley_Surveys.jpg	business-map	image		
RE/MAX Advantage	Donna	Conrad	donnaconrad2024@gmail.com	http://donnaannapolisvalley.com/	(902) 679-0700	Business	Real Estate Services	17a Webster Ct	Kentville	NS B4N 1H3	Canada	45.0777705	-64.4933677	17A Webster Court    Kentville  NS  B4N 1H3  CA	False	F: 9:00 T: 17:00	F: 9:00 T: 17:00	F: 9:00 T: 17:00	F: 9:00 T: 17:00	F: 9:00 T: 17:00	F: 10:00 T: 14:00	closed	<b>RE/MAX Advantage</b> — Professional real estate and property services in the Annapolis Valley. Whether you're buying, selling, or managing property in Kentville and surrounding areas, our team is here to help.<br><i>📍 17a Webster Ct</i> &nbsp;|&nbsp; 📞 (902) 679-0700 &nbsp;|&nbsp; 🌐 donnaannapolisvalley.com	REMAX_Advantage.jpg	business-map	image		
Safeguard Property Management	Paul	Dixon	paul@safeguardservices.ca	http://www.safeguardservices.ca	902-678-0275	Business	Real Estate Services	27 Bridge St	Kentville	NS B4N 2E2	Canada	45.077577	-64.4940193	27 Bridge St, Kentville, NS B4N 2E2	False	F: 9:00 T: 17:00	F: 9:00 T: 17:00	F: 9:00 T: 17:00	F: 9:00 T: 17:00	F: 9:00 T: 17:00	F: 10:00 T: 14:00	closed	<b>Safeguard Property Management</b> — Professional real estate and property services in the Annapolis Valley. Whether you're buying, selling, or managing property in Kentville and surrounding areas, our team is here to help.<br><i>📍 27 Bridge St</i> &nbsp;|&nbsp; 📞 902-678-0275 &nbsp;|&nbsp; 🌐 www.safeguardservices.ca	Safeguard_Property_Management.jpg	business-map	image		
Bricks and Birches	Robyn	Manning	robyn@bricksandbirches.com; office@bricksandbirches.com	http://bricksandbirches.com		Business	Real Estate Services	360 Main St	Kentville	NS B4N 1K6	Canada	45.0769764	-64.4949698	360 Main St. Kentville, Nova Scotia B4N 1K6	False	F: 9:00 T: 17:00	F: 9:00 T: 17:00	F: 9:00 T: 17:00	F: 9:00 T: 17:00	F: 9:00 T: 17:00	F: 10:00 T: 14:00	closed	<b>Bricks and Birches</b> — Professional real estate and property services in the Annapolis Valley. Whether you're buying, selling, or managing property in Kentville and surrounding areas, our team is here to help.<br><i>📍 360 Main St</i> &nbsp;|&nbsp; 🌐 bricksandbirches.com	Bricks_and_Birches.jpg	business-map	image		
Equilibrium Engineering	Will	Marshall	william.marshall@lmmw.ca; info@lmmw.ca		902-300-1901	Business	Real Estate Services	12 Bridge St	Kentville	NS B4N 2E1	Canada	45.0773046	-64.4944145	12 Bridge Street Kentville	False	F: 9:00 T: 17:00	F: 9:00 T: 17:00	F: 9:00 T: 17:00	F: 9:00 T: 17:00	F: 9:00 T: 17:00	F: 10:00 T: 14:00	closed	<b>Equilibrium Engineering</b> — Professional real estate and property services in the Annapolis Valley. Whether you're buying, selling, or managing property in Kentville and surrounding areas, our team is here to help.<br><i>📍 12 Bridge St</i> &nbsp;|&nbsp; 📞 902-300-1901	Equilibrium_Engineering.jpg	business-map	image		
Affordable Freight Consultants	Pam	Schofield	Pam@affordable-freight.com	http://www.affordable-freight.com	902-678-7480	Business	Specialty Services	76 Mee Rd	Kentville	NS B4N 1W7	Canada	45.0894961	-64.4814563	76 Mee Road    Kentville  NS  B4N 1W7  CA	False	F: 9:00 T: 17:00	F: 9:00 T: 17:00	F: 9:00 T: 17:00	F: 9:00 T: 17:00	F: 9:00 T: 17:00	closed	closed	<b>Affordable Freight Consultants</b> — Specialized professional services serving Kentville and the Annapolis Valley. Dedicated expertise and personalized attention for your unique needs.<br><i>📍 76 Mee Rd</i> &nbsp;|&nbsp; 📞 902-678-7480 &nbsp;|&nbsp; 🌐 www.affordable-freight.com	Affordable_Freight_Consultants.jpg	business-map	image		
Armour Transportation Systems	Jay	Neal	jneal@armour.ca	http://www.armour.ca	902-678-4444	Business	Specialty Services	1568 Harrington Rd	Kentville	NS B4N 3V7	Canada	45.0668791	-64.5517923	1568 Harrington Road    Kentville  NS  B4N 3V7  CA	False	F: 9:00 T: 17:00	F: 9:00 T: 17:00	F: 9:00 T: 17:00	F: 9:00 T: 17:00	F: 9:00 T: 17:00	closed	closed	<b>Armour Transportation Systems</b> — Specialized professional services serving Kentville and the Annapolis Valley. Dedicated expertise and personalized attention for your unique needs.<br><i>📍 1568 Harrington Rd</i> &nbsp;|&nbsp; 📞 902-678-4444 &nbsp;|&nbsp; 🌐 www.armour.ca	Armour_Transportation_Systems.jpg	business-map	image		
The Space	Jessica/ Jennifer		connecting@thespacecompany.com			Business	Specialty Services	10 Webster St #210	Kentville	NS B4N 1H7	Canada	45.0779284	-64.4947323	210 - 10 Webster Street, Kentville	False	F: 9:00 T: 17:00	F: 9:00 T: 17:00	F: 9:00 T: 17:00	F: 9:00 T: 17:00	F: 9:00 T: 17:00	closed	closed	<b>The Space</b> — Specialized professional services serving Kentville and the Annapolis Valley. Dedicated expertise and personalized attention for your unique needs.<br><i>📍 10 Webster St #210</i> &nbsp;|&nbsp;	The_Space.jpg	business-map	image		
Valley Music Studio	Brendan	Culver	info@valleymusicstudio.ca	https://valleymusicstudio.ca/	902-812-7008	Business	Community / Culture	10 Webster St Suite 112	Kentville	NS B4N 1H7	Canada	45.077902	-64.4946925	10 Webster Street, Suite 112, Kentville NS	True	F: 10:00 T: 17:00	F: 10:00 T: 17:00	F: 10:00 T: 17:00	F: 10:00 T: 20:00	F: 10:00 T: 17:00	F: 10:00 T: 16:00	closed	<b>Valley Music Studio</b> — Music lessons, instrument sales, and a creative space for musicians of all ages and abilities. Guitar, piano, drums, voice, and more in Downtown Kentville.	Valley_Music_Studio.jpg	business-map	image		
Kings North MLA	John	Lohr	johnlohrmla@gmail.com	http://www.johnlohr.ca	902-365-3420	Business	Community / Culture	401 Main St	Kentville	NS B4N	Canada	45.0773472	-64.4960829	401 Main Street    Kentville  NS  B4N 1K7  CA	False	F: 10:00 T: 17:00	F: 10:00 T: 17:00	F: 10:00 T: 17:00	F: 10:00 T: 20:00	F: 10:00 T: 17:00	F: 10:00 T: 16:00	closed	<b>Kings North MLA</b> — Enriching the cultural life of Downtown Kentville and the Annapolis Valley. A community-focused organization dedicated to arts, education, and bringing people together.<br><i>📍 401 Main St</i> &nbsp;|&nbsp; 📞 902-365-3420 &nbsp;|&nbsp; 🌐 www.johnlohr.ca	Kings_North_MLA.jpg	business-map	image		
CentreStage Theatre	Mindy	Vinqyist-Tymchuk	info@centrestagetheatre.ca	http://www.centrestagetheatre.ca	902-678-8040	Business	Community / Culture	61 River St	Kentville	NS B4N 1G8	Canada	45.0800595	-64.4970174	61 River Street    Kentville  NS  B4N 1G8  CA	True	closed	closed	closed	F: 19:00 T: 22:00	F: 19:00 T: 22:00	F: 14:00 T: 22:00	F: 14:00 T: 17:00	<b>CentreStage Theatre</b> — Kentville's community theatre bringing live performances to the heart of downtown. Musicals, dramas, comedies, and special events performed by talented local artists. A cultural gem in the Annapolis Valley.<br><i>📍 61 River St</i> &nbsp;|&nbsp; 📞 902-678-8040 &nbsp;|&nbsp; 🌐 www.centrestagetheatre.ca	CentreStage_Theatre.jpg	business-map	image		
Farm Credit Canada	Fred	Oickle	fred.Oickle@fcc-fac.ca; heidi.manicom@fcc.ca		902-679-5322	Business	Non-Profit Organizations	49 Bridge St	Kentville	NS B4N 2E3	Canada	45.078241	-64.4938193	49 Bridge Street    Kentville  NS  B4N 2E3  CA	False	F: 8:30 T: 16:30	F: 8:30 T: 16:30	F: 8:30 T: 16:30	F: 8:30 T: 16:30	F: 8:30 T: 16:30	closed	closed	<b>Farm Credit Canada</b> — A community organization serving Kentville and the Annapolis Valley. Working to make a positive difference through programs, services, and community engagement.<br><i>📍 49 Bridge St</i> &nbsp;|&nbsp; 📞 902-679-5322	Farm_Credit_Canada.jpg	business-map	image		
Hants Kings Business Development Centre	Stephen	Shaw	stephen.shaw@cbdc.ca	http://www.cbdc.ca	902-679-6215	Business	Non-Profit Organizations	448 Main St	Kentville	NS B4N 2N6	Canada	45.0771018	-64.4980126	448 Main Street Kentville	False	F: 8:30 T: 16:30	F: 8:30 T: 16:30	F: 8:30 T: 16:30	F: 8:30 T: 16:30	F: 8:30 T: 16:30	closed	closed	<b>Hants Kings Business Development Centre</b> — A community organization serving Kentville and the Annapolis Valley. Working to make a positive difference through programs, services, and community engagement.<br><i>📍 448 Main St</i> &nbsp;|&nbsp; 📞 902-679-6215 &nbsp;|&nbsp; 🌐 www.cbdc.ca	Hants_Kings_Business_Development_Centre.jpg	business-map	image		
Kentville Regional Library	Julie	Johnson	jjohnson@valleylibrary.ca	http://www.valleylibrary.ca	902-679-2544	Business	Community / Culture	440 Main St	Kentville	NS B4N 3W4	Canada	45.0769257	-64.497477	440 Main Street    Kentville  NS  B4N 2E5  CA	False	closed	F: 10:00 T: 20:00	F: 10:00 T: 20:00	F: 10:00 T: 20:00	F: 10:00 T: 17:00	F: 10:00 T: 17:00	closed	<b>Kentville Regional Library</b> — A welcoming community hub offering books, digital resources, programs, and meeting spaces. Free Wi-Fi, computer access, children's programming, and a quiet place to read, study, or explore.<br><i>📍 440 Main St</i> &nbsp;|&nbsp; 📞 902-679-2544 &nbsp;|&nbsp; 🌐 www.valleylibrary.ca	Kentville_Regional_Library.jpg	business-map	image		
Kentville Volunteer Fire Department	Brent	Platt	secretary@kentvillefire.ca	http://www.kentvillefire.ca	902-678-7798	Business	Community / Culture	463 Main St	Kentville	NS B4N 1K9	Canada	45.0777773	-64.4985161	463 Main Street    Kentville  NS  B4N 1K9  CA	False	F: 8:00 T: 17:00	F: 8:00 T: 17:00	F: 8:00 T: 17:00	F: 8:00 T: 17:00	F: 8:00 T: 17:00	closed	closed	<b>Kentville Volunteer Fire Department</b> — Enriching the cultural life of Downtown Kentville and the Annapolis Valley. A community-focused organization dedicated to arts, education, and bringing people together.<br><i>📍 463 Main St</i> &nbsp;|&nbsp; 📞 902-678-7798 &nbsp;|&nbsp; 🌐 www.kentvillefire.ca	Kentville_Volunteer_Fire_Department.jpg	business-map	image		
Kings County Museum			info@kingscountymuseum.ca	http://kingscountymuseum.ca	902-678-6237	Business	Community / Culture	37 Bridge St	Kentville	NS B4N 2E2	Canada	45.0778035	-64.4939639	37 Bridge Street    Kentville  NS  B4N 2E2  CA	True	F: 10:00 T: 17:00	F: 10:00 T: 17:00	F: 10:00 T: 17:00	F: 10:00 T: 20:00	F: 10:00 T: 17:00	F: 10:00 T: 16:00	closed	<b>Kings County Museum</b> — Discover the rich heritage of Kings County through fascinating exhibits, artifacts, and archives. Housed in a heritage building, the museum tells the stories of the people, industries, and events that shaped the Annapolis Valley.<br><i>📍 37 Bridge St</i> &nbsp;|&nbsp; 📞 902-678-6237 &nbsp;|&nbsp; 🌐 kingscountymuseum.ca	Kings_County_Museum.jpg	business-map	image		
Kings Point-to-Point Transit	Kathleen	Hull	info@kppt.ca	http://kppt.ca	902-681-2846	Business	Non-Profit Organizations	14 Aberdeen St	Kentville	NS B4N 2N1	Canada	45.07766	-64.496871	14 Aberdeen Street    Kentville  NS  B4N 3V9  CA	False	F: 8:30 T: 16:30	F: 8:30 T: 16:30	F: 8:30 T: 16:30	F: 8:30 T: 16:30	F: 8:30 T: 16:30	closed	closed	<b>Kings Point-to-Point Transit</b> — A community organization serving Kentville and the Annapolis Valley. Working to make a positive difference through programs, services, and community engagement.<br><i>📍 14 Aberdeen St</i> &nbsp;|&nbsp; 📞 902-681-2846 &nbsp;|&nbsp; 🌐 kppt.ca	Kings_Point-to-Point_Transit.jpg	business-map	image		
Nova Scotia Works	Mary	Fox	mary@communityinc.ca	http://www.communityinc.ca	902-679-7469	Business	Non-Profit Organizations	28 Aberdeen St	Kentville	NS B4N 2N1	Canada	45.0779907	-64.4967651	28 Aberdeen Street    Kentville  NS  B4N 3W4  CA	False	F: 8:30 T: 16:30	F: 8:30 T: 16:30	F: 8:30 T: 16:30	F: 8:30 T: 16:30	F: 8:30 T: 16:30	closed	closed	<b>Nova Scotia Works</b> — A community organization serving Kentville and the Annapolis Valley. Working to make a positive difference through programs, services, and community engagement.<br><i>📍 28 Aberdeen St</i> &nbsp;|&nbsp; 📞 902-679-7469 &nbsp;|&nbsp; 🌐 www.communityinc.ca	Nova_Scotia_Works.jpg	business-map	image		
Open Arms Resource Centre	Leanne	Jennings	leanne.jennings@openarms.ca; admin@openarms.ca.	https://openarms.ca/	902-690-8598	Business	Non-Profit Organizations	32 Bridge St	Kentville	NS B4N 2E1	Canada	45.0777063	-64.49444	32 Bridge Street    Kentville  NS  B4N 2E1  CA	False	F: 8:30 T: 16:30	F: 8:30 T: 16:30	F: 8:30 T: 16:30	F: 8:30 T: 16:30	F: 8:30 T: 16:30	closed	closed	<b>Open Arms Resource Centre</b> — A community organization serving Kentville and the Annapolis Valley. Working to make a positive difference through programs, services, and community engagement.<br><i>📍 32 Bridge St</i> &nbsp;|&nbsp; 📞 902-690-8598 &nbsp;|&nbsp; 🌐 openarms.ca	Open_Arms_Resource_Centre.jpg	business-map	image		
The Red Door	Erin	Eavis	thereddoorns@gmail.com	http://www.thereddoor.ca	902-679-1411	Business	Non-Profit Organizations	10 Webster St suite 110	Kentville	NS B4N 1H7	Canada	45.0779284	-64.4947323	10 Webster St suite 110, Kentville, NS B4N 1H7	False	F: 8:30 T: 16:30	F: 8:30 T: 16:30	F: 8:30 T: 16:30	F: 8:30 T: 16:30	F: 8:30 T: 16:30	closed	closed	<b>The Red Door</b> — A community organization serving Kentville and the Annapolis Valley. Working to make a positive difference through programs, services, and community engagement.<br><i>📍 10 Webster St suite 110</i> &nbsp;|&nbsp; 📞 902-679-1411 &nbsp;|&nbsp; 🌐 www.thereddoor.ca	The_Red_Door.jpg	business-map	image		
The Valley Care Pregnancy Centre	Bill	Davenport	info@asafeplaceforme.com	http://www.asafeplaceforme.com	902-678-6217	Business	Non-Profit Organizations	104 Webster St	Kentville	NS B4N 1H9	Canada	45.0783284	-64.4972572	104 Webster Street    Kentville  NS  B4N 1H9  CA	False	F: 8:30 T: 16:30	F: 8:30 T: 16:30	F: 8:30 T: 16:30	F: 8:30 T: 16:30	F: 8:30 T: 16:30	closed	closed	<b>The Valley Care Pregnancy Centre</b> — A community organization serving Kentville and the Annapolis Valley. Working to make a positive difference through programs, services, and community engagement.<br><i>📍 104 Webster St</i> &nbsp;|&nbsp; 📞 902-678-6217 &nbsp;|&nbsp; 🌐 www.asafeplaceforme.com	The_Valley_Care_Pregnancy_Centre.jpg	business-map	image		
Valley Child Development	Barbara	Crouse	vcda@ns.aliantzinc.ca; info@valleychilddevelopment.ca	http://www.valleychilddevelopment.ca	902-678-6111	Business	Non-Profit Organizations	28 Aberdeen St #5	Kentville	NS B4N 2E4	Canada	45.07799	-64.49674	28 Aberdeen Street, Suite 5, Kentville, NS B4N 2N1	False	F: 8:30 T: 16:30	F: 8:30 T: 16:30	F: 8:30 T: 16:30	F: 8:30 T: 16:30	F: 8:30 T: 16:30	closed	closed	<b>Valley Child Development</b> — A community organization serving Kentville and the Annapolis Valley. Working to make a positive difference through programs, services, and community engagement.<br><i>📍 28 Aberdeen St #5</i> &nbsp;|&nbsp; 📞 902-678-6111 &nbsp;|&nbsp; 🌐 www.valleychilddevelopment.ca	Valley_Child_Development.jpg	business-map	image		
Valley Community Learning Association	Rodney/ Judy	Franklin/ Lipp	vcla.learning@gmail.com	http://www.vcla.ca	902-679-5252	Business	Non-Profit Organizations	49 Bridge St	Kentville	NS B4N 2E3	Canada	45.078241	-64.4938193	49 Bridge Street    Kentville  NS  B4N 2E3  CA	False	F: 8:30 T: 16:30	F: 8:30 T: 16:30	F: 8:30 T: 16:30	F: 8:30 T: 16:30	F: 8:30 T: 16:30	closed	closed	<b>Valley Community Learning Association</b> — A community organization serving Kentville and the Annapolis Valley. Working to make a positive difference through programs, services, and community engagement.<br><i>📍 49 Bridge St</i> &nbsp;|&nbsp; 📞 902-679-5252 &nbsp;|&nbsp; 🌐 www.vcla.ca	Valley_Community_Learning_Association.jpg	business-map	image		
Valley REN	Emily	Boucher	eboucher@valleyren.ca	http://www.valleyren.ca		Business	Non-Profit Organizations	448 Main St	Kentville	NS B4N 2N6	Canada	45.0771018	-64.4980126	448 Main St, Kentville, NS B4N 1K8	False	F: 8:30 T: 16:30	F: 8:30 T: 16:30	F: 8:30 T: 16:30	F: 8:30 T: 16:30	F: 8:30 T: 16:30	closed	closed	<b>Valley REN</b> — A community organization serving Kentville and the Annapolis Valley. Working to make a positive difference through programs, services, and community engagement.<br><i>📍 448 Main St</i> &nbsp;|&nbsp; 🌐 www.valleyren.ca	Valley_REN.jpg	business-map	image		
VANSDA	Lisa	Diggs	ldiggs@vansda.ca	http://www.vansda.ca	902-678-7410	Business	Non-Profit Organizations	55 Webster St	Kentville	NS B4N 1H8	Canada	45.0783382	-64.4972109	55 Webster Street    Kentville  NS  B4N 1H4  CA	False	F: 8:30 T: 16:30	F: 8:30 T: 16:30	F: 8:30 T: 16:30	F: 8:30 T: 16:30	F: 8:30 T: 16:30	closed	closed	<b>VANSDA</b> — A community organization serving Kentville and the Annapolis Valley. Working to make a positive difference through programs, services, and community engagement.<br><i>📍 55 Webster St</i> &nbsp;|&nbsp; 📞 902-678-7410 &nbsp;|&nbsp; 🌐 www.vansda.ca	VANSDA.jpg	business-map	image		
Child & Youth Mental Health & Addiction Services	Debbie	Kerr	dkerr@avdha.nshealth.ca	http://www.avdha.nshealth.ca	902-679-2873	Business	Non-Profit Organizations	15 Chipman Dr	Kentville	NS B4N 3V7	Canada	45.0679282	-64.550153	15 Chipman Drive    Kentville  NS  B4N 3V7  CA	False	F: 8:30 T: 16:30	F: 8:30 T: 16:30	F: 8:30 T: 16:30	F: 8:30 T: 16:30	F: 8:30 T: 16:30	closed	closed	<b>Child & Youth Mental Health & Addiction Services</b> — A community organization serving Kentville and the Annapolis Valley. Working to make a positive difference through programs, services, and community engagement.<br><i>📍 15 Chipman Dr</i> &nbsp;|&nbsp; 📞 902-679-2873 &nbsp;|&nbsp; 🌐 www.avdha.nshealth.ca	Child_Youth_Mental_Health_Addiction_Services.jpg	business-map	image		
Community Living Alternative Society	Shaun	Cameron	clas@ns.sympatico.ca	http://www.clasnovascotia.com	902-681-8920	Business	Non-Profit Organizations	46 Chipman Dr	Kentville	NS B4N 3V7	Canada	45.0639909	-64.5463148	46 Chipman Drive    Kentville  NS  B4N 3V7  CA	False	F: 8:30 T: 16:30	F: 8:30 T: 16:30	F: 8:30 T: 16:30	F: 8:30 T: 16:30	F: 8:30 T: 16:30	closed	closed	<b>Community Living Alternative Society</b> — A community organization serving Kentville and the Annapolis Valley. Working to make a positive difference through programs, services, and community engagement.<br><i>📍 46 Chipman Dr</i> &nbsp;|&nbsp; 📞 902-681-8920 &nbsp;|&nbsp; 🌐 www.clasnovascotia.com	Community_Living_Alternative_Society.jpg	business-map	image		
Annapolis Valley Apple Blossom Festival	Juli		info@appleblossom.com	http://www.appleblossom.com	902-678-8322	Business	Community / Culture	325 Main St	Kentville	NS B4N 1K5	Canada	45.0770761	-64.4932805	325 Main Street Kentville	False	F: 10:00 T: 17:00	F: 10:00 T: 17:00	F: 10:00 T: 17:00	F: 10:00 T: 20:00	F: 10:00 T: 17:00	F: 10:00 T: 16:00	closed	<b>Annapolis Valley Apple Blossom Festival</b> — One of Nova Scotia's most cherished traditions! Celebrating the beauty of spring in the Valley with parades, concerts, and community events since 1933.	Annapolis_Valley_Apple_Blossom_Festival.jpg	business-map	image		
Perennia	Anita	James	info@perennia.ca	http://www.perennia.ca	902-678-7722	Business	Non-Profit Organizations	32 Main St	Kentville	NS B4N 1J5	Canada	45.06396	-64.48174	32 Main Street    Kentville  NS  B4N 1J5  CA	False	F: 8:30 T: 16:30	F: 8:30 T: 16:30	F: 8:30 T: 16:30	F: 8:30 T: 16:30	F: 8:30 T: 16:30	closed	closed	<b>Perennia</b> — A community organization serving Kentville and the Annapolis Valley. Working to make a positive difference through programs, services, and community engagement.<br><i>📍 32 Main St</i> &nbsp;|&nbsp; 📞 902-678-7722 &nbsp;|&nbsp; 🌐 www.perennia.ca	Perennia.jpg	business-map	image		
The Portal	Russ	Sanche	portalyouthcentre@gmail.com	http://www.portalyouth.ca	902-365-3773	Business	Community / Culture	437 Main St	Kentville	NS B4P 1E1	Canada	45.0774646	-64.4975081	437 Main Street    Kentville  NS  B4N 1K9  CA	False	F: 10:00 T: 17:00	F: 10:00 T: 17:00	F: 10:00 T: 17:00	F: 10:00 T: 20:00	F: 10:00 T: 17:00	F: 10:00 T: 16:00	closed	<b>The Portal</b> — Enriching the cultural life of Downtown Kentville and the Annapolis Valley. A community-focused organization dedicated to arts, education, and bringing people together.<br><i>📍 437 Main St</i> &nbsp;|&nbsp; 📞 902-365-3773 &nbsp;|&nbsp; 🌐 www.portalyouth.ca	The_Portal.jpg	business-map	image		
Crown Fibre Tube Inc.	x	x	crown@crownfibretube.com	http://www.crownfibretube.com	902-678-8901	Business	Specialty Services	705 Park St	Kentville	NS B4N 3V9	Canada	45.0747099	-64.5430458	705 Park Street    Kentville  NS  B4N 3V9  CA	False	F: 9:00 T: 17:00	F: 9:00 T: 17:00	F: 9:00 T: 17:00	F: 9:00 T: 17:00	F: 9:00 T: 17:00	closed	closed	<b>Crown Fibre Tube Inc.</b> — Specialized professional services serving Kentville and the Annapolis Valley. Dedicated expertise and personalized attention for your unique needs.<br><i>📍 705 Park St</i> &nbsp;|&nbsp; 📞 902-678-8901 &nbsp;|&nbsp; 🌐 www.crownfibretube.com	Crown_Fibre_Tube_Inc.jpg	business-map	image		
Anderson Sinclair	Bernard	Conway	bconway@andsinc.com	https://www.andsincns.com/	902-679-0110	Business	Legal Services	98 Aberdeen St	Kentville	NS B4N 2N3	Canada	45.0795956	-64.4960139	98 Aberdeen St, Kentville, NS B4N 2N3	False	F: 8:30 T: 17:00	F: 8:30 T: 17:00	F: 8:30 T: 17:00	F: 8:30 T: 17:00	F: 8:30 T: 16:30	closed	closed	<b>Anderson Sinclair</b> — Experienced barristers and solicitors serving Kentville and the Annapolis Valley. Comprehensive legal services with a commitment to client care.	Anderson_Sinclair.jpg	business-map	image		
BTW Law	Cris	Shirritt	cris@btwlaw.ca	http://www.btwlaw.ca	902-385-0458	Business	Legal Services	458 Main St	Kentville	NS B4N 1K8	Canada	45.0772976	-64.4983238	458 Main Street    Kentville  NS  B4N 3X3  CA	False	F: 8:30 T: 17:00	F: 8:30 T: 17:00	F: 8:30 T: 17:00	F: 8:30 T: 17:00	F: 8:30 T: 16:30	closed	closed	<b>BTW Law</b> — Experienced legal professionals serving Kentville and the Annapolis Valley. Dedicated to providing knowledgeable counsel and strong representation for individuals and businesses alike.<br><i>📍 458 Main St</i> &nbsp;|&nbsp; 📞 902-385-0458 &nbsp;|&nbsp; 🌐 www.btwlaw.ca	BTW_Law.jpg	business-map	image		
Muttarts Law Firm	Geoff	Muttart	gmuttart@muttartslaw.ca	http://www.muttartslaw.ca	902-678-2157	Business	Legal Services	20 Bridge St	Kentville	NS B4N 2E1	Canada	45.0774649	-64.4944809	20 Bridge Street    Kentville  NS  B4N 3X3  CA	False	F: 8:30 T: 17:00	F: 8:30 T: 17:00	F: 8:30 T: 17:00	F: 8:30 T: 17:00	F: 8:30 T: 16:30	closed	closed	<b>Muttarts Law Firm</b> — Experienced legal professionals serving Kentville and the Annapolis Valley. Dedicated to providing knowledgeable counsel and strong representation for individuals and businesses alike.<br><i>📍 20 Bridge St</i> &nbsp;|&nbsp; 📞 902-678-2157 &nbsp;|&nbsp; 🌐 www.muttartslaw.ca	Muttarts_Law_Firm.jpg	business-map	image		
Taylor MacLellan Cochrane Lawyers	Lisa	van Trigt	vantrigt@tmclaw.com	http://www.tmclaw.com	902-678-6156	Business	Legal Services	50 Bridge St	Kentville	NS B4N 1H4	Canada	45.0782851	-64.4943193	50 Bridge Street    Kentville  NS  B4N 2E4  CA	False	F: 8:30 T: 17:00	F: 8:30 T: 17:00	F: 8:30 T: 17:00	F: 8:30 T: 17:00	F: 8:30 T: 16:30	closed	closed	<b>Taylor MacLellan Cochrane</b> — A full-service law firm with deep roots in the Annapolis Valley. Real estate, wills, family law, litigation, and business law.	Taylor_MacLellan_Cochrane_Lawyers.jpg	business-map	image		
Waterbury Newton Law Firm	Krista	Morse	kmorse@wnns.ca	http://www.wnns.ca	902-678-3257	Business	Legal Services	469 Main St	Kentville	NS B4N 1K9	Canada	45.0778212	-64.4990345	469 Main Street    Kentville  NS  B4N 1K9  CA	False	F: 8:30 T: 17:00	F: 8:30 T: 17:00	F: 8:30 T: 17:00	F: 8:30 T: 17:00	F: 8:30 T: 16:30	closed	closed	<b>Waterbury Newton Law Firm</b> — Experienced legal professionals serving Kentville and the Annapolis Valley. Dedicated to providing knowledgeable counsel and strong representation for individuals and businesses alike.<br><i>📍 469 Main St</i> &nbsp;|&nbsp; 📞 902-678-3257 &nbsp;|&nbsp; 🌐 www.wnns.ca	Waterbury_Newton_Law_Firm.jpg	business-map	image		
Marion Hill Law Office	Marion	Hill	marion.hill.law@gmail.com	http://www.marionhill.ca	902-679-3200	Business	Legal Services	21 Webster St	Kentville	NS B4N 1H4	Canada	45.0782344	-64.4947993	21 Webster Street    Kentville  NS  B4N 1H4  CA	False	F: 8:30 T: 17:00	F: 8:30 T: 17:00	F: 8:30 T: 17:00	F: 8:30 T: 17:00	F: 8:30 T: 16:30	closed	closed	<b>Marion Hill Law Office</b> — Experienced legal professionals serving Kentville and the Annapolis Valley. Dedicated to providing knowledgeable counsel and strong representation for individuals and businesses alike.<br><i>📍 21 Webster St</i> &nbsp;|&nbsp; 📞 902-679-3200 &nbsp;|&nbsp; 🌐 www.marionhill.ca	Marion_Hill_Law_Office.jpg	business-map	image		
Nathanson Seaman Watts	Kate	Seaman	kseaman@24webster.com / info@24webster.com	http://24webster.com	902-678-1616	Business	Legal Services	24 Webster Ct	Kentville	NS B4N 1H2	Canada	45.0778826	-64.4926639	24 Webster Court    Kentville  NS  B4N 1H2  CA	False	F: 8:30 T: 17:00	F: 8:30 T: 17:00	F: 8:30 T: 17:00	F: 8:30 T: 17:00	F: 8:30 T: 16:30	closed	closed	<b>Nathanson Seaman Watts</b> — Experienced legal professionals serving Kentville and the Annapolis Valley. Dedicated to providing knowledgeable counsel and strong representation for individuals and businesses alike.<br><i>📍 24 Webster Ct</i> &nbsp;|&nbsp; 📞 902-678-1616 &nbsp;|&nbsp; 🌐 24webster.com	Nathanson_Seaman_Watts.jpg	business-map	image		
Mister Printer Ltd.	Doug	Thomas	misterprinter@eastlink.ca		902-678-5811	Business	Tech / Communications	409 Main St	Kentville	NS B4N 1K7	Canada	45.0773834	-64.4963749	409 Main Street    Kentville  NS  B4N 1K7  CA	False	F: 8:30 T: 17:00	F: 8:30 T: 17:00	F: 8:30 T: 17:00	F: 8:30 T: 17:00	F: 8:30 T: 17:00	closed	closed	<b>Mister Printer Ltd.</b> — Technology and communications solutions for businesses and individuals in the Annapolis Valley. From printing and signage to IT support and web design, we keep Kentville connected.<br><i>📍 409 Main St</i> &nbsp;|&nbsp; 📞 902-678-5811	Mister_Printer_Ltd.jpg	business-map	image		
Ross Graphic	Bonnie	Ross	bonnie@rossgraphic.com	https://www.rossgraphic.com/	902-670-2347	Business	Tech / Communications	373 Main St	Kentville	NS B4N 1K7	Canada	45.0772725	-64.4953276	373 Main Street    Kentville  NS  B4N 1K7  CA	False	F: 8:30 T: 17:00	F: 8:30 T: 17:00	F: 8:30 T: 17:00	F: 8:30 T: 17:00	F: 8:30 T: 17:00	closed	closed	<b>Ross Graphic</b> — Technology and communications solutions for businesses and individuals in the Annapolis Valley. From printing and signage to IT support and web design, we keep Kentville connected.<br><i>📍 373 Main St</i> &nbsp;|&nbsp; 📞 902-670-2347 &nbsp;|&nbsp; 🌐 www.rossgraphic.com	Ross_Graphic.jpg	business-map	image		
Triple E Technology Solutions	Clinton	Townsend	clinton@tripleetech.ca	https://tripleetech.ca/	(902) 365-7333	Business	Tech / Communications	535 Main St	Kentville	NS B4N 1L4	Canada	45.0780973	-64.5028661	535 Main St, Kentville, NS B4N 1L4	False	F: 8:30 T: 17:00	F: 8:30 T: 17:00	F: 8:30 T: 17:00	F: 8:30 T: 17:00	F: 8:30 T: 17:00	closed	closed	<b>Triple E Technology Solutions</b> — Technology and communications solutions for businesses and individuals in the Annapolis Valley. From printing and signage to IT support and web design, we keep Kentville connected.<br><i>📍 535 Main St</i> &nbsp;|&nbsp; 📞 (902) 365-7333 &nbsp;|&nbsp; 🌐 tripleetech.ca	Triple_E_Technology_Solutions.jpg	business-map	image		
Computerized Business Solutions Inc.	Mike	Suhonos	msuhonos@cbsunified.com	http://www.cbsunified.com	902-365-3000	Business	Tech / Communications	946 Park St	Kentville	NS B4N 3V7	Canada	45.0691085	-64.5530234	946 Park Street    Kentville  NS  B4N 3V7  CA	False	F: 8:30 T: 17:00	F: 8:30 T: 17:00	F: 8:30 T: 17:00	F: 8:30 T: 17:00	F: 8:30 T: 17:00	closed	closed	<b>Computerized Business Solutions Inc.</b> — Technology and communications solutions for businesses and individuals in the Annapolis Valley. From printing and signage to IT support and web design, we keep Kentville connected.<br><i>📍 946 Park St</i> &nbsp;|&nbsp; 📞 902-365-3000 &nbsp;|&nbsp; 🌐 www.cbsunified.com	Computerized_Business_Solutions_Inc.jpg	business-map	image		
Red Birch Media	Tamar	Marshall	info@redbirchmedia.com	http://www.redbirchmedia.com	902-300-5402	Business	Tech / Communications	12 Bridge St	Kentville	NS B4N 2E1	Canada	45.0773046	-64.4944145	12 Bridge Street Kentville	False	F: 8:30 T: 17:00	F: 8:30 T: 17:00	F: 8:30 T: 17:00	F: 8:30 T: 17:00	F: 8:30 T: 17:00	closed	closed	<b>Red Birch Media</b> — Technology and communications solutions for businesses and individuals in the Annapolis Valley. From printing and signage to IT support and web design, we keep Kentville connected.<br><i>📍 12 Bridge St</i> &nbsp;|&nbsp; 📞 902-300-5402 &nbsp;|&nbsp; 🌐 www.redbirchmedia.com	Red_Birch_Media.jpg	business-map	image		
Speedpro Signs & Imaging	Mary Jane	Aubie	mjaubie@speedprons.com	http://www.SpeedproNS.com	902-678-5656	Business	Tech / Communications	325 Main St	Kentville	NS B4N 1K5	Canada	45.0770761	-64.4932805	325 Main Street    Kentville  NS  B4N 1K5  CA	False	F: 8:30 T: 17:00	F: 8:30 T: 17:00	F: 8:30 T: 17:00	F: 8:30 T: 17:00	F: 8:30 T: 17:00	closed	closed	<b>Speedpro Signs & Imaging</b> — Technology and communications solutions for businesses and individuals in the Annapolis Valley. From printing and signage to IT support and web design, we keep Kentville connected.<br><i>📍 325 Main St</i> &nbsp;|&nbsp; 📞 902-678-5656 &nbsp;|&nbsp; 🌐 www.SpeedproNS.com	Speedpro_Signs_Imaging.jpg	business-map	image		
Annapolis Valley Radio	Paul	Williams	Paul.williams@mbsradio.com	http://www.avrnetwork.com	902-678-2111	Business	Tech / Communications	29 Oakdene Ave	Kentville	NS B4N 1H5	Canada	45.0830884	-64.4913142	29 Oakdene Avenue    Kentville  Nova Scotia  B4N 1H5  CA	False	F: 8:30 T: 17:00	F: 8:30 T: 17:00	F: 8:30 T: 17:00	F: 8:30 T: 17:00	F: 8:30 T: 17:00	closed	closed	<b>Annapolis Valley Radio</b> — Technology and communications solutions for businesses and individuals in the Annapolis Valley. From printing and signage to IT support and web design, we keep Kentville connected.<br><i>📍 29 Oakdene Ave</i> &nbsp;|&nbsp; 📞 902-678-2111 &nbsp;|&nbsp; 🌐 www.avrnetwork.com	Annapolis_Valley_Radio.jpg	business-map	image		
Arbour Square Osteopathy	Jessica	Stackhouse	jessicastackhouse@arboursquareosteo.ca	arboursquareosteo.ca	902-832-7799	Business	Health / Healing	17 River St	Kentville	NS B4N 1G8	Canada	45.079847	-64.4955954	17 River Street	False	F: 8:30 T: 17:00	F: 8:30 T: 17:00	F: 8:30 T: 17:00	F: 8:30 T: 17:00	F: 8:30 T: 16:00	closed	closed	<b>Arbour Square Osteopathy</b> — Trusted health and wellness professionals serving the Kentville community. Compassionate care in a comfortable setting, focused on helping you achieve your best health. New patients welcome.<br><i>📍 17 River St</i> &nbsp;|&nbsp; 📞 902-832-7799 &nbsp;|&nbsp; 🌐 arboursquareosteo.ca	Arbour_Square_Osteopathy.jpg	business-map	image		
Back and Neck Pain Relief Center	Philip L	La Pierre	lapierre@ns.aliantzinc.ca		902-678-1500	Business	Health / Healing	521 Main St	Kentville	NS B4N 1L4	Canada	45.0780576	-64.5020469	521 Main Street    Kentville  NS  B4N 1L4  CA	False	F: 8:30 T: 17:00	F: 8:30 T: 17:00	F: 8:30 T: 17:00	F: 8:30 T: 17:00	F: 8:30 T: 16:00	closed	closed	<b>Back and Neck Pain Relief Center</b> — Trusted health and wellness professionals serving the Kentville community. Compassionate care in a comfortable setting, focused on helping you achieve your best health. New patients welcome.<br><i>📍 521 Main St</i> &nbsp;|&nbsp; 📞 902-678-1500	Back_and_Neck_Pain_Relief_Center.jpg	business-map	image		
Brackish Biomechanical Bracing	Jenna	Holtz	jenna@brackishbracing.ca		1 (902) 365 7766	Business	Health / Healing	10 Webster St #204	Kentville	NS B4N 1H7	Canada	45.0779284	-64.4947323	10 Webster St #204, Kentville, NS B4N 1H7	False	F: 8:30 T: 17:00	F: 8:30 T: 17:00	F: 8:30 T: 17:00	F: 8:30 T: 17:00	F: 8:30 T: 16:00	closed	closed	<b>Brackish Biomechanical Bracing</b> — Trusted health and wellness professionals serving the Kentville community. Compassionate care in a comfortable setting, focused on helping you achieve your best health. New patients welcome.<br><i>📍 10 Webster St #204</i> &nbsp;|&nbsp; 📞 1 (902) 365 7766	Brackish_Biomechanical_Bracing.jpg	business-map	image		
Clannad Counselling & Consulting	Stephanie	Townsend	info@clannad.ca	http://www.clannad.ca	1-902-365-3363	Business	Health / Healing	535 Main St	Kentville	NS B4N 1L4	Canada	45.0780973	-64.5028661	535 Main Street, Kentville, NS, B4N 1L4	False	F: 8:30 T: 17:00	F: 8:30 T: 17:00	F: 8:30 T: 17:00	F: 8:30 T: 17:00	F: 8:30 T: 16:00	closed	closed	<b>Clannad Counselling & Consulting</b> — Trusted health and wellness professionals serving the Kentville community. Compassionate care in a comfortable setting, focused on helping you achieve your best health. New patients welcome.<br><i>📍 535 Main St</i> &nbsp;|&nbsp; 📞 1-902-365-3363 &nbsp;|&nbsp; 🌐 www.clannad.ca	Clannad_Counselling_Consulting.jpg	business-map	image		
Crave Studio	Brandy	Hudson	connect@cravestudio.ca	https://www.cravestudio.ca/	+1 (902) 599 - 3730	Business	Health / Healing	100 Webster St	Kentville	NS B4N 1H9	Canada	45.078348	-64.4972221	100 Webster St, Kentville, NS B4N 1H9	True	F: 8:30 T: 17:00	F: 8:30 T: 17:00	F: 8:30 T: 17:00	F: 8:30 T: 17:00	F: 8:30 T: 16:00	closed	closed	<b>Crave Studio</b> — A welcoming fitness and wellness studio offering yoga, pilates, and movement classes for all levels. Find your balance in Downtown Kentville.	Crave_Studio.jpg	business-map	image		
David's Eyewear Ltd.	Rebecca	Howden	davidseyewearkentville@gmail.com		902-678-4085	Business	Health / Healing	50 Webster St	Kentville	NS B4N 1H7	Canada	45.0780454	-64.4956308	50 Webster Street    Kentville  NS  B4N 1H7  CA	True	F: 8:30 T: 17:00	F: 8:30 T: 17:00	F: 8:30 T: 17:00	F: 8:30 T: 17:00	F: 8:30 T: 16:00	closed	closed	<b>David's Eyewear</b> — Expert eye care and a stunning selection of frames in Downtown Kentville. From eye exams to designer eyewear, see the world more clearly and stylishly.	Davids_Eyewear_Ltd.jpg	business-map	image		
Light Touch Laser	Carrie	May	carrie@lighttouch.ca	http://www.lighttouchlaser.ca	902-678-2829	Business	Health / Healing	54 Webster St	Kentville	NS B4N 1H7	Canada	45.0781272	-64.4957238	54 Webster Street    Kentville  NS  B4N 1H7  CA	True	F: 8:30 T: 17:00	F: 8:30 T: 17:00	F: 8:30 T: 17:00	F: 8:30 T: 17:00	F: 8:30 T: 16:00	closed	closed	<b>Light Touch Laser</b> — Advanced laser and skin care treatments in a professional, comfortable setting. IPL, laser hair removal, skin rejuvenation, and more.	Light_Touch_Laser.jpg	business-map	image		
The Healing Station	Amy	Florian	amyfloriannd@gmail.com	http://thehealingstation.ca		Business	Health / Healing	325 Main St Unit 20	Kentville	NS B4N 1K5	Canada	45.0770761	-64.4932805	325 Main St Unit 20, Kentville, NS B4N 1K5	False	F: 8:30 T: 17:00	F: 8:30 T: 17:00	F: 8:30 T: 17:00	F: 8:30 T: 17:00	F: 8:30 T: 16:00	closed	closed	<b>The Healing Station</b> — Trusted health and wellness professionals serving the Kentville community. Compassionate care in a comfortable setting, focused on helping you achieve your best health. New patients welcome.<br><i>📍 325 Main St Unit 20</i> &nbsp;|&nbsp; 🌐 thehealingstation.ca	The_Healing_Station.jpg	business-map	image		
Webster Street Hearing Boutique	Magdalena/ Kayla	Kujath/ Lowry	info@thehearingboutique.ca	https://www.thehearingboutique.ca	902-678-5550	Business	Health / Healing	99b Webster St	Kentville	NS B4N 1H8	Canada	45.0785112	-64.4973117	99B Webster Street    Kentville  NS  B4N 0H3  CA	True	F: 8:30 T: 17:00	F: 8:30 T: 17:00	F: 8:30 T: 17:00	F: 8:30 T: 17:00	F: 8:30 T: 16:00	closed	closed	<b>Webster Street Hearing Boutique</b> — Personalized hearing care and the latest hearing aid technology. Compassionate audiological services in a comfortable boutique setting.	Webster_Street_Hearing_Boutique.jpg	business-map	image		
The Snore Shop	Sarah	Langley	slangley@thesnoreshop.ca	http://thesnoreshop.ca	902-365-5875	Business	Health / Healing	491 Main St	Kentville	NS B4N 3V6	Canada	45.0777665	-64.5001124	491 Main Street    Kentville  NS  B4N 1K9  CA	False	F: 8:30 T: 17:00	F: 8:30 T: 17:00	F: 8:30 T: 17:00	F: 8:30 T: 17:00	F: 8:30 T: 16:00	closed	closed	<b>The Snore Shop</b> — Trusted health and wellness professionals serving the Kentville community. Compassionate care in a comfortable setting, focused on helping you achieve your best health. New patients welcome.<br><i>📍 491 Main St</i> &nbsp;|&nbsp; 📞 902-365-5875 &nbsp;|&nbsp; 🌐 thesnoreshop.ca	The_Snore_Shop.jpg	business-map	image		
Norwood Health Associates	Peter	Norwood	norwoodhealth@me.com; norwoodhealth@icloud.com		902-678-4548	Business	Health / Healing	99 Webster St	Kentville	NS B4N 1H8	Canada	45.0785198	-64.4973191	99 Webster Street    Kentville  NS  B4N 1H8  CA	False	F: 8:30 T: 17:00	F: 8:30 T: 17:00	F: 8:30 T: 17:00	F: 8:30 T: 17:00	F: 8:30 T: 16:00	closed	closed	<b>Norwood Health Associates</b> — Trusted health and wellness professionals serving the Kentville community. Compassionate care in a comfortable setting, focused on helping you achieve your best health. New patients welcome.<br><i>📍 99 Webster St</i> &nbsp;|&nbsp; 📞 902-678-4548	Norwood_Health_Associates.jpg	business-map	image		
Hawthorn Clinic	Susan	Ritcey	info@hawthornclinic.ca	http://www.hawthornclinic.ca	902-678-4142	Business	Health / Healing	16 Webster Ct	Kentville	NS B4N 1H2	Canada	45.0779778	-64.4930629	16 Webster Court    Kentville  NS  B4N 1H2  CA	True	F: 8:30 T: 17:00	F: 8:30 T: 17:00	F: 8:30 T: 17:00	F: 8:30 T: 17:00	F: 8:30 T: 16:00	closed	closed	<b>Hawthorn Clinic</b> — Trusted health and wellness professionals serving the Kentville community. Compassionate care in a comfortable setting, focused on helping you achieve your best health. New patients welcome.<br><i>📍 16 Webster Ct</i> &nbsp;|&nbsp; 📞 902-678-4142 &nbsp;|&nbsp; 🌐 www.hawthornclinic.ca	Hawthorn_Clinic.jpg	business-map	image		
Nails by Paige	Paige	Ward	r.ward1971@hotmail.com		902-6905258	Business	Salons / Spas / Barbers	560 W Main St	Kentville	NS B4N	Canada	45.0780761	-64.5043009	560 W Main St, Kentville, NS B4N 1L4	False	closed	F: 9:00 T: 17:00	F: 9:00 T: 17:00	F: 9:00 T: 19:00	F: 9:00 T: 17:00	F: 9:00 T: 15:00	closed	<b>Nails by Paige</b> — Professional beauty and personal care services in Downtown Kentville. Skilled stylists and technicians dedicated to helping you look and feel your best. Walk-ins welcome or book an appointment today.<br><i>📍 560 W Main St</i> &nbsp;|&nbsp; 📞 902-6905258	Nails_by_Paige.jpg	business-map	image		
Healing Hands	Rhonda	Ward	r.ward1971@hotmail.com		(902) 680-2830	Business	Health / Healing	561 W Main St	Kentville	NS B4N 1L4	Canada	45.078221	-64.504275	561 W Main St, Kentville, NS B4N 1L4	False	F: 8:30 T: 17:00	F: 8:30 T: 17:00	F: 8:30 T: 17:00	F: 8:30 T: 17:00	F: 8:30 T: 16:00	closed	closed	<b>Healing Hands</b> — Trusted health and wellness professionals serving the Kentville community. Compassionate care in a comfortable setting, focused on helping you achieve your best health. New patients welcome.<br><i>📍 561 W Main St</i> &nbsp;|&nbsp; 📞 (902) 680-2830	Healing_Hands.jpg	business-map	image		
Jill Forse Traditional Chinese	JIll	Forse	jill@jillforse.ca	http://www.jillforse.ca	902-678-9719	Business	Health / Healing	3 Duncan Ave	Kentville	NS B4N 1N3	Canada	45.0764391	-64.5222914	3 Duncan Avenue Kentville, Nova Scotia B4N1N3	False	F: 8:30 T: 17:00	F: 8:30 T: 17:00	F: 8:30 T: 17:00	F: 8:30 T: 17:00	F: 8:30 T: 16:00	closed	closed	<b>Jill Forse Traditional Chinese</b> — Trusted health and wellness professionals serving the Kentville community. Compassionate care in a comfortable setting, focused on helping you achieve your best health. New patients welcome.<br><i>📍 3 Duncan Ave</i> &nbsp;|&nbsp; 📞 902-678-9719 &nbsp;|&nbsp; 🌐 www.jillforse.ca	Jill_Forse_Traditional_Chinese.jpg	business-map	image		
Kentville Chiropractic	Dan	Marczak	kentvillechiropractic@gmail.com	http://www.kentvillechiropractic.com	902-690-2222	Business	Health / Healing	401 Main St	Kentville	NS B4N	Canada	45.0773472	-64.4960829	401 Main Street    Kentville  NS  B4N 1K7  CA	False	F: 8:30 T: 17:00	F: 8:30 T: 17:00	F: 8:30 T: 17:00	F: 8:30 T: 17:00	F: 8:30 T: 16:00	closed	closed	<b>Kentville Chiropractic</b> — Trusted health and wellness professionals serving the Kentville community. Compassionate care in a comfortable setting, focused on helping you achieve your best health. New patients welcome.<br><i>📍 401 Main St</i> &nbsp;|&nbsp; 📞 902-690-2222 &nbsp;|&nbsp; 🌐 www.kentvillechiropractic.com	Kentville_Chiropractic.jpg	business-map	image		
Kentville Dental Centre Ltd	Linda	Stone	linda@kentvilledentalcenter.com	http://www.kentvilledental.com	902-678-6033	Business	Health / Healing	145 Belcher St	Kentville	NS B4N 1E2	Canada	45.0839422	-64.487978	145 Belcher Street    Kentville  NS  B4N 1E2  CA	False	F: 8:30 T: 17:00	F: 8:30 T: 17:00	F: 8:30 T: 17:00	F: 8:30 T: 17:00	F: 8:30 T: 16:00	closed	closed	<b>Kentville Dental Centre Ltd</b> — Trusted health and wellness professionals serving the Kentville community. Compassionate care in a comfortable setting, focused on helping you achieve your best health. New patients welcome.<br><i>📍 145 Belcher St</i> &nbsp;|&nbsp; 📞 902-678-6033 &nbsp;|&nbsp; 🌐 www.kentvilledental.com	Kentville_Dental_Centre_Ltd.jpg	business-map	image		
Maritime Travel	Tammy	McKay	tmckay@maritimetravel.ca	http://www.maritimetravel.ca		Business	Specialty Services	341 Main St	Kentville	NS B4N 2E1	Canada	45.0771333	-64.4944552	341 Main St, Kentville, NS B4N 1K7	True	F: 9:00 T: 17:00	F: 9:00 T: 17:00	F: 9:00 T: 17:00	F: 9:00 T: 17:00	F: 9:00 T: 17:00	closed	closed	<b>Maritime Travel</b> — Your local travel experts in Downtown Kentville. Vacation packages, cruises, flights, and custom trip planning. Let us help you explore the world.	Maritime_Travel.jpg	business-map	image		
Mia's Endless Pawsabillities Dog Grooming	Mia	LeBlanc	mias_doggrooming@hotmail.com			Business	Specialty Services	7 River St Unit 15	Kentville	NS B4N 1G8	Canada	45.079827	-64.495592	7 River St Unit 15, Kentville, NS B4N 1G8	False	F: 9:00 T: 17:00	F: 9:00 T: 17:00	F: 9:00 T: 17:00	F: 9:00 T: 17:00	F: 9:00 T: 17:00	closed	closed	<b>Mia's Endless Pawsabillities</b> — Professional dog grooming with love and care. Baths, haircuts, nail trims, and breed-specific styling. Your pup will leave looking and feeling their best!	Mias_Endless_Pawsabillities_Dog_Grooming.jpg	business-map	image		
Pauline's Golden Threads	Pauline	Mullin	pauline_mullin@hotmail.com		902-691-4504	Business	Specialty Services	325 Main St	Kentville	NS B4N 1K5	Canada	45.0770761	-64.4932805	325 Main Street    Kentville  NS  B4N 1K5  CA	False	F: 9:00 T: 17:00	F: 9:00 T: 17:00	F: 9:00 T: 17:00	F: 9:00 T: 17:00	F: 9:00 T: 17:00	closed	closed	<b>Pauline's Golden Threads</b> — Specialized professional services serving Kentville and the Annapolis Valley. Dedicated expertise and personalized attention for your unique needs.<br><i>📍 325 Main St</i> &nbsp;|&nbsp; 📞 902-691-4504	Paulines_Golden_Threads.jpg	business-map	image		
White Family Funeral Home	Cyril & Greg &Cindy	White	thewhites@whitefamilyfuneralhome.com; greg@whitefamilyfuneralhome.com	http://www.whitefamilyfuneralhome.com	902-678-3339	Business	Specialty Services	100 Bridge St	Kentville	NS B4N 2E4	Canada	45.079351	-64.4949665	100 Bridge Street    Kentville  NS  B4N 2E4  CA	False	F: 9:00 T: 17:00	F: 9:00 T: 17:00	F: 9:00 T: 17:00	F: 9:00 T: 17:00	F: 9:00 T: 17:00	By appointment	By appointment	<b>White Family Funeral Home</b> — Specialized professional services serving Kentville and the Annapolis Valley. Dedicated expertise and personalized attention for your unique needs.<br><i>📍 100 Bridge St</i> &nbsp;|&nbsp; 📞 902-678-3339 &nbsp;|&nbsp; 🌐 www.whitefamilyfuneralhome.com	White_Family_Funeral_Home.jpg	business-map	image		
Skylit	Andrew	Bagley	solar@skylit.ca; abrule@skylit.ca	https://www.skylit.ca/	902-812-1050	Business	Specialty Services	6 Webster Ct	Kentville	NS B4N 1H2	Canada	45.0780968	-64.4935616	6 Webster Court    Kentville  Nova Scotia  B4N 1H4  CA	False	F: 9:00 T: 17:00	F: 9:00 T: 17:00	F: 9:00 T: 17:00	F: 9:00 T: 17:00	F: 9:00 T: 17:00	closed	closed	<b>Skylit</b> — Specialized professional services serving Kentville and the Annapolis Valley. Dedicated expertise and personalized attention for your unique needs.<br><i>📍 6 Webster Ct</i> &nbsp;|&nbsp; 📞 902-812-1050 &nbsp;|&nbsp; 🌐 www.skylit.ca	Skylit.jpg	business-map	image		
Total Energy Inc.	x	x	totalenergy@westnova.ca	http://www.totalenergyinc.ca	902-679-8800	Business	Specialty Services	909 Park St	Kentville	NS B4N 5H3	Canada	45.0703857	-64.5511571	909 Park Street    Kentville  NS  B4N 3V7  CA	False	F: 9:00 T: 17:00	F: 9:00 T: 17:00	F: 9:00 T: 17:00	F: 9:00 T: 17:00	F: 9:00 T: 17:00	closed	closed	<b>Total Energy Inc.</b> — Specialized professional services serving Kentville and the Annapolis Valley. Dedicated expertise and personalized attention for your unique needs.<br><i>📍 909 Park St</i> &nbsp;|&nbsp; 📞 902-679-8800 &nbsp;|&nbsp; 🌐 www.totalenergyinc.ca	Total_Energy_Inc.jpg	business-map	image		
Little Pumpkins Daycare	Julie	MacHattie	littlepumpkinskentville@gmail.com	http://www.littlepumpkins.ca		Business	Specialty Services	58 School St	Kentville	NS B4N 2P9	Canada	45.0754059	-64.5012098	58 School St, Kentville, NS B4N 2P9	False	F: 9:00 T: 17:00	F: 9:00 T: 17:00	F: 9:00 T: 17:00	F: 9:00 T: 17:00	F: 9:00 T: 17:00	closed	closed	<b>Little Pumpkins Daycare</b> — Specialized professional services serving Kentville and the Annapolis Valley. Dedicated expertise and personalized attention for your unique needs.<br><i>📍 58 School St</i> &nbsp;|&nbsp; 🌐 www.littlepumpkins.ca	Little_Pumpkins_Daycare.jpg	business-map	image		
Mortgage Intelligence	Chris	Golding	chris.golding@migroup.ca	https://www.mortgageintelligence.ca/	902-678-3325	Business	Financial Services	15 Aberdeen St	Kentville	NS B4N 2M9	Canada	45.0776045	-64.4964341	15 Aberdeen Street    Kentville  NS  B4N 2M9  CA	False	F: 9:00 T: 17:00	F: 9:00 T: 17:00	F: 9:00 T: 17:00	F: 9:00 T: 17:00	F: 9:00 T: 17:00	closed	closed	<b>Mortgage Intelligence</b> — Professional financial services in Downtown Kentville. Expert guidance for your financial goals, from accounting and tax planning to insurance and investment management. Serving the Annapolis Valley community.<br><i>📍 15 Aberdeen St</i> &nbsp;|&nbsp; 📞 902-678-3325 &nbsp;|&nbsp; 🌐 www.mortgageintelligence.ca	Mortgage_Intelligence.jpg	business-map	image		
Allied Insurance	Stephen	Grover	sgrover@alliedinsurance.ca	https://novainsurancegroup.ca/kentville/	902-678-1187	Business	Financial Services	454 Main St	Kentville	NS B4N 1K8	Canada	45.0771992	-64.4981787	454 Main St, Kentville, NS B4N 1K8	False	F: 9:00 T: 17:00	F: 9:00 T: 17:00	F: 9:00 T: 17:00	F: 9:00 T: 17:00	F: 9:00 T: 17:00	closed	closed	<b>Allied Insurance</b> — Professional financial services in Downtown Kentville. Expert guidance for your financial goals, from accounting and tax planning to insurance and investment management. Serving the Annapolis Valley community.<br><i>📍 454 Main St</i> &nbsp;|&nbsp; 📞 902-678-1187 &nbsp;|&nbsp; 🌐 novainsurancegroup.ca/kentville	Allied_Insurance.jpg	business-map	image		
Golding & Associates	Dawn	Golding	dawn@goldingandassociates.ca	https://www.debtandcreditsolutions.ca/	902-365-3032	Business	Financial Services	15 Aberdeen St	Kentville	NS B4N 2M9	Canada	45.0776045	-64.4964341	15 Aberdeen Street    Kentville  NS  B4N 2M9  CA	False	F: 9:00 T: 17:00	F: 9:00 T: 17:00	F: 9:00 T: 17:00	F: 9:00 T: 17:00	F: 9:00 T: 17:00	closed	closed	<b>Golding & Associates</b> — Professional financial services in Downtown Kentville. Expert guidance for your financial goals, from accounting and tax planning to insurance and investment management. Serving the Annapolis Valley community.<br><i>📍 15 Aberdeen St</i> &nbsp;|&nbsp; 📞 902-365-3032 &nbsp;|&nbsp; 🌐 www.debtandcreditsolutions.ca	Golding_Associates.jpg	business-map	image		
Harvest Wealth Management	Scott C.	Nichols	snichols@harvestwealth.ca	http://harvestwealth.ca	(902) 678-2788	Business	Financial Services	28 Webster Ct	Kentville	NS B4N 1H2	Canada	45.0778033	-64.4924947	28 Webster Court Kentville, NS  B4N 1H2	False	F: 9:00 T: 17:00	F: 9:00 T: 17:00	F: 9:00 T: 17:00	F: 9:00 T: 17:00	F: 9:00 T: 17:00	closed	closed	<b>Harvest Wealth Management</b> — Professional financial services in Downtown Kentville. Expert guidance for your financial goals, from accounting and tax planning to insurance and investment management. Serving the Annapolis Valley community.<br><i>📍 28 Webster Ct</i> &nbsp;|&nbsp; 📞 (902) 678-2788 &nbsp;|&nbsp; 🌐 harvestwealth.ca	Harvest_Wealth_Management.jpg	business-map	image		
Evangeline Wealth	Terry / Macael	Miller /  Baxter	millert@eastlink.ca	http://www.holliswealth.com	902-678-9846	Business	Financial Services	35 Webster St	Kentville	NS B4N 1H4	Canada	45.0784755	-64.4950675	35 Webster Street    Kentville  NS  B4N 1H4  CA	False	F: 9:00 T: 17:00	F: 9:00 T: 17:00	F: 9:00 T: 17:00	F: 9:00 T: 17:00	F: 9:00 T: 17:00	closed	closed	<b>Evangeline Wealth</b> — Professional financial services in Downtown Kentville. Expert guidance for your financial goals, from accounting and tax planning to insurance and investment management. Serving the Annapolis Valley community.<br><i>📍 35 Webster St</i> &nbsp;|&nbsp; 📞 902-678-9846 &nbsp;|&nbsp; 🌐 www.holliswealth.com	Evangeline_Wealth.jpg	business-map	image		
Kevin Martin Accounting	Chris	Martin	chris.martin@kevinmartinaccounting.ca	https://kevinmartinaccounting.ca	(782) 265-0060	Business	Financial Services	405 Main St	Kentville	NS B4N 1K7	Canada	45.0775097	-64.4961995	405 Main Street    Kentville  Nova Scotia  B4N1K7  CA	False	F: 9:00 T: 17:00	F: 9:00 T: 17:00	F: 9:00 T: 17:00	F: 9:00 T: 17:00	F: 9:00 T: 17:00	closed	closed	<b>Kevin Martin Accounting</b> — Professional financial services in Downtown Kentville. Expert guidance for your financial goals, from accounting and tax planning to insurance and investment management. Serving the Annapolis Valley community.<br><i>📍 405 Main St</i> &nbsp;|&nbsp; 📞 (782) 265-0060 &nbsp;|&nbsp; 🌐 kevinmartinaccounting.ca	Kevin_Martin_Accounting.jpg	business-map	image		
MacLeod Lorway Insurance	Nancy	Lockhart	nancyl@macleodlorway.com	http://www.macleodlorway.com	902-678-3219	Business	Financial Services	49 Bridge St #103	Kentville	NS B4N 2E3	Canada	45.07825	-64.49365	49 Bridge St Suite 103 Kentville NS B4N 2E3	False	F: 9:00 T: 17:00	F: 9:00 T: 17:00	F: 9:00 T: 17:00	F: 9:00 T: 17:00	F: 9:00 T: 17:00	closed	closed	<b>MacLeod Lorway Insurance</b> — Professional financial services in Downtown Kentville. Expert guidance for your financial goals, from accounting and tax planning to insurance and investment management. Serving the Annapolis Valley community.<br><i>📍 49 Bridge St #103</i> &nbsp;|&nbsp; 📞 902-678-3219 &nbsp;|&nbsp; 🌐 www.macleodlorway.com	MacLeod_Lorway_Insurance.jpg	business-map	image		
Maynard Bent & Fagan	David/ Jennifer	Fagan/ Grant	jennifer.grant@mbfca.com	http://www.maynardbent.ns.ca	902-678-2729	Business	Financial Services	454 Main St	Kentville	NS B4N 1K8	Canada	45.0771992	-64.4981787	454 Main Street    Kentville  NS  B4N 3W4  CA	False	F: 9:00 T: 17:00	F: 9:00 T: 17:00	F: 9:00 T: 17:00	F: 9:00 T: 17:00	F: 9:00 T: 17:00	closed	closed	<b>Maynard Bent & Fagan</b> — Professional financial services in Downtown Kentville. Expert guidance for your financial goals, from accounting and tax planning to insurance and investment management. Serving the Annapolis Valley community.<br><i>📍 454 Main St</i> &nbsp;|&nbsp; 📞 902-678-2729 &nbsp;|&nbsp; 🌐 www.maynardbent.ns.ca	Maynard_Bent_Fagan.jpg	business-map	image		
The Ritcey Team	David	Ritcey	david.ritcey@scotiawealth.com	http://www.ritceyteam.com	902-678-0048	Business	Financial Services	1 Webster St	Kentville	NS B4N 2E4	Canada	45.0782724	-64.494458	1 Webster Street    Kentville  NS  B4N 3X3  CA	False	F: 9:00 T: 17:00	F: 9:00 T: 17:00	F: 9:00 T: 17:00	F: 9:00 T: 17:00	F: 9:00 T: 17:00	closed	closed	<b>The Ritcey Team</b> — Professional financial services in Downtown Kentville. Expert guidance for your financial goals, from accounting and tax planning to insurance and investment management. Serving the Annapolis Valley community.<br><i>📍 1 Webster St</i> &nbsp;|&nbsp; 📞 902-678-0048 &nbsp;|&nbsp; 🌐 www.ritceyteam.com	The_Ritcey_Team.jpg				
Kent & Duffett	Andy	Forse	andy@kentandduffett.ca	http://www.kentandduffett.ca	902-678-1125	Business	Financial Services	46 Chipman Dr Unit 1	Kentville	NS B4N 3V7	Canada	45.0639811	-64.5464013	46 Chipman Drive, Unit 1 KENTVILLE NS B4N 3V7	False	F: 9:00 T: 17:00	F: 9:00 T: 17:00	F: 9:00 T: 17:00	F: 9:00 T: 17:00	F: 9:00 T: 17:00	closed	closed	<b>Kent & Duffett</b> — Professional financial services in Downtown Kentville. Expert guidance for your financial goals, from accounting and tax planning to insurance and investment management. Serving the Annapolis Valley community.<br><i>📍 46 Chipman Dr Unit 1</i> &nbsp;|&nbsp; 📞 902-678-1125 &nbsp;|&nbsp; 🌐 www.kentandduffett.ca	Kent_Duffett.jpg				
Grant Thornton LLP	Duane	Sauinler	Duane.Saulnier@doane.gt.ca	http://www.ca.gt.com	902-690-2020	Business	Financial Services	15 Webster St	Kentville	NS B4N 1H4	Canada	45.07824	-64.49468	15 Webster Street    Kentville  NS  B4N 1H4  CA	False	F: 9:00 T: 17:00	F: 9:00 T: 17:00	F: 9:00 T: 17:00	F: 9:00 T: 17:00	F: 9:00 T: 17:00	closed	closed	<b>Grant Thornton LLP</b> — Professional financial services in Downtown Kentville. Expert guidance for your financial goals, from accounting and tax planning to insurance and investment management. Serving the Annapolis Valley community.<br><i>📍 15 Webster St</i> &nbsp;|&nbsp; 📞 902-690-2020 &nbsp;|&nbsp; 🌐 www.ca.gt.com	Grant_Thornton_LLP.jpg				
Herrit Income Tax Ltd	C. Lenn	Herritt	incometax@ns.sympatico.ca		902-679-2422	Business	Financial Services	41 Aberdeen St	Kentville	NS B4N 2N1	Canada	45.0779603	-64.4961712	41 Aberdeen St.    Kentville  NS  B4N 2M9  CA	False	F: 9:00 T: 17:00	F: 9:00 T: 17:00	F: 9:00 T: 17:00	F: 9:00 T: 17:00	F: 9:00 T: 17:00	closed	closed	<b>Herrit Income Tax Ltd</b> — Professional financial services in Downtown Kentville. Expert guidance for your financial goals, from accounting and tax planning to insurance and investment management. Serving the Annapolis Valley community.<br><i>📍 41 Aberdeen St</i> &nbsp;|&nbsp; 📞 902-679-2422	Herrit_Income_Tax_Ltd.jpg				
RBC Royal Bank	Darryl	Pike	darryl.pike@rbc.com	http://www.rbc.com	902-679-3884	Business	Financial Services	64 Webster St	Kentville	NS B4N 1H7	Canada	45.0780985	-64.4959642	64 Webster Street    Kentville  NS  B4N 1H4  CA	False	F: 9:30 T: 17:00	F: 9:30 T: 17:00	F: 9:30 T: 17:00	F: 9:30 T: 17:00	F: 9:30 T: 17:00	closed	closed	<b>RBC Royal Bank</b> — Professional financial services in Downtown Kentville. Expert guidance for your financial goals, from accounting and tax planning to insurance and investment management. Serving the Annapolis Valley community.<br><i>📍 64 Webster St</i> &nbsp;|&nbsp; 📞 902-679-3884 &nbsp;|&nbsp; 🌐 www.rbc.com	RBC_Royal_Bank.jpg				
Edward Jones	Catherine	Metzger Silver	catherine.metzger-silver@edwardjones.com	http://www.edwardjones.com	902-681-2300	Business	Financial Services	22 Bridge St	Kentville	NS B4N 2E3	Canada	45.077594	-64.4944818	22 Bridge Street    Kentville  NS  B4N 2E1  CA	False	F: 9:00 T: 17:00	F: 9:00 T: 17:00	F: 9:00 T: 17:00	F: 9:00 T: 17:00	F: 9:00 T: 17:00	closed	closed	<b>Edward Jones</b> — Professional financial services in Downtown Kentville. Expert guidance for your financial goals, from accounting and tax planning to insurance and investment management. Serving the Annapolis Valley community.<br><i>📍 22 Bridge St</i> &nbsp;|&nbsp; 📞 902-681-2300 &nbsp;|&nbsp; 🌐 www.edwardjones.com	Edward_Jones.jpg				
The Co-operators	Andrew	White	andrew_white@cooperators.ca	https://www.cooperators.ca/	902-792-8196	Business	Financial Services	12 Webster St	Kentville	NS B4N 1H7	Canada	45.0780218	-64.4949059	12 Webster St, Kentville, NS B4N 1H7	False	F: 9:00 T: 17:00	F: 9:00 T: 17:00	F: 9:00 T: 17:00	F: 9:00 T: 17:00	F: 9:00 T: 17:00	closed	closed	<b>The Co-operators</b> — Professional financial services in Downtown Kentville. Expert guidance for your financial goals, from accounting and tax planning to insurance and investment management. Serving the Annapolis Valley community.<br><i>📍 12 Webster St</i> &nbsp;|&nbsp; 📞 902-792-8196 &nbsp;|&nbsp; 🌐 www.cooperators.ca	The_Co-operators.jpg				
Phantom Effects	Jaimie	Peerless	jaimiepeerless@outlook.com	http://www.phantomeffects.com		Business	Salons / Spas / Barbers	325 Main St	Kentville	NS B4N 1K5	Canada	45.0770761	-64.4932805	325 Main Street Kentville	False	closed	F: 9:00 T: 17:00	F: 9:00 T: 17:00	F: 9:00 T: 19:00	F: 9:00 T: 17:00	F: 9:00 T: 15:00	closed	<b>Phantom Effects</b> — Special effects makeup, prosthetics, and creative artistry. From theatrical productions to film and events, bringing imagination to life.	Phantom_Effects.jpg				
Bridge Beauty Bar	Mel	Hiltz	melhiltz.hair@gmail.com; Info@bridgebeautybar.com	https://www.bridgebeautybar.com/		Business	Salons / Spas / Barbers	14 Bridge St	Kentville	NS B4N 2E1	Canada	45.0773292	-64.4944358	14 Bridge Street    Kentville  B4N 2E1  NS  CA	True	closed	F: 9:00 T: 17:00	F: 9:00 T: 17:00	F: 9:00 T: 19:00	F: 9:00 T: 17:00	F: 9:00 T: 15:00	closed	<b>Bridge Beauty Bar</b> — Full-service beauty bar in Downtown Kentville. Facials, lashes, brows, makeup, and skincare treatments. Feel pampered and polished.	Bridge_Beauty_Bar.jpg				
Enve Hair Salon	Angie	Sanford	envehair.angie@hotmail.com; enveofthecastle@gmail.com .		902-365-3683	Business	Salons / Spas / Barbers	326 Main St	Kentville	NS B4N 1K6	Canada	45.076454	-64.49411	326 Main Street    Kentville  NS  B4N 1K5  CA	True	closed	F: 9:00 T: 17:00	F: 9:00 T: 17:00	F: 9:00 T: 19:00	F: 9:00 T: 17:00	F: 9:00 T: 15:00	closed	<b>Enve Hair Salon</b> — Modern hair styling and colouring by skilled professionals. Cuts, colour, highlights, and treatments in a chic Downtown Kentville salon.	Enve_Hair_Salon.jpg				
Headliners Studio	Leisa	McNeil	leisamcneil@eastlink.ca	https://headlinersdesignstudio.com/	902-678-3742	Business	Salons / Spas / Barbers	510 Main St	Kentville	NS B4N 1L3	Canada	45.077574	-64.5016512	510 Main Street    Kentville  NS  B4N 1L3  CA	True	closed	F: 9:00 T: 17:00	F: 9:00 T: 17:00	F: 9:00 T: 19:00	F: 9:00 T: 17:00	F: 9:00 T: 15:00	closed	<b>Headliners Studio</b> — Creative hair design and barbering in Downtown Kentville. Fresh cuts, sharp fades, and expert styling for everyone.	Headliners_Studio.jpg				
Scissor Over Comb	Brittany/ Anthony	Buchan/ Marzilli	scissorovercombbarbershop@outlook.com	http://www.scissorovercomb.ca		Business	Salons / Spas / Barbers	379 Main St	Kentville	NS B4N 1K7	Canada	45.0772279	-64.4955166	379 Main St, Kentville, NS B4N 1K7	True	closed	F: 9:00 T: 17:00	F: 9:00 T: 17:00	F: 9:00 T: 19:00	F: 9:00 T: 17:00	F: 9:00 T: 15:00	closed	<b>Scissor Over Comb</b> — A classic barbershop experience in Downtown Kentville. Precision cuts, hot towel shaves, and good conversation.	Scissor_Over_Comb.jpg				
That's The Look Hair Studio	Kelly	Thomas	kellybthomas@hotmail.com		902-678-5711	Business	Salons / Spas / Barbers	409 Main St	Kentville	NS B4N 1K7	Canada	45.0773834	-64.4963749	409 Main Street    Kentville  NS  B4N 1K7  CA	False	closed	F: 9:00 T: 17:00	F: 9:00 T: 17:00	F: 9:00 T: 19:00	F: 9:00 T: 17:00	F: 9:00 T: 15:00	closed	<b>That's The Look Hair Studio</b> — Professional beauty and personal care services in Downtown Kentville. Skilled stylists and technicians dedicated to helping you look and feel your best. Walk-ins welcome or book an appointment today.<br><i>📍 409 Main St</i> &nbsp;|&nbsp; 📞 902-678-5711	Thats_The_Look_Hair_Studio.jpg				
Victor's Cut Barbershop	Victor	Arias	Victorcuts7@gmail.com		(902) 678-8888	Business	Salons / Spas / Barbers	17 River St #21	Kentville	NS B4N 1G8	Canada	45.0798302	-64.4956322	17 River St #21, Kentville, NS B4N 1G8	False	closed	F: 9:00 T: 17:00	F: 9:00 T: 17:00	F: 9:00 T: 19:00	F: 9:00 T: 17:00	F: 9:00 T: 15:00	closed	<b>Victor's Cut Barbershop</b> — Professional beauty and personal care services in Downtown Kentville. Skilled stylists and technicians dedicated to helping you look and feel your best. Walk-ins welcome or book an appointment today.<br><i>📍 17 River St #21</i> &nbsp;|&nbsp; 📞 (902) 678-8888	Victors_Cut_Barbershop.jpg				
Wink Eye Glamour	Michelle	May	winkeyeglamour@gmail.com	http://www.winkeyeglamour.com	902-680-1699	Business	Salons / Spas / Barbers	50A Webster St	Kentville	NS B4N 1H7	Canada	45.0781124	-64.4956389	50A Webster Street    Kentville  NS  B4N 1H7  CA	True	closed	F: 9:00 T: 17:00	F: 9:00 T: 17:00	F: 9:00 T: 19:00	F: 9:00 T: 17:00	F: 9:00 T: 15:00	closed	<b>Wink Eye Glamour</b> — Professional beauty and personal care services in Downtown Kentville. Skilled stylists and technicians dedicated to helping you look and feel your best. Walk-ins welcome or book an appointment today.<br><i>📍 50A Webster St</i> &nbsp;|&nbsp; 📞 902-680-1699 &nbsp;|&nbsp; 🌐 www.winkeyeglamour.com	Wink_Eye_Glamour.jpg				
Murphy's Barber	Sean	Murphy	smurphythebarber@yahoo.ca		(902) 599-2928	Business	Salons / Spas / Barbers	325 Main St	Kentville	NS B4N 1K5	Canada	45.0770761	-64.4932805	325 Main Street Kentville	False	closed	F: 9:00 T: 17:00	F: 9:00 T: 17:00	F: 9:00 T: 19:00	F: 9:00 T: 17:00	F: 9:00 T: 15:00	closed	<b>Murphy's Barber</b> — Professional beauty and personal care services in Downtown Kentville. Skilled stylists and technicians dedicated to helping you look and feel your best. Walk-ins welcome or book an appointment today.<br><i>📍 325 Main St</i> &nbsp;|&nbsp; 📞 (902) 599-2928	Murphys_Barber.jpg				
Remy's Nails & Spa	Remy		remynailsinc@gmail.com		902-678-8686	Business	Salons / Spas / Barbers	325 Main St #17	Kentville	NS B4N 1K5	Canada	45.0771106	-64.4932163	325 Main, Unit 17, Kentville	True	closed	F: 9:00 T: 17:00	F: 9:00 T: 17:00	F: 9:00 T: 19:00	F: 9:00 T: 17:00	F: 9:00 T: 15:00	closed	<b>Remy's Nails &amp; Spa</b> — Luxurious nail and spa services in Downtown Kentville. Manicures, pedicures, gel nails, and relaxing spa treatments. Treat yourself!	Remys_Nails_Spa.jpg				
Blue 50 Nails	Joyce		contact@blue50.ca	https://blue50.ca/	(902) 746-3668	Business	Salons / Spas / Barbers	41 Aberdeen St Unit 1-2	Kentville	NS B4N 2M9	Canada	45.0779603	-64.4961712	41 Aberdeen Street Unit 1-2	True	closed	F: 9:00 T: 17:00	F: 9:00 T: 17:00	F: 9:00 T: 19:00	F: 9:00 T: 17:00	F: 9:00 T: 15:00	closed	<b>Blue 50 Nails</b> — Professional beauty and personal care services in Downtown Kentville. Skilled stylists and technicians dedicated to helping you look and feel your best. Walk-ins welcome or book an appointment today.<br><i>📍 41 Aberdeen St Unit 1-2</i> &nbsp;|&nbsp; 📞 (902) 746-3668 &nbsp;|&nbsp; 🌐 blue50.ca	Blue_50_Nails.jpg				
						Business									False													
						Business									False													
AG Custom Apparel	Darin	Roche	darin@agcustomapparel.com	https://agcustom.deco-apparel.com/		Business	Shops							Wolfville?	False	F: 10:00 T: 17:30	F: 10:00 T: 17:30	F: 10:00 T: 17:30	F: 10:00 T: 17:30	F: 10:00 T: 17:30	F: 10:00 T: 17:00	closed	<b>AG Custom Apparel</b> — A welcoming retail destination in Downtown Kentville offering a curated selection of quality products and friendly, knowledgeable service. Stop by and discover something special on your next visit to Main Street.<br><i>📍 Downtown Kentville</i> &nbsp;|&nbsp; 🌐 agcustom.deco-apparel.com	AG_Custom_Apparel.jpg				
Valley Bubble Tea	Nelson	Soro	soronelson1@gmail.com	facebook	902-385-3913	Business	Eateries							Main Street	True	F: 11:00 T: 20:00	F: 11:00 T: 20:00	F: 11:00 T: 20:00	F: 11:00 T: 20:00	F: 11:00 T: 21:00	F: 11:00 T: 21:00	F: 12:00 T: 19:00	<b>Valley Bubble Tea &amp; Ice Cream</b> — A fun, colourful spot for bubble tea, milk tea, fruit tea, smoothies, and scooped ice cream. Customize your drink with tapioca pearls, popping boba, and more. A sweet stop for all ages on Main Street!<br><i>📍 Downtown Kentville</i> &nbsp;|&nbsp; 📞 902-385-3913 &nbsp;|&nbsp; 🌐 facebook	Valley_Bubble_Tea.jpg				
Paula Huntley, Event Planner	Paula	Huntley	huntley@ns.sympatico.ca		902-678-6692	Business	Specialty Services							home based business	False	F: 9:00 T: 17:00	F: 9:00 T: 17:00	F: 9:00 T: 17:00	F: 9:00 T: 17:00	F: 9:00 T: 17:00	closed	closed	<b>Paula Huntley, Event Planner</b> — Specialized professional services serving Kentville and the Annapolis Valley. Dedicated expertise and personalized attention for your unique needs.<br><i>📍 Downtown Kentville</i> &nbsp;|&nbsp; 📞 902-678-6692	Paula_Huntley_Event_Planner.jpg				
Michael DeLuca Woodworking	Michael	DeLuca	michaeldelucawoodworking@gmail.com	http://michaeldelucawoodworking.com	902-698-2974	Business	Specialty Services							home based business	False	F: 9:00 T: 17:00	F: 9:00 T: 17:00	F: 9:00 T: 17:00	F: 9:00 T: 17:00	F: 9:00 T: 17:00	closed	closed	<b>Michael DeLuca Woodworking</b> — Specialized professional services serving Kentville and the Annapolis Valley. Dedicated expertise and personalized attention for your unique needs.<br><i>📍 Downtown Kentville</i> &nbsp;|&nbsp; 📞 902-698-2974 &nbsp;|&nbsp; 🌐 michaeldelucawoodworking.com	Michael_DeLuca_Woodworking.jpg				
Ryan Roberts Music	Ryan	Roberts	ryanrobertsmusic@hotmail.com			Business	Specialty Services							home based business	False	F: 9:00 T: 17:00	F: 9:00 T: 17:00	F: 9:00 T: 17:00	F: 9:00 T: 17:00	F: 9:00 T: 17:00	closed	closed	<b>Ryan Roberts Music</b> — Specialized professional services serving Kentville and the Annapolis Valley. Dedicated expertise and personalized attention for your unique needs.<br><i>📍 Downtown Kentville</i> &nbsp;|&nbsp;	Ryan_Roberts_Music.jpg				
Chicken Farmers of Nova Scotia	Doreen	Samuels	chicken@nschickens.com			Business	Non-Profit Organizations								False	F: 8:30 T: 16:30	F: 8:30 T: 16:30	F: 8:30 T: 16:30	F: 8:30 T: 16:30	F: 8:30 T: 16:30	closed	closed	<b>Chicken Farmers of Nova Scotia</b> — A community organization serving Kentville and the Annapolis Valley. Working to make a positive difference through programs, services, and community engagement.<br><i>📍 Downtown Kentville</i> &nbsp;|&nbsp;	Chicken_Farmers_of_Nova_Scotia.jpg				
Chrysalis House Association	Ginger	MacPhee	director@chrysalishouse.ca	http://chrysalishouseassociation.org	902-679-1922	Business	Non-Profit Organizations							P.O. Box 356    Kentville  NS  B4N 3X1  CA	False	F: 8:30 T: 16:30	F: 8:30 T: 16:30	F: 8:30 T: 16:30	F: 8:30 T: 16:30	F: 8:30 T: 16:30	closed	closed	<b>Chrysalis House Association</b> — A community organization serving Kentville and the Annapolis Valley. Working to make a positive difference through programs, services, and community engagement.<br><i>📍 Downtown Kentville</i> &nbsp;|&nbsp; 📞 902-679-1922 &nbsp;|&nbsp; 🌐 chrysalishouseassociation.org	Chrysalis_House_Association.jpg				
Annapolis Valley Mountain Biking Association	Lorenzo	Caterini	l_caterini@bellaliant.net	https://avmba.ca/		Business	Non-Profit Organizations								False	F: 8:30 T: 16:30	F: 8:30 T: 16:30	F: 8:30 T: 16:30	F: 8:30 T: 16:30	F: 8:30 T: 16:30	closed	closed	<b>Annapolis Valley Mountain Biking Association</b> — A community organization serving Kentville and the Annapolis Valley. Working to make a positive difference through programs, services, and community engagement.<br><i>📍 Downtown Kentville</i> &nbsp;|&nbsp; 🌐 avmba.ca	Annapolis_Valley_Mountain_Biking_Association.jpg				
Wind Rose Web Design	Raina	Noel	raina@windrosewebdesign.com	http://www.windrosewebdesign.com	902-698-9005	Business	Tech / Communications							home based business	False	F: 8:30 T: 17:00	F: 8:30 T: 17:00	F: 8:30 T: 17:00	F: 8:30 T: 17:00	F: 8:30 T: 17:00	closed	closed	<b>Wind Rose Web Design</b> — Technology and communications solutions for businesses and individuals in the Annapolis Valley. From printing and signage to IT support and web design, we keep Kentville connected.<br><i>📍 Downtown Kentville</i> &nbsp;|&nbsp; 📞 902-698-9005 &nbsp;|&nbsp; 🌐 www.windrosewebdesign.com	Wind_Rose_Web_Design.jpg				
Creative Management Solutions	Jeffrey	Hosick	jeff@jeffreyhosick.com	http://www.jeffreyhosick.com	902-678-0538	Business	Specialty Services							home based business	False	F: 9:00 T: 17:00	F: 9:00 T: 17:00	F: 9:00 T: 17:00	F: 9:00 T: 17:00	F: 9:00 T: 17:00	closed	closed	<b>Creative Management Solutions</b> — Specialized professional services serving Kentville and the Annapolis Valley. Dedicated expertise and personalized attention for your unique needs.<br><i>📍 Downtown Kentville</i> &nbsp;|&nbsp; 📞 902-678-0538 &nbsp;|&nbsp; 🌐 www.jeffreyhosick.com	Creative_Management_Solutions.jpg				
Kentville After School Program	Julie	MacHattie	kentvilleafterschoolprogram@gmail.com			Business	Specialty Services								False	F: 9:00 T: 17:00	F: 9:00 T: 17:00	F: 9:00 T: 17:00	F: 9:00 T: 17:00	F: 9:00 T: 17:00	closed	closed	<b>Kentville After School Program</b> — Specialized professional services serving Kentville and the Annapolis Valley. Dedicated expertise and personalized attention for your unique needs.<br><i>📍 Downtown Kentville</i> &nbsp;|&nbsp;	Kentville_After_School_Program.jpg				
Tiger's Eye Tattoos	Stephen	Zinck	stephen.zinck@hotmail.com	https://www.instagram.com/tigerseye.tattoo/	902-440-2722	Business	Salons / Spas / Barbers							Main Street	False	closed	F: 9:00 T: 17:00	F: 9:00 T: 17:00	F: 9:00 T: 19:00	F: 9:00 T: 17:00	F: 9:00 T: 15:00	closed	<b>Tiger's Eye Tattoos</b> — Custom tattoo artistry in Downtown Kentville. Original designs, cover-ups, and fine line work by experienced artists in a clean, professional studio.	Tigers_Eye_Tattoos.jpg				
Apple Valley Foods Inc.	Jeff	Sarsfield	jsarsfield@applevalleyfoods.com	http://www.applevalleyfoods.com	902-679-4701	Business	Specialty Services							PO Box 516    Kentville  NS  B4N 3X3  CA	False	F: 9:00 T: 17:00	F: 9:00 T: 17:00	F: 9:00 T: 17:00	F: 9:00 T: 17:00	F: 9:00 T: 17:00	closed	closed	<b>Apple Valley Foods Inc.</b> — Specialized professional services serving Kentville and the Annapolis Valley. Dedicated expertise and personalized attention for your unique needs.<br><i>📍 Downtown Kentville</i> &nbsp;|&nbsp; 📞 902-679-4701 &nbsp;|&nbsp; 🌐 www.applevalleyfoods.com	Apple_Valley_Foods_Inc.jpg				
Open Secrets Independent Booksellers			opensecretsbooks@gmail.com	https://www.opensecretsbooks.ca/		Business	Shops	38 Bridge St	Kentville	NS B4N 2E1	Canada				True	F: 10:00 T: 17:30	F: 10:00 T: 17:30	F: 10:00 T: 17:30	F: 10:00 T: 17:30	F: 10:00 T: 17:30	F: 10:00 T: 17:00	closed	<b>Open Secrets Independent Booksellers</b> — An independent bookshop on Bridge Street specializing in thoughtfully curated titles. A welcoming space for book lovers and literary explorers.	Open_Secrets_Independent_Booksellers.jpg				
Glimpse Hair & Esthetics				https://glimpsehairesthetics.ca/	(902) 680-3724	Business	Salons / Spas / Barbers	401-C Main St	Kentville	NS B4N 1K6	Canada				True	closed	F: 9:00 T: 17:00	F: 9:00 T: 17:00	F: 9:00 T: 19:00	F: 9:00 T: 17:00	F: 9:00 T: 15:00	closed	<b>Glimpse Hair &amp; Esthetics</b> — Hair styling and esthetic services in a modern, welcoming environment. Cuts, colour, skincare, and beauty treatments on Main Street.	Glimpse_Hair_Esthetics.jpg				
Threadbarrow						Business	Shops	19 Aberdeen St	Kentville	NS B4N 2M9	Canada				True	F: 10:00 T: 17:30	F: 10:00 T: 17:30	F: 10:00 T: 17:30	F: 10:00 T: 17:30	F: 10:00 T: 17:30	F: 10:00 T: 17:00	closed	<b>Threadbarrow</b> — A creative sewing and fabric shop on Aberdeen Street. Fabrics, notions, patterns, and classes for makers and crafters of all levels.	Threadbarrow.jpg				
