name	lat	lng	category	subcategory	description	phone	website	address	hours_mon	hours_tue	hours_wed	hours_thu	hours_fri	hours_sat	hours_sun	image_file
Ресторан El Gusto. Банкетні зали на весілля. Ресторан для святкування	49.278851	23.875361	Business	Restaurant	"<b>Ресторан El Gusto. Банкетні зали на весілля. Ресторан для святкування</b><br><i>Е 471, Stryi, L'vivs'ka oblast, Ukraine, 82427</i><br>Tel: 068 775 1897<br><a href=""https://elgusto.com.ua/"">https://elgusto.com.ua/</a>"	068 775 1897	https://elgusto.com.ua/	Е 471, Stryi, L'vivs'ka oblast, Ukraine, 82427	F: 10:00 T: 22:00	F: 10:00 T: 22:00	F: 10:00 T: 22:00	F: 10:00 T: 22:00	F: 10:00 T: 22:00	F: 10:00 T: 22:00	F: 10:00 T: 22:00	el-gusto.jpg
"Sauna ""Andrei"""	49.224002	23.8118788	Business	Restaurant	"<b>Sauna ""Andrei""</b><br><i>Ob'izna Rd, Stryi, L'vivs'ka oblast, Ukraine, 82434</i><br>Tel: 063 036 8387"	063 036 8387		Ob'izna Rd, Stryi, L'vivs'ka oblast, Ukraine, 82434	closed	closed	closed	closed	closed	closed	F: 00:00 T: 23:59	sauna-andrei.jpg
FreeHouse	49.2598353	23.8535197	Business	Bar	<b>FreeHouse</b><br><i>Tarasa Shevchenka St, 107, Stryi, L'vivs'ka oblast, Ukraine, 82402</i><br>Tel: 093 877 5287	093 877 5287		Tarasa Shevchenka St, 107, Stryi, L'vivs'ka oblast, Ukraine, 82402	F: 10:00 T: 23:00	F: 10:00 T: 23:00	F: 10:00 T: 23:00	F: 10:00 T: 23:00	F: 10:00 T: 23:00	F: 10:00 T: 23:00	F: 11:00 T: 23:00	freehouse.jpg
A la minute	49.24797909999999	23.8562901	Business	Restaurant	"<b>A la minute</b><br><i>Bolekhivska St, 49, Stryi, L'vivs'ka oblast, Ukraine, 82400</i><br>Tel: 0800 501 101<br><a href=""https://www.okko.ua/restaurants"">https://www.okko.ua/restaurants</a>"	0800 501 101	https://www.okko.ua/restaurants	Bolekhivska St, 49, Stryi, L'vivs'ka oblast, Ukraine, 82400	F: 07:00 T: 22:00	F: 07:00 T: 22:00	F: 07:00 T: 22:00	F: 07:00 T: 22:00	F: 07:00 T: 22:00	F: 07:00 T: 22:00	F: 07:00 T: 22:00	a-la-minute.jpg
"Pizzeria ""Tarantella"""	49.2573849	23.85886019999999	Business	Restaurant	"<b>Pizzeria ""Tarantella""</b><br><i>Успенська41В, Stryi, L'vivs'ka oblast, Ukraine, 82400</i><br>Tel: 099 662 3331<br><a href=""http://tarantella.com.ua/about_company"">http://tarantella.com.ua/about_company</a>"	099 662 3331	http://tarantella.com.ua/about_company	Успенська41В, Stryi, L'vivs'ka oblast, Ukraine, 82400	F: 10:00 T: 16:00	F: 10:00 T: 16:00	F: 10:00 T: 16:00	F: 10:00 T: 16:00	F: 10:00 T: 16:00	F: 10:00 T: 16:00	closed	pizzeria-tarantella.jpg
Dim Pitsy Taomi	49.2609738	23.8568957	Business	Restaurant	"<b>Dim Pitsy Taomi</b><br><i>Tarasa Shevchenka St, 76/а, Stryi, L'vivs'ka oblast, Ukraine, 82400</i><br><a href=""https://www.taomi.com.ua/"">https://www.taomi.com.ua/</a>"		https://www.taomi.com.ua/	Tarasa Shevchenka St, 76/а, Stryi, L'vivs'ka oblast, Ukraine, 82400	F: 10:00 T: 22:00	F: 10:00 T: 22:00	F: 10:00 T: 22:00	F: 10:00 T: 22:00	F: 10:00 T: 22:00	F: 10:00 T: 22:00	F: 10:00 T: 22:00	dim-pitsy-taomi.jpg
Restoran Versalʹ	49.27047719999999	23.8708	Business	Restaurant	"<b>Restoran Versalʹ</b><br><i>L'vivska St, 146А, Stryi, L'vivs'ka oblast, Ukraine, 82400</i><br>Tel: 067 182 9129<br><a href=""http://versal-ars.com/"">http://versal-ars.com/</a>"	067 182 9129	http://versal-ars.com/	L'vivska St, 146А, Stryi, L'vivs'ka oblast, Ukraine, 82400	closed	closed	closed	closed	closed	F: 00:00 T: 00:00	closed	restoran-versal.jpg
Vulyk	49.2219145	23.8094117	Business	Restaurant	"<b>Vulyk</b><br><i>с.Дуліби, вул. Шевченка, 416 Б (траса Київ-Стрий-Чоп, 3 км. від м.Стрий, Duliby, L'vivs'ka oblast, Ukraine, 82434</i><br>Tel: 096 130 1555<br><a href=""http://wulyk.com.ua/"">http://wulyk.com.ua/</a>"	096 130 1555	http://wulyk.com.ua/	с.Дуліби, вул. Шевченка, 416 Б (траса Київ-Стрий-Чоп, 3 км. від м.Стрий, Duliby, L'vivs'ka oblast, Ukraine, 82434	F: 11:00 T: 22:00	F: 11:00 T: 22:00	F: 11:00 T: 22:00	F: 11:00 T: 22:00	F: 11:00 T: 22:00	F: 11:00 T: 22:00	F: 11:00 T: 22:00	vulyk.jpg
Familia-banquet hall	49.25642389999999	23.84666559999999	Business	Restaurant	"<b>Familia-banquet hall</b><br><i>Tarasa Shevchenka St, 55Б, Stryi, L'vivs'ka oblast, Ukraine, 82400</i><br>Tel: 068 320 6006<br><a href=""https://storinka.menu/yR6"">https://storinka.menu/yR6</a>"	068 320 6006	https://storinka.menu/yR6	Tarasa Shevchenka St, 55Б, Stryi, L'vivs'ka oblast, Ukraine, 82400	F: 10:00 T: 22:00	F: 10:00 T: 22:00	F: 10:00 T: 22:00	F: 10:00 T: 22:00	F: 10:00 T: 22:00	F: 10:00 T: 22:00	F: 10:00 T: 22:00	familia-banquet-hall.jpg
Yuni - Misʹke Kafe	49.2558921	23.8478719	Business	Restaurant	"<b>Yuni - Misʹke Kafe</b><br><i>Konoval'tsya St, 2, Stryi, L'vivs'ka oblast, Ukraine, 82401</i><br>Tel: 096 240 5020<br><a href=""https://www.instagram.com/yuni.stryi"">https://www.instagram.com/yuni.stryi</a>"	096 240 5020	https://www.instagram.com/yuni.stryi	Konoval'tsya St, 2, Stryi, L'vivs'ka oblast, Ukraine, 82401	F: 10:00 T: 22:00	F: 10:00 T: 22:00	F: 10:00 T: 22:00	F: 10:00 T: 22:00	F: 10:00 T: 22:00	F: 10:00 T: 22:00	F: 10:00 T: 22:00	yuni-miske-kafe.jpg
Ravlyk sushi	49.2571972	23.8478818	Business	Restaurant	"<b>Ravlyk sushi</b><br><i>Tarasa Shevchenka St, 63а, Stryi, L'vivs'ka oblast, Ukraine, 82401</i><br>Tel: 096 068 9129<br><a href=""https://www.instagram.com/ravlyk.sushi/?next=%2F"">https://www.instagram.com/ravlyk.sushi/?next=%2F</a>"	096 068 9129	https://www.instagram.com/ravlyk.sushi/?next=%2F	Tarasa Shevchenka St, 63а, Stryi, L'vivs'ka oblast, Ukraine, 82401	F: 11:00 T: 22:30	F: 11:00 T: 23:00	F: 11:00 T: 23:00	F: 11:00 T: 23:00	F: 11:00 T: 23:00	F: 11:00 T: 23:00	F: 11:00 T: 23:00	ravlyk-sushi.jpg
Kombo Pizza	49.2588008	23.8433518	Business	Restaurant	"<b>Kombo Pizza</b><br><i>V'yacheslava Chornovola Ave, 7, Stryi, L'vivs'ka oblast, Ukraine, 82400</i><br>Tel: 066 872 5469<br><a href=""https://kombo.co.ua/"">https://kombo.co.ua/</a>"	066 872 5469	https://kombo.co.ua/	V'yacheslava Chornovola Ave, 7, Stryi, L'vivs'ka oblast, Ukraine, 82400	F: 10:00 T: 22:00	F: 10:00 T: 22:00	F: 10:00 T: 22:00	F: 10:00 T: 22:00	F: 10:00 T: 22:00	F: 10:00 T: 22:00	F: 10:00 T: 22:00	kombo-pizza.jpg
Khinkalʹnya	49.2560691	23.8499183	Business	Restaurant	<b>Khinkalʹnya</b><br><i>Narodna St, 10, Stryi, L'vivs'ka oblast, Ukraine, 82400</i><br>Tel: 073 134 4645	073 134 4645		Narodna St, 10, Stryi, L'vivs'ka oblast, Ukraine, 82400	F: 10:00 T: 20:00	F: 10:00 T: 20:00	F: 10:00 T: 20:00	F: 10:00 T: 20:00	F: 10:00 T: 22:00	F: 10:00 T: 22:00	F: 11:00 T: 22:00	khinkalnya.jpg
Time out	49.2584354	23.8476833	Business	Restaurant	"<b>Time out</b><br><i>Olesnyts'koho St, 11, Stryi, L'vivs'ka oblast, Ukraine, 82400</i><br>Tel: 066 107 6871<br><a href=""https://time-out6.ps.me/?fbclid=PAQ0xDSwK8izBleHRuA2FlbQIxMQABp2hKlIXGz1WQMe8AArpXCJhnisl--KDgYnzq7kI4VxF0DiPVTfx8temvxMog_aem_v1g7Y7-ozAjmXqgwAVVpJQ"">https://time-out6.ps.me/?fbclid=PAQ0xDSwK8izBleHRuA2FlbQIxMQABp2hKlIXGz1WQMe8AArpXCJhnisl--KDgYnzq7kI4VxF0DiPVTfx8temvxMog_aem_v1g7Y7-ozAjmXqgwAVVpJQ</a>"	066 107 6871	https://time-out6.ps.me/?fbclid=PAQ0xDSwK8izBleHRuA2FlbQIxMQABp2hKlIXGz1WQMe8AArpXCJhnisl--KDgYnzq7kI4VxF0DiPVTfx8temvxMog_aem_v1g7Y7-ozAjmXqgwAVVpJQ	Olesnyts'koho St, 11, Stryi, L'vivs'ka oblast, Ukraine, 82400	F: 09:00 T: 22:00	F: 09:00 T: 22:00	F: 09:00 T: 22:00	F: 09:00 T: 22:00	F: 09:00 T: 22:00	F: 09:00 T: 22:00	F: 10:00 T: 22:00	time-out.jpg
"""Smachnyy Shlyakh"" Simeyna Cheburechna"	49.2592403	23.842495	Business	Restaurant	"<b>""Smachnyy Shlyakh"" Simeyna Cheburechna</b><br><i>V'yacheslava Chornovola Ave, 2, Stryi, L'vivs'ka oblast, Ukraine, 82404</i><br>Tel: 093 498 2939"	093 498 2939		V'yacheslava Chornovola Ave, 2, Stryi, L'vivs'ka oblast, Ukraine, 82404	F: 09:00 T: 21:00	F: 09:00 T: 21:00	F: 09:00 T: 21:00	F: 09:00 T: 21:00	F: 09:00 T: 21:00	F: 09:00 T: 21:00	F: 10:00 T: 21:00	smachnyy-shlyakh-simeyna-cheburechna.jpg
Піцерія IQ Pizza	49.25750790000001	23.8493557	Business	Restaurant	"<b>Піцерія IQ Pizza</b><br><i>Tarasa Shevchenka St, 34, Stryi, L'vivs'ka oblast, Ukraine, 82400</i><br>Tel: 068 115 1010<br><a href=""https://www.iqpizza.com.ua/"">https://www.iqpizza.com.ua/</a>"	068 115 1010	https://www.iqpizza.com.ua/	Tarasa Shevchenka St, 34, Stryi, L'vivs'ka oblast, Ukraine, 82400	F: 10:00 T: 22:00	F: 10:00 T: 22:00	F: 10:00 T: 22:00	F: 10:00 T: 22:00	F: 10:00 T: 22:00	F: 10:00 T: 22:00	F: 10:00 T: 22:00	iq-pizza.jpg
Motilla del Palancar	49.2593889	23.8418056	Business	Restaurant	<b>Motilla del Palancar</b><br><i>Vokzalna St, 11, Stryi, L'vivs'ka oblast, Ukraine, 82400</i>			Vokzalna St, 11, Stryi, L'vivs'ka oblast, Ukraine, 82400								
"""Opal"""	49.2550697	23.8520499	Business	Restaurant	"<b>""Opal""</b><br><i>Nebesnoyi Sotni Vulytsya, 4, Stryi, L'vivs'ka oblast, Ukraine, 82400</i><br>Tel: 067 704 4156<br><a href=""https://list.in.ua/%D0%A0%D0%B5%D1%81%D1%82%D0%BE%D1%80%D0%B0%D0%BD%D0%B8/166454/%D0%9E%D0%BF%D0%B0%D0%BB-%D0%A1%D1%82%D1%80%D0%B8%D0%B9"">https://list.in.ua/%D0%A0%D0%B5%D1%81%D1%82%D0%BE%D1%80%D0%B0%D0%BD%D0%B8/166454/%D0%9E%D0%BF%D0%B0%D0%BB-%D0%A1%D1%82%D1%80%D0%B8%D0%B9</a>"	067 704 4156	https://list.in.ua/%D0%A0%D0%B5%D1%81%D1%82%D0%BE%D1%80%D0%B0%D0%BD%D0%B8/166454/%D0%9E%D0%BF%D0%B0%D0%BB-%D0%A1%D1%82%D1%80%D0%B8%D0%B9	Nebesnoyi Sotni Vulytsya, 4, Stryi, L'vivs'ka oblast, Ukraine, 82400	F: 10:00 T: 21:00	F: 10:00 T: 23:00	F: 10:00 T: 23:00	F: 10:00 T: 23:00	F: 10:00 T: 23:00	F: 10:00 T: 23:00	F: 10:00 T: 23:00	opal.jpg
"Фаст-фуд ""Гурман"" Майдан Ринок fastfood Gurman"	49.256156	23.85236	Business	Restaurant	"<b>Фаст-фуд ""Гурман"" Майдан Ринок fastfood Gurman</b><br><i>Vulytsya Maydan Rynok, 2, Stryi, L'vivs'ka oblast, Ukraine, 82400</i><br>Tel: 063 771 7452"	063 771 7452		Vulytsya Maydan Rynok, 2, Stryi, L'vivs'ka oblast, Ukraine, 82400								fastfood-gurman.jpg
Сімейна ресторація FREEDOM	49.2570126	23.8528994	Business	Restaurant	"<b>Сімейна ресторація FREEDOM</b><br><i>Lyudkevycha St, 14, Stryi, L'vivs'ka oblast, Ukraine, 82404</i><br>Tel: 093 602 1125<br><a href=""https://freedom.skymarket.online/"">https://freedom.skymarket.online/</a>"	093 602 1125	https://freedom.skymarket.online/	Lyudkevycha St, 14, Stryi, L'vivs'ka oblast, Ukraine, 82404	F: 11:00 T: 22:00	F: 11:00 T: 22:00	F: 11:00 T: 22:00	F: 11:00 T: 22:00	F: 11:00 T: 22:00	F: 11:00 T: 22:00	F: 12:00 T: 22:00	freedom.jpg
Gabar	49.2575011	23.8528727	Business	Restaurant	<b>Gabar</b><br><i>Valova St, 14, Stryi, L'vivs'ka oblast, Ukraine, 82400</i><br>Tel: 093 486 9234	093 486 9234		Valova St, 14, Stryi, L'vivs'ka oblast, Ukraine, 82400								gabar.jpg
Кебабця	49.2582756	23.8522472	Business	Restaurant	"<b>Кебабця</b><br><i>Valova St, 6, Stryi, L'vivs'ka oblast, Ukraine, 82400</i><br>Tel: 063 770 0987<br><a href=""https://kebabtsia.com/"">https://kebabtsia.com/</a>"	063 770 0987	https://kebabtsia.com/	Valova St, 6, Stryi, L'vivs'ka oblast, Ukraine, 82400	F: 10:00 T: 22:00	F: 10:00 T: 22:00	F: 10:00 T: 22:00	F: 10:00 T: 22:00	F: 10:00 T: 22:00	F: 10:00 T: 22:00	F: 10:00 T: 22:00	x-06a39343bd.jpg
Mahnoliya	49.2539613	23.854142	Business	Restaurant	<b>Mahnoliya</b><br><i>Markiyana Shashkevycha St, 1, Stryi, L'vivs'ka oblast, Ukraine, 82400</i><br>Tel: 050 506 3500	050 506 3500		Markiyana Shashkevycha St, 1, Stryi, L'vivs'ka oblast, Ukraine, 82400	closed	F: 11:00 T: 21:00	F: 11:00 T: 21:00	F: 11:00 T: 21:00	F: 11:00 T: 21:00	F: 11:00 T: 21:00	F: 11:00 T: 21:00	
Berehynya	49.25729130000001	23.8531862	Business	Restaurant	<b>Berehynya</b><br><i>Valova St, 13, Stryi, L'vivs'ka oblast, Ukraine, 82400</i>			Valova St, 13, Stryi, L'vivs'ka oblast, Ukraine, 82400								berehynya.jpg
Перша Пекарня Твого Міста Стрий	49.2569834	23.85342859999999	Business	Food	"<b>Перша Пекарня Твого Міста Стрий</b><br><i>Valova St, 19, Stryi, L'vivs'ka oblast, Ukraine, 82400</i><br>Tel: 097 708 1090<br><a href=""https://www.instagram.com/persha_pekarnya_tvogo_mista/?hl=uk"">https://www.instagram.com/persha_pekarnya_tvogo_mista/?hl=uk</a>"	097 708 1090	https://www.instagram.com/persha_pekarnya_tvogo_mista/?hl=uk	Valova St, 19, Stryi, L'vivs'ka oblast, Ukraine, 82400	F: 08:00 T: 20:00	F: 08:00 T: 20:00	F: 08:00 T: 20:00	F: 08:00 T: 20:00	F: 08:00 T: 20:00	F: 08:00 T: 20:00	F: 09:00 T: 20:00	x-6107628da0.jpg
Zastavna	49.2589929	23.8520888	Business	Restaurant	<b>Zastavna</b><br><i>Tarasa Shevchenka St, Stryi, L'vivs'ka oblast, Ukraine, 82404</i>			Tarasa Shevchenka St, Stryi, L'vivs'ka oblast, Ukraine, 82404								
Tut неаполітанська піца	49.2568842	23.8544636	Business	Restaurant	"<b>Tut неаполітанська піца</b><br><i>Bohdana Khmel'nyts'koho St, Stryi, L'vivs'ka oblast, Ukraine, 82404</i><br><a href=""https://tutneapolitanpizza.choiceqr.com/"">https://tutneapolitanpizza.choiceqr.com/</a>"		https://tutneapolitanpizza.choiceqr.com/	Bohdana Khmel'nyts'koho St, Stryi, L'vivs'ka oblast, Ukraine, 82404	closed	closed	closed	closed	closed	closed	F: 00:00 T: 23:59	tut.jpg
Mr.Burger	49.2553697	23.8558721	Business	Restaurant	<b>Mr.Burger</b><br><i>Vulytsya Uspensʹka, 33, Stryi, L'vivs'ka oblast, Ukraine, 82400</i><br>Tel: 093 849 4538	093 849 4538		Vulytsya Uspensʹka, 33, Stryi, L'vivs'ka oblast, Ukraine, 82400								mr-burger.jpg
Kafe	49.2595676	23.8531104	Business	Restaurant	<b>Kafe</b><br><i>Tarasa Shevchenka St, 105, Stryi, L'vivs'ka oblast, Ukraine, 82400</i>			Tarasa Shevchenka St, 105, Stryi, L'vivs'ka oblast, Ukraine, 82400	F: 10:00 T: 03:00	F: 10:00 T: 03:00	F: 10:00 T: 03:00	F: 10:00 T: 03:00	F: 10:00 T: 03:00	F: 10:00 T: 03:00	F: 10:00 T: 03:00	kafe.jpg
Kafe Krokus	49.25437400000001	23.8301983	Business	Restaurant	"<b>Kafe Krokus</b><br><i>Symona Petlyury St, 2, Stryi, L'vivs'ka oblast, Ukraine, 82400</i><br>Tel: 067 445 1062<br><a href=""https://list.in.ua/%D0%9A%D0%B0%D1%84%D0%B5/70107/%D0%9A%D1%80%D0%BE%D0%BA%D1%83%D1%81-%D0%A1%D1%82%D1%80%D0%B8%D0%B9"">https://list.in.ua/%D0%9A%D0%B0%D1%84%D0%B5/70107/%D0%9A%D1%80%D0%BE%D0%BA%D1%83%D1%81-%D0%A1%D1%82%D1%80%D0%B8%D0%B9</a>"	067 445 1062	https://list.in.ua/%D0%9A%D0%B0%D1%84%D0%B5/70107/%D0%9A%D1%80%D0%BE%D0%BA%D1%83%D1%81-%D0%A1%D1%82%D1%80%D0%B8%D0%B9	Symona Petlyury St, 2, Stryi, L'vivs'ka oblast, Ukraine, 82400	F: 10:00 T: 22:00	F: 10:00 T: 22:00	F: 10:00 T: 22:00	F: 10:00 T: 22:00	F: 10:00 T: 22:00	F: 10:00 T: 22:00	F: 10:00 T: 22:00	kafe-krokus.jpg
Sushi Тake Out	49.2603406	23.8530552	Business	Restaurant	"<b>Sushi Тake Out</b><br><i>Tarasa Shevchenka St, 107, Stryi, L'vivs'ka oblast, Ukraine, 82400</i><br>Tel: 096 950 6452<br><a href=""https://sushi-take-out.com.ua/"">https://sushi-take-out.com.ua/</a>"	096 950 6452	https://sushi-take-out.com.ua/	Tarasa Shevchenka St, 107, Stryi, L'vivs'ka oblast, Ukraine, 82400	F: 10:00 T: 21:00	F: 10:00 T: 21:00	F: 10:00 T: 21:00	F: 10:00 T: 21:00	F: 10:00 T: 21:00	F: 10:00 T: 21:00	F: 10:00 T: 21:00	sushi-ake-out.jpg
FIRE PLATZ	49.25462290000001	23.8294213	Business	Bar	"<b>FIRE PLATZ</b><br><i>Задній двір, 2поверх, Symona Petlyury St, 2, Stryi, L'vivs'ka oblast, Ukraine, 82404</i><br>Tel: 095 410 8415<br><a href=""http://instagram.com/fire_platz"">http://instagram.com/fire_platz</a>"	095 410 8415	http://instagram.com/fire_platz	Задній двір, 2поверх, Symona Petlyury St, 2, Stryi, L'vivs'ka oblast, Ukraine, 82404								fire-platz.jpg
TistoBar By 612km	49.25973010000001	23.8555412	Business	Restaurant	"<b>TistoBar By 612km</b><br><i>Andriya Korchaka St, 7, Stryi, L'vivs'ka oblast, Ukraine, 82404</i><br>Tel: 096 612 6120<br><a href=""https://www.tistobar.com/"">https://www.tistobar.com/</a>"	096 612 6120	https://www.tistobar.com/	Andriya Korchaka St, 7, Stryi, L'vivs'ka oblast, Ukraine, 82404	F: 08:00 T: 21:00	F: 08:00 T: 21:00	F: 02:00 T: 21:00	F: 08:00 T: 21:00	F: 08:00 T: 21:00	F: 08:00 T: 21:00	closed	tistobar-by-612km.jpg
Time Out Street Food	49.2571248	23.8580639	Business	Restaurant	<b>Time Out Street Food</b><br><i>Zelena St, 27, Stryi, L'vivs'ka oblast, Ukraine, 82400</i><br>Tel: 096 122 9775	096 122 9775		Zelena St, 27, Stryi, L'vivs'ka oblast, Ukraine, 82400	F: 09:00 T: 17:00	F: 09:00 T: 17:00	F: 09:00 T: 17:00	F: 09:00 T: 17:00	F: 09:00 T: 17:00	F: 09:00 T: 17:00	closed	time-out-street-food.jpg
Hotel Magnet	49.2516517	23.8586826	Business	Accommodation	"<b>Hotel Magnet</b> — Straightforward hotel offering free breakfast, an international restaurant & 2 24-hour bars.<br><i>Markiyana Shashkevycha St, 21, Stryi, L'vivs'ka oblast, Ukraine, 82400</i><br>Tel: 066 880 9610<br><a href=""http://www.hotelmagnet.com.ua/"">http://www.hotelmagnet.com.ua/</a>"	066 880 9610	http://www.hotelmagnet.com.ua/	Markiyana Shashkevycha St, 21, Stryi, L'vivs'ka oblast, Ukraine, 82400	closed	closed	closed	closed	closed	closed	F: 00:00 T: 23:59	hotel-magnet.jpg
«Смачний Шлях» сімейна чебуречна м.Стрий	49.2570456	23.858701	Business	Restaurant	<b>«Смачний Шлях» сімейна чебуречна м.Стрий</b><br><i>Vulytsya Uspensʹka, 50, Stryi, L'vivs'ka oblast, Ukraine, 82402</i><br>Tel: 096 484 8302	096 484 8302		Vulytsya Uspensʹka, 50, Stryi, L'vivs'ka oblast, Ukraine, 82402	F: 09:00 T: 18:00	F: 09:00 T: 18:00	F: 09:00 T: 18:00	F: 09:00 T: 18:00	F: 09:00 T: 18:00	F: 09:00 T: 18:00	closed	x-4d5c6ace8a.jpg
Dacha	49.2439371	23.8505824	Business	Restaurant	"<b>Dacha</b><br><i>Holovins'koho St, 8, Stryi, L'vivs'ka oblast, Ukraine, 82402</i><br>Tel: 077 113 2270<br><a href=""http://restoran-dacha.choiceqr.com/"">http://restoran-dacha.choiceqr.com/</a>"	077 113 2270	http://restoran-dacha.choiceqr.com/	Holovins'koho St, 8, Stryi, L'vivs'ka oblast, Ukraine, 82402	F: 11:00 T: 22:00	F: 11:00 T: 22:00	F: 11:00 T: 22:00	F: 11:00 T: 22:00	F: 11:00 T: 23:00	F: 11:00 T: 23:00	F: 11:00 T: 22:00	dacha.jpg
Smachno Yak U Mamy	49.257751	23.8600809	Business	Restaurant	<b>Smachno Yak U Mamy</b><br><i>Vulytsya Uspensʹka, 41а, Stryi, L'vivs'ka oblast, Ukraine, 82402</i>			Vulytsya Uspensʹka, 41а, Stryi, L'vivs'ka oblast, Ukraine, 82402								
Turkish Döner	49.2434702	23.8381376	Business	Restaurant	<b>Turkish Döner</b><br><i>Skolivska St, 25-Б, Stryi, L'vivs'ka oblast, Ukraine, 82401</i>			Skolivska St, 25-Б, Stryi, L'vivs'ka oblast, Ukraine, 82401	F: 09:00 T: 22:00	F: 09:00 T: 22:00	F: 09:00 T: 22:00	F: 09:00 T: 22:00	F: 09:00 T: 22:00	F: 09:00 T: 22:00	F: 09:00 T: 22:00	turkish-doner.jpg
Kiosk	49.24314199999999	23.8369893	Business	Restaurant	<b>Kiosk</b><br><i>Saksahans'koho St, Stryi, L'vivs'ka oblast, Ukraine, 82401</i>			Saksahans'koho St, Stryi, L'vivs'ka oblast, Ukraine, 82401	F: 06:00 T: 19:00	F: 06:00 T: 19:00	F: 06:00 T: 19:00	F: 06:00 T: 19:00	F: 06:00 T: 19:00	F: 06:00 T: 19:00	F: 07:00 T: 12:00	kiosk.jpg
Kompleksni Obidy U Mar'yany	49.25832260000001	23.8611339	Business	Restaurant	<b>Kompleksni Obidy U Mar'yany</b><br><i>Vulytsya Uspensʹka, 64, Stryi, L'vivs'ka oblast, Ukraine, 82400</i><br>Tel: 066 088 8067	066 088 8067		Vulytsya Uspensʹka, 64, Stryi, L'vivs'ka oblast, Ukraine, 82400	F: 09:00 T: 16:00	F: 09:00 T: 16:00	F: 09:00 T: 16:00	F: 09:00 T: 16:00	F: 09:00 T: 16:00	F: 09:00 T: 16:00	closed	
Stryysʹka Pitsa	49.2621141	23.8586788	Business	Restaurant	"<b>Stryysʹka Pitsa</b><br><i>Tarasa Shevchenka St, 173, Stryi, L'vivs'ka oblast, Ukraine, 82400</i><br>Tel: 098 216 2688<br><a href=""https://lovepizza.com.ua/"">https://lovepizza.com.ua/</a>"	098 216 2688	https://lovepizza.com.ua/	Tarasa Shevchenka St, 173, Stryi, L'vivs'ka oblast, Ukraine, 82400	F: 11:00 T: 22:00	F: 11:00 T: 22:00	F: 11:00 T: 22:00	F: 11:00 T: 22:00	F: 11:00 T: 22:00	F: 11:00 T: 22:00	F: 11:00 T: 22:00	stryyska-pitsa.jpg
"Simeyna Kondytersʹka - Pekarnya ""Tortenyatko"""	49.26127409999999	23.8614452	Business	Food	"<b>Simeyna Kondytersʹka - Pekarnya ""Tortenyatko""</b><br><i>Bohdana Khmel'nyts'koho St, 68, Stryi, L'vivs'ka oblast, Ukraine, 82400</i><br>Tel: 068 626 8301<br><a href=""https://www.instagram.com/torteniatko.bakery?igsh=MTBrejNsc3BzZDM3OQ=="">https://www.instagram.com/torteniatko.bakery?igsh=MTBrejNsc3BzZDM3OQ==</a>"	068 626 8301	https://www.instagram.com/torteniatko.bakery?igsh=MTBrejNsc3BzZDM3OQ==	Bohdana Khmel'nyts'koho St, 68, Stryi, L'vivs'ka oblast, Ukraine, 82400	F: 09:00 T: 21:00	F: 09:00 T: 21:00	F: 09:00 T: 21:00	F: 09:00 T: 21:00	F: 09:00 T: 21:00	F: 09:00 T: 21:00	F: 09:00 T: 21:00	simeyna-kondyterska-pekarnya-tortenyatko.jpg
Kraft	49.265103	23.86308	Business	Restaurant	<b>Kraft</b><br><i>L'vivska St, 33, Stryi, L'vivs'ka oblast, Ukraine, 82400</i>			L'vivska St, 33, Stryi, L'vivs'ka oblast, Ukraine, 82400								
Craft	49.2655742	23.86335189999999	Business	Restaurant	<b>Craft</b><br><i>Sichovykh Stril'tsiv St, 2а, Stryi, L'vivs'ka oblast, Ukraine, 82400</i>			Sichovykh Stril'tsiv St, 2а, Stryi, L'vivs'ka oblast, Ukraine, 82400								craft.jpg
Дачне	49.26693040000001	23.8614462	Business	Restaurant	"<b>Дачне</b><br><i>Hryhoriya Kossaka St, 1, Stryi, L'vivs'ka oblast, Ukraine, 82404</i><br>Tel: 099 489 9751<br><a href=""https://dachne-kebab.choiceqr.com/"">https://dachne-kebab.choiceqr.com/</a>"	099 489 9751	https://dachne-kebab.choiceqr.com/	Hryhoriya Kossaka St, 1, Stryi, L'vivs'ka oblast, Ukraine, 82404	F: 11:00 T: 22:00	F: 11:00 T: 22:00	F: 11:00 T: 22:00	F: 11:00 T: 22:00	F: 11:00 T: 22:00	F: 11:00 T: 22:00	F: 16:00 T: 21:00	x-fe2fb32ebe.jpg
Піцерія IQ Pizza	49.2683719	23.8588025	Business	Restaurant	"<b>Піцерія IQ Pizza</b><br><i>Sichovykh Stril'tsiv St, 10, Stryi, L'vivs'ka oblast, Ukraine, 82400</i><br>Tel: 068 115 1010<br><a href=""https://iqpizza.com.ua/"">https://iqpizza.com.ua/</a>"	068 115 1010	https://iqpizza.com.ua/	Sichovykh Stril'tsiv St, 10, Stryi, L'vivs'ka oblast, Ukraine, 82400	F: 10:00 T: 22:00	F: 10:00 T: 22:00	F: 10:00 T: 22:00	F: 10:00 T: 22:00	F: 10:00 T: 22:00	F: 10:00 T: 22:00	F: 10:00 T: 22:00	iq-pizza.jpg
Restaurant_bonneville	49.26887059999999	23.8577305	Business	Restaurant	<b>Restaurant_bonneville</b><br><i>Sichovykh Stril'tsiv St, Stryi, L'vivs'ka oblast, Ukraine, 82404</i><br>Tel: 068 333 3883	068 333 3883		Sichovykh Stril'tsiv St, Stryi, L'vivs'ka oblast, Ukraine, 82404	F: 11:00 T: 22:00	F: 11:00 T: 22:00	F: 11:00 T: 22:00	F: 11:00 T: 22:00	F: 11:00 T: 22:00	F: 11:00 T: 22:00	F: 11:00 T: 22:00	restaurant-bonneville.jpg
TURKISH DŐNER	49.2630144	23.8693934	Business	Restaurant	<b>TURKISH DŐNER</b><br><i>Oleha Ol'zhycha St, Stryi, L'vivs'ka oblast, Ukraine</i><br>Tel: 093 844 8843	093 844 8843		Oleha Ol'zhycha St, Stryi, L'vivs'ka oblast, Ukraine	F: 09:00 T: 22:00	F: 09:00 T: 22:00	F: 09:00 T: 22:00	F: 09:00 T: 22:00	F: 09:00 T: 22:00	F: 09:00 T: 22:00	F: 09:00 T: 22:00	turkish-doner.jpg
Uzbetsʹka Kukhnya Kafe Chaykhana	49.26339120000001	23.8693455	Business	Restaurant	"<b>Uzbetsʹka Kukhnya Kafe Chaykhana</b><br><i>Vulytsya Ivana Bahryanoho, 4а, Stryi, L'vivs'ka oblast, Ukraine, 82402</i><br>Tel: 073 280 0707<br><a href=""https://www.instagram.com/uzbek_food_stryi"">https://www.instagram.com/uzbek_food_stryi</a>"	073 280 0707	https://www.instagram.com/uzbek_food_stryi	Vulytsya Ivana Bahryanoho, 4а, Stryi, L'vivs'ka oblast, Ukraine, 82402	F: 08:00 T: 22:00	F: 08:00 T: 22:00	F: 08:00 T: 22:00	F: 08:00 T: 22:00	F: 08:00 T: 22:00	F: 08:00 T: 22:00	F: 08:00 T: 22:00	uzbetska-kukhnya-kafe-chaykhana.jpg
Rebrant	49.2654944	23.8706351	Business	Restaurant	"<b>Rebrant</b><br><i>вулиця Маркіяна Шашкевича, 23, Stryi, L'vivs'ka oblast, Ukraine, 82400</i><br>Tel: 077 717 2770<br><a href=""https://www.tiktok.com/@rebrant.bbq?_r=1&_t=ZS-98lz5BzSqGK"">https://www.tiktok.com/@rebrant.bbq?_r=1&_t=ZS-98lz5BzSqGK</a>"	077 717 2770	https://www.tiktok.com/@rebrant.bbq?_r=1&_t=ZS-98lz5BzSqGK	вулиця Маркіяна Шашкевича, 23, Stryi, L'vivs'ka oblast, Ukraine, 82400	closed	closed	closed	closed	closed	F: 14:00 T: 21:00	F: 14:00 T: 21:00	rebrant.jpg
Okko	49.27011530000001	23.87349	Business	Automotive	"<b>Okko</b><br><i>Halyts'ka St, 10, Stryi, L'vivs'ka oblast, Ukraine, 82402</i><br>Tel: 0800 501 101<br><a href=""https://www.okko.ua/"">https://www.okko.ua/</a>"	0800 501 101	https://www.okko.ua/	Halyts'ka St, 10, Stryi, L'vivs'ka oblast, Ukraine, 82402	closed	closed	closed	closed	closed	closed	F: 00:00 T: 23:59	okko.jpg
Okko	49.2532783	23.8499097	Business	Automotive	"<b>Okko</b><br><i>Bolekhivska St, 2В, Stryi, L'vivs'ka oblast, Ukraine, 82401</i><br>Tel: 0800 501 101<br><a href=""https://www.okko.ua/"">https://www.okko.ua/</a>"	0800 501 101	https://www.okko.ua/	Bolekhivska St, 2В, Stryi, L'vivs'ka oblast, Ukraine, 82401	closed	closed	closed	closed	closed	closed	F: 00:00 T: 23:59	okko.jpg
Cafe / restaurant B.Kh. Cafe	49.2574817	23.8558974	Business	Cafe	"<b>Cafe / restaurant B.Kh. Cafe</b><br><i>Bohdana Khmel'nyts'koho St, 8/1, Stryi, L'vivs'ka oblast, Ukraine, 82400</i><br>Tel: 099 117 6529<br><a href=""https://bkhcafe.com.ua/"">https://bkhcafe.com.ua/</a>"	099 117 6529	https://bkhcafe.com.ua/	Bohdana Khmel'nyts'koho St, 8/1, Stryi, L'vivs'ka oblast, Ukraine, 82400	F: 11:00 T: 22:00	F: 11:00 T: 22:00	F: 11:00 T: 22:00	F: 11:00 T: 22:00	F: 11:00 T: 22:00	F: 11:00 T: 22:00	F: 11:00 T: 22:00	cafe-restaurant-b-kh-cafe.jpg
Barbarys	49.2625235	23.8590539	Business	Cafe	<b>Barbarys</b><br><i>Tarasa Shevchenka St, Stryi, L'vivs'ka oblast, Ukraine, 82401</i><br>Tel: 097 977 0505	097 977 0505		Tarasa Shevchenka St, Stryi, L'vivs'ka oblast, Ukraine, 82401								barbarys.jpg
Okko	49.2594278	23.8107431	Business	Automotive	"<b>Okko</b><br><i>Drohobytska St, 197, Stryi, L'vivs'ka oblast, Ukraine, 82401</i><br>Tel: 0800 501 101<br><a href=""https://www.okko.ua/"">https://www.okko.ua/</a>"	0800 501 101	https://www.okko.ua/	Drohobytska St, 197, Stryi, L'vivs'ka oblast, Ukraine, 82401	closed	closed	closed	closed	closed	closed	F: 00:00 T: 23:59	okko.jpg
Araks Kafe Bar	49.2249755	23.8131122	Business	Cafe	"<b>Araks Kafe Bar</b><br><i>Ob'izna Doroha St, Stryi, L'vivs'ka oblast, Ukraine</i><br>Tel: 095 785 9944<br><a href=""https://m.facebook.com/%D0%90%D1%80%D0%B0%D0%BA%D1%81-1018487791557860/manager/?ref=bookmarks"">https://m.facebook.com/%D0%90%D1%80%D0%B0%D0%BA%D1%81-1018487791557860/manager/?ref=bookmarks</a>"	095 785 9944	https://m.facebook.com/%D0%90%D1%80%D0%B0%D0%BA%D1%81-1018487791557860/manager/?ref=bookmarks	Ob'izna Doroha St, Stryi, L'vivs'ka oblast, Ukraine	F: 10:00 T: 00:00	F: 10:00 T: 00:00	F: 10:00 T: 00:00	F: 10:00 T: 00:00	F: 10:00 T: 00:00	F: 10:00 T: 00:00	F: 10:00 T: 00:00	araks-kafe-bar.jpg
Vypichka Kosa Oleha	49.2553673	23.845498	Business	Cafe	<b>Vypichka Kosa Oleha</b><br><i>Tarasa Shevchenka St, 18, Stryi, L'vivs'ka oblast, Ukraine, 82401</i>			Tarasa Shevchenka St, 18, Stryi, L'vivs'ka oblast, Ukraine, 82401	F: 00:00 T: 00:00	closed	closed	closed	closed	closed	closed	
Halytsʹka Zdoba	49.2564646	23.8406833	Business	Cafe	<b>Halytsʹka Zdoba</b><br><i>Kopernyka St, 31, Stryi, L'vivs'ka oblast, Ukraine, 82400</i>			Kopernyka St, 31, Stryi, L'vivs'ka oblast, Ukraine, 82400								
Kebab Bro	49.2573983	23.8459818	Business	Cafe	<b>Kebab Bro</b><br><i>вул. О 11/1, Ostapa Bobykevycha St, Stryi, L'vivs'ka oblast, Ukraine, 82400</i><br>Tel: 073 088 8087	073 088 8087		вул. О 11/1, Ostapa Bobykevycha St, Stryi, L'vivs'ka oblast, Ukraine, 82400	F: 10:00 T: 22:00	F: 10:00 T: 22:00	F: 10:00 T: 22:00	F: 10:00 T: 22:00	F: 10:00 T: 23:00	F: 10:00 T: 23:00	F: 10:00 T: 23:00	kebab-bro.jpg
Kava Vid Stryyka	49.25682219999999	23.8481605	Business	Cafe	"<b>Kava Vid Stryyka</b><br><i>Tarasa Shevchenka St, 28, Stryi, L'vivs'ka oblast, Ukraine, 82400</i><br>Tel: 095 121 2745<br><a href=""https://www.instagram.com/kava_vid_stryjka/"">https://www.instagram.com/kava_vid_stryjka/</a>"	095 121 2745	https://www.instagram.com/kava_vid_stryjka/	Tarasa Shevchenka St, 28, Stryi, L'vivs'ka oblast, Ukraine, 82400	F: 08:00 T: 21:00	F: 08:00 T: 21:00	F: 08:00 T: 21:00	F: 08:00 T: 21:00	F: 08:00 T: 22:00	F: 08:00 T: 22:00	F: 10:00 T: 21:00	kava-vid-stryyka.jpg
Sewercofee	49.2568118	23.8376978	Business	Cafe	<b>Sewercofee</b><br><i>Vokzalna St, Stryi, L'vivs'ka oblast, Ukraine, 82404</i><br>Tel: 063 969 4213	063 969 4213		Vokzalna St, Stryi, L'vivs'ka oblast, Ukraine, 82404								
Vidensʹka Kava	49.2595695	23.8427198	Business	Cafe	<b>Vidensʹka Kava</b><br><i>Vokzalna St, 120а, Stryi, L'vivs'ka oblast, Ukraine, 82400</i>			Vokzalna St, 120а, Stryi, L'vivs'ka oblast, Ukraine, 82400	F: 08:00 T: 20:00	F: 08:00 T: 20:00	F: 08:00 T: 20:00	F: 08:00 T: 20:00	F: 08:00 T: 20:00	F: 08:00 T: 20:00	closed	videnska-kava.jpg
612 bistro+resto	49.2536031	23.85227339999999	Business	Cafe	"<b>612 bistro+resto</b><br><i>Vulytsya Uspensʹka, 10, Stryi, L'vivs'ka oblast, Ukraine, 82400</i><br>Tel: 073 061 2612<br><a href=""http://612km-stryi-bistro-resto.choiceqr.com/"">http://612km-stryi-bistro-resto.choiceqr.com/</a>"	073 061 2612	http://612km-stryi-bistro-resto.choiceqr.com/	Vulytsya Uspensʹka, 10, Stryi, L'vivs'ka oblast, Ukraine, 82400	F: 08:00 T: 21:00	F: 08:00 T: 21:00	F: 08:00 T: 21:00	F: 08:00 T: 21:00	F: 08:00 T: 21:00	F: 08:00 T: 21:00	F: 08:00 T: 21:00	612-bistro-resto.jpg
Гори Смаколиків	49.2550996	23.852636	Business	Cafe	"<b>Гори Смаколиків</b><br><i>Vulytsya Maydan Rynok, Stryi, L'vivs'ka oblast, Ukraine, 82404</i><br>Tel: 066 217 4809<br><a href=""https://www.instagram.com/gorysmakolykiv?igsh=dTIwNGdzOWFuemx6&utm_source=qr"">https://www.instagram.com/gorysmakolykiv?igsh=dTIwNGdzOWFuemx6&utm_source=qr</a>"	066 217 4809	https://www.instagram.com/gorysmakolykiv?igsh=dTIwNGdzOWFuemx6&utm_source=qr	Vulytsya Maydan Rynok, Stryi, L'vivs'ka oblast, Ukraine, 82404	F: 08:00 T: 21:00	F: 08:00 T: 21:00	F: 08:00 T: 21:00	F: 08:00 T: 21:00	F: 08:00 T: 21:00	F: 09:00 T: 21:00	F: 09:00 T: 21:00	x-664654386c.jpg
Welcome to our street	49.2552615	23.8533994	Business	Cafe	<b>Welcome to our street</b><br><i>Vulytsya Maydan Rynok, 34, Stryi, L'vivs'ka oblast, Ukraine, 82404</i>			Vulytsya Maydan Rynok, 34, Stryi, L'vivs'ka oblast, Ukraine, 82404	F: 08:00 T: 20:00	F: 08:00 T: 20:00	F: 08:00 T: 20:00	F: 08:00 T: 20:00	F: 08:00 T: 20:00	F: 08:00 T: 20:00	F: 08:00 T: 20:00	welcome-to-our-street.jpg
Кава Від Стрийка “espresso bar”	49.2586773	23.8514693	Business	Cafe	"<b>Кава Від Стрийка “espresso bar”</b><br><i>Tarasa Shevchenka St, 83, Stryi, L'vivs'ka oblast, Ukraine, 82400</i><br>Tel: 095 121 2745<br><a href=""https://www.instagram.com/kava_vid_stryjka/"">https://www.instagram.com/kava_vid_stryjka/</a>"	095 121 2745	https://www.instagram.com/kava_vid_stryjka/	Tarasa Shevchenka St, 83, Stryi, L'vivs'ka oblast, Ukraine, 82400	F: 08:00 T: 21:00	F: 08:00 T: 21:00	F: 08:00 T: 21:00	F: 08:00 T: 21:00	F: 08:00 T: 22:00	F: 08:00 T: 22:00	F: 10:00 T: 21:00	espresso-bar.jpg
Mystery Of Coffee	49.25866449999999	23.8520151	Business	Cafe	<b>Mystery Of Coffee</b><br><i>Tarasa Shevchenka St, 50a, Stryi, L'vivs'ka oblast, Ukraine, 82400</i>			Tarasa Shevchenka St, 50a, Stryi, L'vivs'ka oblast, Ukraine, 82400	F: 08:00 T: 22:00	F: 08:00 T: 22:00	F: 08:00 T: 22:00	F: 08:00 T: 22:00	F: 08:00 T: 22:00	F: 08:00 T: 22:00	F: 09:00 T: 21:00	mystery-of-coffee.jpg
Vino Тратория	49.2579323	23.8528085	Business	Cafe	<b>Vino Тратория</b><br><i>Valova St, 9, Stryi, L'vivs'ka oblast, Ukraine, 82400</i>			Valova St, 9, Stryi, L'vivs'ka oblast, Ukraine, 82400	F: 10:00 T: 01:00	F: 10:00 T: 01:00	F: 10:00 T: 01:00	F: 10:00 T: 01:00	F: 10:00 T: 01:00	F: 10:00 T: 01:00	F: 10:00 T: 01:00	vino.jpg
Pekari Bakery	49.2562982	23.8545491	Business	Cafe	<b>Pekari Bakery</b><br><i>Bohdana Khmel'nyts'koho St, 2, Stryi, L'vivs'ka oblast, Ukraine, 82400</i><br>Tel: 096 636 4396	096 636 4396		Bohdana Khmel'nyts'koho St, 2, Stryi, L'vivs'ka oblast, Ukraine, 82400	F: 08:00 T: 19:00	F: 08:00 T: 19:00	F: 08:00 T: 19:00	F: 08:00 T: 19:00	F: 08:00 T: 19:00	F: 08:00 T: 19:00	F: 08:00 T: 19:00	pekari-bakery.jpg
Morozyvo Limo	49.25906630000001	23.85269049999999	Business	Cafe	<b>Morozyvo Limo</b><br><i>Tarasa Shevchenka St, 52, Stryi, L'vivs'ka oblast, Ukraine, 82404</i>			Tarasa Shevchenka St, 52, Stryi, L'vivs'ka oblast, Ukraine, 82404	F: 10:00 T: 21:00	F: 10:00 T: 21:00	F: 10:00 T: 21:00	F: 10:00 T: 21:00	F: 10:00 T: 21:00	F: 10:00 T: 21:00	F: 10:00 T: 21:00	morozyvo-limo.jpg
Kremika	49.2586409	23.8537305	Business	Cafe	"<b>Kremika</b><br><i>Poshtova St, 12, Stryi, L'vivs'ka oblast, Ukraine, 82400</i><br>Tel: 063 423 4344<br><a href=""https://www.instagram.com/kremika_sweetbiscuitday?igsh=MTB1cDM0czVsaDFpMw%3D%3D&utm_source=qr"">https://www.instagram.com/kremika_sweetbiscuitday?igsh=MTB1cDM0czVsaDFpMw%3D%3D&utm_source=qr</a>"	063 423 4344	https://www.instagram.com/kremika_sweetbiscuitday?igsh=MTB1cDM0czVsaDFpMw%3D%3D&utm_source=qr	Poshtova St, 12, Stryi, L'vivs'ka oblast, Ukraine, 82400	F: 09:00 T: 20:00	F: 09:00 T: 20:00	F: 09:00 T: 20:00	F: 09:00 T: 20:00	F: 09:00 T: 20:00	F: 09:00 T: 20:00	F: 10:00 T: 20:00	kremika.jpg
Кафе їдальня м. Стрий - смачна домашня кухня та десерти	49.25627129999999	23.8560134	Business	Cafe	<b>Кафе їдальня м. Стрий - смачна домашня кухня та десерти</b><br><i>Kravets'ka St, 4а, Stryi, L'vivs'ka oblast, Ukraine, 82400</i><br>Tel: 066 152 3194	066 152 3194		Kravets'ka St, 4а, Stryi, L'vivs'ka oblast, Ukraine, 82400	F: 09:00 T: 18:00	F: 09:00 T: 18:00	F: 09:00 T: 18:00	F: 09:00 T: 18:00	F: 09:00 T: 18:00	F: 09:00 T: 18:00	closed	
Coffee Lito	49.25785529999999	23.85607109999999	Business	Cafe	"<b>Coffee Lito</b><br><i>Bohdana Khmel'nyts'koho St, 10-15, Stryi, L'vivs'ka oblast, Ukraine, 82400</i><br>Tel: 093 734 7388<br><a href=""https://www.instagram.com/coffee_lito?igsh=MWw4MmV6aXdid3poeA=="">https://www.instagram.com/coffee_lito?igsh=MWw4MmV6aXdid3poeA==</a>"	093 734 7388	https://www.instagram.com/coffee_lito?igsh=MWw4MmV6aXdid3poeA==	Bohdana Khmel'nyts'koho St, 10-15, Stryi, L'vivs'ka oblast, Ukraine, 82400	F: 08:00 T: 20:00	F: 08:00 T: 20:00	F: 08:00 T: 20:00	F: 08:00 T: 20:00	F: 08:00 T: 20:00	F: 08:00 T: 20:00	F: 10:00 T: 17:00	coffee-lito.jpg
Kashtan	49.2603768	23.8537587	Business	Cafe	"<b>Kashtan</b><br><i>Tarasa Shevchenka St, 113/4, Stryi, L'vivs'ka oblast, Ukraine, 82404</i><br>Tel: 095 005 8286<br><a href=""https://www.instagram.com/kashtan_with_kyiv_vibe?igshid=YzVkODRmOTdmMw=="">https://www.instagram.com/kashtan_with_kyiv_vibe?igshid=YzVkODRmOTdmMw==</a>"	095 005 8286	https://www.instagram.com/kashtan_with_kyiv_vibe?igshid=YzVkODRmOTdmMw==	Tarasa Shevchenka St, 113/4, Stryi, L'vivs'ka oblast, Ukraine, 82404	F: 08:00 T: 21:00	F: 08:00 T: 21:00	F: 08:00 T: 21:00	F: 08:00 T: 21:00	F: 08:00 T: 21:00	F: 08:00 T: 21:00	F: 08:00 T: 21:00	kashtan.jpg
Black Coffee	49.2594214	23.855286	Business	Cafe	<b>Black Coffee</b><br><i>Andriya Korchaka St, 4, Stryi, L'vivs'ka oblast, Ukraine, 82400</i>			Andriya Korchaka St, 4, Stryi, L'vivs'ka oblast, Ukraine, 82400	F: 08:00 T: 21:00	F: 08:00 T: 21:00	F: 08:00 T: 21:00	F: 08:00 T: 21:00	F: 08:00 T: 21:00	F: 08:00 T: 21:00	F: 10:00 T: 21:00	black-coffee.jpg
Muglet магазин кави в зернах та чаю	49.2476528	23.8536787	Business	Cafe	"<b>Muglet магазин кави в зернах та чаю</b><br><i>Bolekhivska St, Stryi, L'vivs'ka oblast, Ukraine, 82404</i><br>Tel: 063 221 3612<br><a href=""https://muglet.shop/"">https://muglet.shop/</a>"	063 221 3612	https://muglet.shop/	Bolekhivska St, Stryi, L'vivs'ka oblast, Ukraine, 82404	F: 10:00 T: 20:00	F: 10:00 T: 20:00	F: 10:00 T: 20:00	F: 10:00 T: 20:00	F: 10:00 T: 20:00	F: 10:00 T: 20:00	F: 10:00 T: 18:00	muglet.jpg
Domashniy Aromat	49.2578891	23.8569731	Business	Cafe	<b>Domashniy Aromat</b><br><i>Zelena St, 21, Stryi, L'vivs'ka oblast, Ukraine, 82402</i><br>Tel: 050 609 7308	050 609 7308		Zelena St, 21, Stryi, L'vivs'ka oblast, Ukraine, 82402	F: 08:00 T: 18:00	F: 08:00 T: 18:00	F: 08:00 T: 18:00	F: 08:00 T: 18:00	F: 08:00 T: 18:00	F: 08:00 T: 18:00	closed	domashniy-aromat.jpg
Picanto	49.2575754	23.8572635	Business	Cafe	"<b>Picanto</b><br><i>Zelena St, 23в, Stryi, L'vivs'ka oblast, Ukraine, 82401</i><br>Tel: 098 101 7714<br><a href=""https://rbpicanto.ps.me/"">https://rbpicanto.ps.me/</a>"	098 101 7714	https://rbpicanto.ps.me/	Zelena St, 23в, Stryi, L'vivs'ka oblast, Ukraine, 82401	F: 08:00 T: 17:00	F: 08:00 T: 17:00	F: 08:00 T: 17:00	F: 08:00 T: 17:00	F: 08:00 T: 17:00	F: 08:00 T: 17:00	F: 08:00 T: 17:00	picanto.jpg
Bulochna	49.2626543	23.8518762	Business	Cafe	<b>Bulochna</b><br><i>Ostapa Nyzhankivs'koho St, 12, Stryi, L'vivs'ka oblast, Ukraine, 82400</i><br>Tel: 099 158 2025	099 158 2025		Ostapa Nyzhankivs'koho St, 12, Stryi, L'vivs'ka oblast, Ukraine, 82400	F: 10:00 T: 22:00	F: 10:00 T: 22:00	F: 10:00 T: 22:00	F: 10:00 T: 22:00	F: 10:00 T: 22:00	F: 10:00 T: 22:00	F: 10:00 T: 22:00	
Rico dulce	49.24589450000001	23.8352281	Business	Cafe	<b>Rico dulce</b><br><i>Ivana Vyhovs'koho St, Stryi, L'vivs'ka oblast, Ukraine, 82404</i>			Ivana Vyhovs'koho St, Stryi, L'vivs'ka oblast, Ukraine, 82404	F: 08:00 T: 20:00	F: 08:00 T: 20:00	F: 08:00 T: 20:00	F: 08:00 T: 20:00	F: 08:00 T: 20:00	F: 08:00 T: 20:00	F: 09:00 T: 20:00	rico-dulce.jpg
Kava Vid Stryyka	49.2476129	23.8552907	Business	Cafe	"<b>Kava Vid Stryyka</b><br><i>АЗС ""ОККО, Bolekhivska St, 49, Stryi, L'vivs'ka oblast, Ukraine, 82404</i>"			"АЗС ""ОККО, Bolekhivska St, 49, Stryi, L'vivs'ka oblast, Ukraine, 82404"								kava-vid-stryyka.jpg
"Кафе ""Enjoy"""	49.2573395	23.8594807	Business	Cafe	"<b>Кафе ""Enjoy""</b><br><i>Vulytsya Uspensʹka, 52к, Stryi, L'vivs'ka oblast, Ukraine, 82400</i><br>Tel: 066 653 0377"	066 653 0377		Vulytsya Uspensʹka, 52к, Stryi, L'vivs'ka oblast, Ukraine, 82400	F: 09:00 T: 20:00	F: 09:00 T: 20:00	F: 09:00 T: 20:00	F: 09:00 T: 20:00	F: 09:00 T: 20:00	F: 09:00 T: 17:00	closed	enjoy.jpg
Plaskohuptsi	49.2656076	23.8431343	Business	Cafe	<b>Plaskohuptsi</b><br><i>Stryi, Lviv Oblast, Ukraine, 82404</i>			Stryi, Lviv Oblast, Ukraine, 82404								
Кафе-бар «Юрмала»	49.2439086	23.8363978	Business	Cafe	"<b>Кафе-бар «Юрмала»</b><br><i>Saksahans'koho St, 2, Stryi, L'vivs'ka oblast, Ukraine, 82400</i><br>Tel: 096 608 5587<br><a href=""https://kafeurmala.top/"">https://kafeurmala.top/</a>"	096 608 5587	https://kafeurmala.top/	Saksahans'koho St, 2, Stryi, L'vivs'ka oblast, Ukraine, 82400								x-6b5e2d074b.jpg
Chereshenʹka	49.2620095	23.8573922	Business	Cafe	"<b>Chereshenʹka</b><br><i>Mykhaila Hrushevs'koho St, Stryi, L'vivs'ka oblast, Ukraine, 82401</i><br>Tel: 099 290 8091<br><a href=""https://list.in.ua/%D0%9A%D0%B0%D1%84%D0%B5-%D0%B1%D0%B0%D1%80%D0%B8/70777/%D0%A7%D0%B5%D1%80%D0%B5%D1%88%D0%B5%D0%BD%D1%8C%D0%BA%D0%B0-%D0%A1%D1%82%D1%80%D0%B8%D0%B9"">https://list.in.ua/%D0%9A%D0%B0%D1%84%D0%B5-%D0%B1%D0%B0%D1%80%D0%B8/70777/%D0%A7%D0%B5%D1%80%D0%B5%D1%88%D0%B5%D0%BD%D1%8C%D0%BA%D0%B0-%D0%A1%D1%82%D1%80%D0%B8%D0%B9</a>"	099 290 8091	https://list.in.ua/%D0%9A%D0%B0%D1%84%D0%B5-%D0%B1%D0%B0%D1%80%D0%B8/70777/%D0%A7%D0%B5%D1%80%D0%B5%D1%88%D0%B5%D0%BD%D1%8C%D0%BA%D0%B0-%D0%A1%D1%82%D1%80%D0%B8%D0%B9	Mykhaila Hrushevs'koho St, Stryi, L'vivs'ka oblast, Ukraine, 82401	F: 12:00 T: 22:00	F: 12:00 T: 22:00	F: 12:00 T: 22:00	F: 12:00 T: 20:00	F: 12:00 T: 22:00	F: 12:00 T: 22:00	F: 12:00 T: 22:00	chereshenka.jpg
Kebab Kafe	49.2587746	23.8617344	Business	Cafe	"<b>Kebab Kafe</b><br><i>Vulytsya Uspensʹka, 55, Stryi, L'vivs'ka oblast, Ukraine, 82400</i><br>Tel: 098 628 7773<br><a href=""https://www.facebook.com/kabab.kafe"">https://www.facebook.com/kabab.kafe</a>"	098 628 7773	https://www.facebook.com/kabab.kafe	Vulytsya Uspensʹka, 55, Stryi, L'vivs'ka oblast, Ukraine, 82400	F: 10:00 T: 20:00	F: 10:00 T: 20:00	F: 10:00 T: 20:00	F: 10:00 T: 20:00	F: 10:00 T: 20:00	F: 10:00 T: 20:00	closed	kebab-kafe.jpg
Okko	49.2404206	23.8360695	Business	Automotive	"<b>Okko</b><br><i>Vul. Skolivsʹka, 19А, Stryi, L'vivs'ka oblast, Ukraine, 82401</i><br>Tel: 0800 501 101<br><a href=""https://www.okko.ua/"">https://www.okko.ua/</a>"	0800 501 101	https://www.okko.ua/	Vul. Skolivsʹka, 19А, Stryi, L'vivs'ka oblast, Ukraine, 82401	closed	closed	closed	closed	closed	closed	F: 00:00 T: 23:59	okko.jpg
Магазин-кав'ярня АСА	49.2638594	23.862471	Business	Shops	"<b>Магазин-кав'ярня АСА</b><br><i>L'vivska St, 11/2, Stryi, L'vivs'ka oblast, Ukraine, 82408</i><br>Tel: 097 952 7699<br><a href=""https://asacoffee-shop.ua.market/"">https://asacoffee-shop.ua.market/</a>"	097 952 7699	https://asacoffee-shop.ua.market/	L'vivska St, 11/2, Stryi, L'vivs'ka oblast, Ukraine, 82408	closed	F: 10:30 T: 20:30	F: 10:30 T: 20:30	F: 10:30 T: 20:30	F: 10:30 T: 20:30	F: 10:30 T: 20:30	F: 11:00 T: 20:30	x-a5b5183573.jpg
KraBar	49.2658538	23.860843	Business	Cafe	"<b>KraBar</b><br><i>Krasivskoho St, 30, Stryi, L'vivs'ka oblast, Ukraine, 82400</i><br>Tel: 063 117 6529<br><a href=""https://krabar.com.ua/"">https://krabar.com.ua/</a>"	063 117 6529	https://krabar.com.ua/	Krasivskoho St, 30, Stryi, L'vivs'ka oblast, Ukraine, 82400	F: 11:00 T: 22:30	F: 11:00 T: 22:30	F: 11:00 T: 22:30	F: 11:00 T: 22:30	F: 11:00 T: 22:30	F: 11:00 T: 22:30	F: 11:00 T: 22:30	krabar.jpg
Bistro	49.2396049	23.8313312	Business	Cafe	"<b>Bistro</b><br><i>Vulytsya Tarasa Shevchenka, 40, c, Duliby, L'vivs'ka oblast, Ukraine, 79000</i><br>Tel: 095 483 2652<br><a href=""https://www.tiktok.com/@userkuvakvasylbistro?_r=1&_t=ZS-97m81R5jA4V"">https://www.tiktok.com/@userkuvakvasylbistro?_r=1&_t=ZS-97m81R5jA4V</a>"	095 483 2652	https://www.tiktok.com/@userkuvakvasylbistro?_r=1&_t=ZS-97m81R5jA4V	Vulytsya Tarasa Shevchenka, 40, c, Duliby, L'vivs'ka oblast, Ukraine, 79000	F: 10:00 T: 22:00	F: 10:00 T: 22:00	F: 10:00 T: 22:00	F: 10:00 T: 22:00	F: 10:00 T: 22:00	F: 10:00 T: 22:00	F: 10:00 T: 22:00	bistro.jpg
Kava Vid Stryyka	49.26628640000001	23.8620824	Business	Cafe	"<b>Kava Vid Stryyka</b><br><i>Sichovykh Stril'tsiv St, 4, Stryi, L'vivs'ka oblast, Ukraine, 82400</i><br>Tel: 095 121 2745<br><a href=""https://www.instagram.com/kava_vid_stryjka/"">https://www.instagram.com/kava_vid_stryjka/</a>"	095 121 2745	https://www.instagram.com/kava_vid_stryjka/	Sichovykh Stril'tsiv St, 4, Stryi, L'vivs'ka oblast, Ukraine, 82400	F: 08:00 T: 21:00	F: 08:00 T: 21:00	F: 08:00 T: 21:00	F: 08:00 T: 21:00	F: 08:00 T: 22:00	F: 08:00 T: 22:00	F: 10:00 T: 21:00	kava-vid-stryyka.jpg
Колекція Кави	49.2653603	23.8637705	Business	Cafe	<b>Колекція Кави</b><br><i>Sichovykh Stril'tsiv St, 2, Stryi, L'vivs'ka oblast, Ukraine, 82400</i>			Sichovykh Stril'tsiv St, 2, Stryi, L'vivs'ka oblast, Ukraine, 82400	F: 08:30 T: 20:30	F: 08:30 T: 20:30	F: 08:30 T: 20:30	F: 08:30 T: 20:30	F: 10:00 T: 22:00	F: 10:00 T: 22:00	F: 10:00 T: 22:00	x-1802a97cd8.jpg
Coffee lab	49.2652678	23.864254	Business	Cafe	"<b>Coffee lab</b><br><i>Львівська, 43, Stryi, L'vivs'ka oblast, Ukraine, 82400</i><br>Tel: 073 085 3196<br><a href=""https://www.instagram.com/reel/DHGiKTfoHIk/?utm_source=ig_web_copy_link&igsh=MzRlODBiNWFlZA=="">https://www.instagram.com/reel/DHGiKTfoHIk/?utm_source=ig_web_copy_link&igsh=MzRlODBiNWFlZA==</a>"	073 085 3196	https://www.instagram.com/reel/DHGiKTfoHIk/?utm_source=ig_web_copy_link&igsh=MzRlODBiNWFlZA==	Львівська, 43, Stryi, L'vivs'ka oblast, Ukraine, 82400	F: 08:00 T: 21:00	F: 08:00 T: 21:00	F: 08:00 T: 21:00	F: 08:00 T: 21:00	F: 08:00 T: 21:00	F: 08:00 T: 21:00	F: 08:00 T: 21:00	coffee-lab.jpg
Mystery of coffee	49.2629652	23.8700737	Business	Cafe	<b>Mystery of coffee</b><br><i>Oleha Ol'zhycha St, 7, Stryi, L'vivs'ka oblast, Ukraine, 82400</i>			Oleha Ol'zhycha St, 7, Stryi, L'vivs'ka oblast, Ukraine, 82400								mystery-of-coffee.jpg
Sonechko	49.2515977	23.8426783	Business	Bar	<b>Sonechko</b><br><i>Haidamatska St, 15, Stryi, L'vivs'ka oblast, Ukraine, 82400</i>			Haidamatska St, 15, Stryi, L'vivs'ka oblast, Ukraine, 82400								
Кабан Паб	49.2572099	23.8516935	Business	Bar	"<b>Кабан Паб</b><br><i>Lyudkevycha St, 5, Stryi, L'vivs'ka oblast, Ukraine, 82402</i><br>Tel: 096 483 4481<br><a href=""https://www.instagram.com/kaban.pub/"">https://www.instagram.com/kaban.pub/</a>"	096 483 4481	https://www.instagram.com/kaban.pub/	Lyudkevycha St, 5, Stryi, L'vivs'ka oblast, Ukraine, 82402	F: 12:00 T: 22:00	F: 12:00 T: 22:00	F: 12:00 T: 22:00	F: 12:00 T: 22:00	F: 12:00 T: 23:00	F: 12:00 T: 23:00	F: 12:00 T: 23:00	x-1ea184445e.jpg
Barmotushechka	49.2572445	23.8567449	Business	Bar	<b>Barmotushechka</b><br><i>Kravets'ka St, 7, Stryi, L'vivs'ka oblast, Ukraine, 82400</i>			Kravets'ka St, 7, Stryi, L'vivs'ka oblast, Ukraine, 82400	closed	closed	closed	closed	closed	closed	F: 00:00 T: 23:59	
Horbatyy	49.2613835	23.8564139	Business	Bar	<b>Horbatyy</b><br><i>Petra Obalya St, 2, Stryi, L'vivs'ka oblast, Ukraine, 82404</i>			Petra Obalya St, 2, Stryi, L'vivs'ka oblast, Ukraine, 82404								
Na Tsentralʹnomu	49.2467445	23.8585542	Business	Bar	<b>Na Tsentralʹnomu</b><br><i>Bolekhivska St, 49а, Stryi, L'vivs'ka oblast, Ukraine, 82400</i>			Bolekhivska St, 49а, Stryi, L'vivs'ka oblast, Ukraine, 82400								na-tsentralnomu.jpg
Hendelyk	49.2682537	23.8625746	Business	Bar	<b>Hendelyk</b><br><i>Stryi, Lviv Oblast, Ukraine, 82401</i>			Stryi, Lviv Oblast, Ukraine, 82401	F: 08:00 T: 21:00	F: 08:00 T: 21:00	F: 08:00 T: 21:00	F: 08:00 T: 21:00	F: 08:00 T: 21:00	F: 08:00 T: 21:00	F: 09:00 T: 21:00	
Stryi	49.2684335	23.8645284	Business	Bar	<b>Stryi</b><br><i>Hryhoriya Kossaka St, 6б, Stryi, L'vivs'ka oblast, Ukraine, 82400</i>			Hryhoriya Kossaka St, 6б, Stryi, L'vivs'ka oblast, Ukraine, 82400								
Pytna Voda Na Rozlyv	49.2654113	23.8733611	Business	Bar	<b>Pytna Voda Na Rozlyv</b><br><i>Ol'hy Basarab St, 16/90, Stryi, L'vivs'ka oblast, Ukraine</i><br>Tel: 093 956 0647	093 956 0647		Ol'hy Basarab St, 16/90, Stryi, L'vivs'ka oblast, Ukraine	closed	closed	closed	closed	closed	closed	F: 00:00 T: 23:59	pytna-voda-na-rozlyv.jpg
612км	49.2802642	23.8751367	Business	Cafe	"<b>612км</b><br><i>вулиця Стрийська, 25, Dobriany, L'vivs'ka oblast, Ukraine, 82400</i><br>Tel: 093 242 4240<br><a href=""https://www.612km.com.ua/"">https://www.612km.com.ua/</a>"	093 242 4240	https://www.612km.com.ua/	вулиця Стрийська, 25, Dobriany, L'vivs'ka oblast, Ukraine, 82400	closed	closed	closed	closed	closed	closed	F: 00:00 T: 23:59	612.jpg
"Kafe ""Perelaz"""	49.2131091	23.8589277	Business	Bar	"<b>Kafe ""Perelaz""</b><br><i>Na vymohu, L'vivs'ka oblast, Ukraine</i><br>Tel: 050 519 3484"	050 519 3484		Na vymohu, L'vivs'ka oblast, Ukraine	F: 12:00 T: 21:00	F: 12:00 T: 21:00	F: 12:00 T: 21:00	F: 12:00 T: 21:00	F: 12:00 T: 21:00	F: 12:00 T: 21:00	F: 12:00 T: 21:00	kafe-perelaz.jpg
Rukavychka	49.2535772	23.8458025	Business	Food	"<b>Rukavychka</b><br><i>Pidzamche St, 16, Stryi, L'vivs'ka oblast, Ukraine, 82403</i><br>Tel: 066 650 3643<br><a href=""https://rukavychka.ua/"">https://rukavychka.ua/</a>"	066 650 3643	https://rukavychka.ua/	Pidzamche St, 16, Stryi, L'vivs'ka oblast, Ukraine, 82403	F: 08:00 T: 22:00	F: 08:00 T: 22:00	F: 08:00 T: 22:00	F: 08:00 T: 22:00	F: 08:00 T: 22:00	F: 08:00 T: 22:00	F: 08:00 T: 22:00	rukavychka.jpg
Стрийський хлібокомбінат	49.25460959999999	23.8482633	Business	Food	<b>Стрийський хлібокомбінат</b><br><i>Filareta Kolessy St, Stryi, L'vivs'ka oblast, Ukraine, 82404</i><br>Tel: 050 430 4443	050 430 4443		Filareta Kolessy St, Stryi, L'vivs'ka oblast, Ukraine, 82404	F: 08:00 T: 18:00	F: 08:00 T: 18:00	F: 08:00 T: 18:00	F: 08:00 T: 18:00	F: 08:00 T: 18:00	F: 10:00 T: 14:00	closed	x-b472dfff6f.jpg
Рукавичка	49.254144	23.843367	Business	Food	"<b>Рукавичка</b><br><i>Filareta Kolessy St, 55/74, Stryi, L'vivs'ka oblast, Ukraine, 82400</i><br>Tel: 066 382 5571<br><a href=""https://rukavychka.ua/"">https://rukavychka.ua/</a>"	066 382 5571	https://rukavychka.ua/	Filareta Kolessy St, 55/74, Stryi, L'vivs'ka oblast, Ukraine, 82400	F: 08:00 T: 22:00	F: 08:00 T: 22:00	F: 08:00 T: 22:00	F: 08:00 T: 22:00	F: 08:00 T: 22:00	F: 08:00 T: 22:00	F: 08:00 T: 22:00	
BULKA	49.2539576	23.8429281	Business	Food	"<b>BULKA</b><br><i>Drohobytska St, 5, Stryi, L'vivs'ka oblast, Ukraine, 82400</i><br>Tel: 050 940 4625<br><a href=""https://www.instagram.com/bulka_stryi/"">https://www.instagram.com/bulka_stryi/</a>"	050 940 4625	https://www.instagram.com/bulka_stryi/	Drohobytska St, 5, Stryi, L'vivs'ka oblast, Ukraine, 82400	F: 08:00 T: 20:00	F: 08:00 T: 20:00	F: 08:00 T: 20:00	F: 08:00 T: 20:00	F: 08:00 T: 20:00	closed	closed	bulka.jpg
«Сімейна пекарня»	49.2572254	23.8483733	Business	Food	<b>«Сімейна пекарня»</b><br><i>Tarasa Shevchenka St, 63, Stryi, L'vivs'ka oblast, Ukraine, 82400</i>			Tarasa Shevchenka St, 63, Stryi, L'vivs'ka oblast, Ukraine, 82400	F: 08:00 T: 20:00	F: 08:00 T: 20:00	F: 08:00 T: 20:00	F: 08:00 T: 20:00	F: 08:00 T: 20:00	F: 08:00 T: 20:00	F: 08:00 T: 20:00	x-6380bcf137.jpg
Домашня здоба	49.25525529999999	23.8502392	Business	Food	<b>Домашня здоба</b><br><i>Filareta Kolessy St, 17-7, Stryi, L'vivs'ka oblast, Ukraine, 82400</i>			Filareta Kolessy St, 17-7, Stryi, L'vivs'ka oblast, Ukraine, 82400								
Food and food	49.25486919999999	23.8517709	Business	Food	<b>Food and food</b><br><i>Nebesnoyi Sotni Vulytsya, Stryi, L'vivs'ka oblast, Ukraine, 82404</i>			Nebesnoyi Sotni Vulytsya, Stryi, L'vivs'ka oblast, Ukraine, 82404								
Svitoch	49.2559101	23.85164	Business	Food	<b>Svitoch</b><br><i>Filareta Kolessy St, 1, Stryi, L'vivs'ka oblast, Ukraine, 82404</i><br>Tel: 03245 50687	03245 50687		Filareta Kolessy St, 1, Stryi, L'vivs'ka oblast, Ukraine, 82404	F: 08:00 T: 20:00	F: 08:00 T: 20:00	F: 08:00 T: 20:00	F: 08:00 T: 20:00	F: 08:00 T: 20:00	F: 08:00 T: 20:00	F: 10:00 T: 17:00	svitoch.jpg
Пекарня Pekker	49.25675020000001	23.853784	Business	Food	<b>Пекарня Pekker</b><br><i>Bohdana Khmel'nyts'koho St, 3, Stryi, L'vivs'ka oblast, Ukraine, 82400</i><br>Tel: 097 771 3792	097 771 3792		Bohdana Khmel'nyts'koho St, 3, Stryi, L'vivs'ka oblast, Ukraine, 82400	F: 08:00 T: 20:00	F: 08:00 T: 20:00	F: 08:00 T: 20:00	F: 08:00 T: 20:00	F: 08:00 T: 20:00	F: 08:00 T: 20:00	F: 09:00 T: 18:00	pekker.jpg
Shop Vatsak	49.258849	23.8557319	Business	Food	"<b>Shop Vatsak</b><br><i>Nezalezhnosti St, 45, Stryi, L'vivs'ka oblast, Ukraine, 82400</i><br>Tel: 050 808 8222<br><a href=""http://vatsak.com.ua/"">http://vatsak.com.ua/</a>"	050 808 8222	http://vatsak.com.ua/	Nezalezhnosti St, 45, Stryi, L'vivs'ka oblast, Ukraine, 82400	F: 08:00 T: 20:00	F: 08:00 T: 20:00	F: 08:00 T: 20:00	F: 08:00 T: 20:00	F: 08:00 T: 20:00	F: 08:00 T: 20:00	F: 08:00 T: 20:00	shop-vatsak.jpg
5 VILNA BAKERY	49.2448559	23.8435998	Business	Food	"<b>5 VILNA BAKERY</b><br><i>9 Skolevska, Stryi, L'vivs'ka oblast, Ukraine, 82401</i><br>Tel: 095 336 8502<br><a href=""https://glutenfreevilna.com/"">https://glutenfreevilna.com/</a>"	095 336 8502	https://glutenfreevilna.com/	9 Skolevska, Stryi, L'vivs'ka oblast, Ukraine, 82401	F: 09:00 T: 16:00	F: 09:00 T: 16:00	F: 09:00 T: 16:00	F: 09:00 T: 16:00	F: 09:00 T: 16:00	closed	closed	5-vilna-bakery.jpg
Syla Ta Smak	49.2659213	23.8626809	Business	Food	<b>Syla Ta Smak</b><br><i>Sichovykh Stril'tsiv St, 4А, Stryi, L'vivs'ka oblast, Ukraine, 82401</i><br>Tel: 098 734 9423	098 734 9423		Sichovykh Stril'tsiv St, 4А, Stryi, L'vivs'ka oblast, Ukraine, 82401	F: 10:00 T: 20:00	F: 10:00 T: 20:00	F: 10:00 T: 20:00	F: 10:00 T: 20:00	F: 10:00 T: 20:00	F: 10:00 T: 20:00	F: 10:00 T: 20:00	syla-ta-smak.jpg
Khlibobulochni Vyroby	49.2411715	23.8624737	Business	Shops	<b>Khlibobulochni Vyroby</b><br><i>Т1409, Slobidka, L'vivs'ka oblast, Ukraine, 82462</i>			Т1409, Slobidka, L'vivs'ka oblast, Ukraine, 82462								khlibobulochni-vyroby.jpg
Рукавичка	49.272787	23.850962	Business	Food	"<b>Рукавичка</b><br><i>Dobrivlyans'ka St, 72а, Stryi, L'vivs'ka oblast, Ukraine, 82400</i><br>Tel: 099 544 2955<br><a href=""https://rukavychka.ua/"">https://rukavychka.ua/</a>"	099 544 2955	https://rukavychka.ua/	Dobrivlyans'ka St, 72а, Stryi, L'vivs'ka oblast, Ukraine, 82400	F: 08:00 T: 22:00	F: 08:00 T: 22:00	F: 08:00 T: 22:00	F: 08:00 T: 22:00	F: 08:00 T: 22:00	F: 08:00 T: 22:00	F: 08:00 T: 22:00	
Rukavychka	49.2687323	23.863877	Business	Food	"<b>Rukavychka</b><br><i>Hryhoriya Kossaka St, 9, Stryi, L'vivs'ka oblast, Ukraine, 82408</i><br>Tel: 050 378 9885<br><a href=""https://rukavychka.ua/"">https://rukavychka.ua/</a>"	050 378 9885	https://rukavychka.ua/	Hryhoriya Kossaka St, 9, Stryi, L'vivs'ka oblast, Ukraine, 82408	F: 08:00 T: 22:00	F: 08:00 T: 22:00	F: 08:00 T: 22:00	F: 08:00 T: 22:00	F: 08:00 T: 22:00	F: 08:00 T: 22:00	F: 08:00 T: 22:00	rukavychka.jpg
Komora Bobra	49.2452087	23.8412723	Business	Shops	"<b>Komora Bobra</b><br><i>Skolivska St, 11Б, Stryi, L'vivs'ka oblast, Ukraine, 82400</i><br>Tel: 097 778 8448<br><a href=""https://komorabobra.com.ua/"">https://komorabobra.com.ua/</a>"	097 778 8448	https://komorabobra.com.ua/	Skolivska St, 11Б, Stryi, L'vivs'ka oblast, Ukraine, 82400	F: 09:00 T: 17:00	F: 09:00 T: 17:00	F: 09:00 T: 17:00	F: 09:00 T: 17:00	F: 09:00 T: 17:00	closed	closed	komora-bobra.jpg
Pp Havryliv V.v.	49.254389	23.843765	Business	Services	"<b>Pp Havryliv V.v.</b><br><i>Tarasa Shevchenka St, Stryi, L'vivs'ka oblast, Ukraine, 82404</i><br>Tel: 050 228 2555<br><a href=""http://gns-kaminy.com.ua/"">http://gns-kaminy.com.ua/</a>"	050 228 2555	http://gns-kaminy.com.ua/	Tarasa Shevchenka St, Stryi, L'vivs'ka oblast, Ukraine, 82404	F: 09:00 T: 18:00	F: 09:00 T: 18:00	F: 09:00 T: 18:00	F: 09:00 T: 18:00	F: 09:00 T: 18:00	F: 09:00 T: 16:00	closed	
MONAKO - мережа магазинів канцтоварів та іграшок	49.2625918	23.8595956	Business	Shops	"<b>MONAKO - мережа магазинів канцтоварів та іграшок</b><br><i>Tarasa Shevchenka St, 179, Stryi, L'vivs'ka oblast, Ukraine, 82402</i><br>Tel: 096 275 2920<br><a href=""https://monako.ua/"">https://monako.ua/</a>"	096 275 2920	https://monako.ua/	Tarasa Shevchenka St, 179, Stryi, L'vivs'ka oblast, Ukraine, 82402	F: 10:00 T: 19:00	F: 10:00 T: 19:00	F: 10:00 T: 19:00	F: 10:00 T: 19:00	F: 10:00 T: 19:00	F: 10:00 T: 19:00	F: 10:00 T: 17:00	monako.jpg
ATB-Market	49.2606638	23.8561827	Business	Shops	"<b>ATB-Market</b><br><i>Tarasa Shevchenka St, 72, Stryi, L'vivs'ka oblast, Ukraine, 82400</i><br>Tel: 0800 500 415<br><a href=""https://www.atbmarket.com/"">https://www.atbmarket.com/</a>"	0800 500 415	https://www.atbmarket.com/	Tarasa Shevchenka St, 72, Stryi, L'vivs'ka oblast, Ukraine, 82400	F: 07:00 T: 23:00	F: 07:00 T: 23:00	F: 07:00 T: 23:00	F: 07:00 T: 23:00	F: 07:00 T: 23:00	F: 07:00 T: 23:00	F: 07:00 T: 23:00	atb-market.jpg
ПП Саврига Ігор Васильович	49.256552	23.85768	Business	Shops	<b>ПП Саврига Ігор Васильович</b><br><i>Kravets'ka St, м.Стрий, L'vivs'ka oblast, Ukraine, 82400</i><br>Tel: 050 735 6674	050 735 6674		Kravets'ka St, м.Стрий, L'vivs'ka oblast, Ukraine, 82400	F: 08:00 T: 18:00	F: 08:00 T: 18:00	F: 08:00 T: 18:00	F: 08:00 T: 18:00	F: 08:00 T: 18:00	F: 08:00 T: 15:00	closed	
Tyre in Serbyn	49.241811	23.845004	Business	Shops	<b>Tyre in Serbyn</b><br><i>Ob'izna Rd, Stryi, L'vivs'ka oblast, Ukraine, 82400</i><br>Tel: 097 905 1836	097 905 1836		Ob'izna Rd, Stryi, L'vivs'ka oblast, Ukraine, 82400	F: 08:00 T: 19:00	F: 08:00 T: 19:00	F: 08:00 T: 19:00	F: 08:00 T: 19:00	F: 08:00 T: 19:00	F: 08:00 T: 17:00	closed	tyre-in-serbyn.jpg
"Mahazyn ""Palitra"" - Farby, Laky Ta Dekoratyvni Shtukaturky"	49.2468075	23.8433677	Business	Services	"<b>Mahazyn ""Palitra"" - Farby, Laky Ta Dekoratyvni Shtukaturky</b><br><i>Skolivska St, 14, Stryi, L'vivs'ka oblast, Ukraine, 82400</i><br>Tel: 067 291 9600<br><a href=""https://farbabud.com.ua/"">https://farbabud.com.ua/</a>"	067 291 9600	https://farbabud.com.ua/	Skolivska St, 14, Stryi, L'vivs'ka oblast, Ukraine, 82400	F: 14:00 T: 18:00	F: 14:00 T: 18:00	F: 14:00 T: 18:00	F: 14:00 T: 18:00	F: 14:00 T: 18:00	F: 09:00 T: 14:00	closed	mahazyn-palitra-farby-laky-ta-dekoratyvni-shtukaturky.jpg
Teksim	49.2484742	23.8291762	Business	Shops	"<b>Teksim</b><br><i>Матійціва, 6, Stryi, L'vivs'ka oblast, Ukraine, 82400</i><br>Tel: 03245 44077<br><a href=""http://www.teximukraine.com/"">http://www.teximukraine.com/</a>"	03245 44077	http://www.teximukraine.com/	Матійціва, 6, Stryi, L'vivs'ka oblast, Ukraine, 82400	F: 09:00 T: 18:00	F: 09:00 T: 18:00	F: 09:00 T: 18:00	F: 09:00 T: 18:00	F: 09:00 T: 18:00	F: 09:00 T: 18:00	closed	teksim.jpg
Halytsʹka Shchedristʹ	49.2633598	23.8578827	Business	Shops	"<b>Halytsʹka Shchedristʹ</b><br><i>Ol'hy Bachyns'koi St, 4/71, Stryi, L'vivs'ka oblast, Ukraine, 82400</i><br>Tel: 093 238 3082<br><a href=""https://www.facebook.com/profile.php?id=100094251063453"">https://www.facebook.com/profile.php?id=100094251063453</a>"	093 238 3082	https://www.facebook.com/profile.php?id=100094251063453	Ol'hy Bachyns'koi St, 4/71, Stryi, L'vivs'ka oblast, Ukraine, 82400	F: 08:00 T: 22:00	F: 08:00 T: 22:00	F: 08:00 T: 22:00	F: 08:00 T: 21:00	F: 08:00 T: 21:00	F: 08:00 T: 21:00	F: 08:00 T: 21:00	halytska-shchedrist.jpg
Ломбард Скарбниця	49.257993	23.8523204	Business	Professional Services	"<b>Ломбард Скарбниця</b><br><i>Valova St, 8/1, Stryi, L'vivs'ka oblast, Ukraine, 82402</i><br>Tel: 0800 500 555<br><a href=""https://www.skarb.com.ua/departments/id=D61;mode=detail?utm_source=gmaps&utm_medium=referral&utm_campaign=selfpage&utm_content=address"">https://www.skarb.com.ua/departments/id=D61;mode=detail?utm_source=gmaps&utm_medium=referral&utm_campaign=selfpage&utm_content=address</a>"	0800 500 555	https://www.skarb.com.ua/departments/id=D61;mode=detail?utm_source=gmaps&utm_medium=referral&utm_campaign=selfpage&utm_content=address	Valova St, 8/1, Stryi, L'vivs'ka oblast, Ukraine, 82402	F: 09:00 T: 20:00	F: 09:00 T: 20:00	F: 09:00 T: 20:00	F: 09:00 T: 20:00	F: 09:00 T: 20:00	F: 09:00 T: 20:00	F: 09:00 T: 20:00	x-0b939661eb.jpg
Zir	49.25667680000001	23.8469782	Business	Health	"<b>Zir</b><br><i>Tarasa Shevchenka St, 57, Stryi, L'vivs'ka oblast, Ukraine, 82401</i><br>Tel: 03245 71066<br><a href=""http://zir.ua/"">http://zir.ua/</a>"	03245 71066	http://zir.ua/	Tarasa Shevchenka St, 57, Stryi, L'vivs'ka oblast, Ukraine, 82401	F: 09:00 T: 19:00	F: 09:00 T: 19:00	F: 09:00 T: 19:00	F: 09:00 T: 19:00	F: 09:00 T: 19:00	F: 09:00 T: 17:00	closed	zir.jpg
Fozot Service	49.2575406	23.8486414	Business	Shops	"<b>Fozot Service</b><br><i>Tarasa Shevchenka St, 65, Stryi, L'vivs'ka oblast, Ukraine, 82400</i><br>Tel: 067 374 0622<br><a href=""http://fozot.com.ua/"">http://fozot.com.ua/</a>"	067 374 0622	http://fozot.com.ua/	Tarasa Shevchenka St, 65, Stryi, L'vivs'ka oblast, Ukraine, 82400	F: 09:00 T: 18:00	F: 09:00 T: 18:00	F: 09:00 T: 18:00	F: 09:00 T: 18:00	F: 09:00 T: 17:00	F: 09:00 T: 17:00	closed	fozot-service.jpg
"Shop ""miracle child"""	49.256176	23.8511618	Business	Shops	"<b>Shop ""miracle child""</b><br><i>Yaroslava Stets'ka St, 3, Stryi, L'vivs'ka oblast, Ukraine, 82400</i>"			Yaroslava Stets'ka St, 3, Stryi, L'vivs'ka oblast, Ukraine, 82400	F: 09:00 T: 19:00	F: 09:00 T: 19:00	F: 09:00 T: 19:00	F: 09:00 T: 19:00	F: 09:00 T: 19:00	F: 09:00 T: 19:00	F: 10:00 T: 18:00	shop-miracle-child.jpg
Chas Pik	49.2555199	23.8523135	Business	Shops	"<b>Chas Pik</b><br><i>Vulytsya Maydan Rynok, 42, Stryi, L'vivs'ka oblast, Ukraine, 82400</i><br>Tel: 03245 40137<br><a href=""https://www.chaspik.ua/"">https://www.chaspik.ua/</a>"	03245 40137	https://www.chaspik.ua/	Vulytsya Maydan Rynok, 42, Stryi, L'vivs'ka oblast, Ukraine, 82400	F: 09:00 T: 18:00	F: 09:00 T: 18:00	F: 09:00 T: 18:00	F: 09:00 T: 18:00	F: 09:00 T: 18:00	F: 09:00 T: 15:00	F: 10:00 T: 13:00	chas-pik.jpg
Ringoo	49.2566267	23.8351088	Business	Shops	<b>Ringoo</b><br><i>Шевченка вул, 34, Stryi, Львівська, Ukraine, 82401</i><br>Tel: 067 549 9941	067 549 9941		Шевченка вул, 34, Stryi, Львівська, Ukraine, 82401	F: 09:00 T: 18:00	F: 09:00 T: 18:00	F: 09:00 T: 18:00	F: 09:00 T: 18:00	F: 09:00 T: 18:00	F: 10:00 T: 17:00	F: 10:00 T: 17:00	
Komp'yuternyy Vsesvit	49.2565276	23.8531443	Business	Shops	"<b>Komp'yuternyy Vsesvit</b><br><i>Vulytsya Maydan Rynok, 9, Stryi, L'vivs'ka oblast, Ukraine, 82400</i><br>Tel: 050 436 5107<br><a href=""http://kvshop.com.ua/"">http://kvshop.com.ua/</a>"	050 436 5107	http://kvshop.com.ua/	Vulytsya Maydan Rynok, 9, Stryi, L'vivs'ka oblast, Ukraine, 82400	F: 09:00 T: 18:00	F: 09:00 T: 18:00	F: 09:00 T: 18:00	F: 09:00 T: 18:00	F: 09:00 T: 18:00	F: 09:00 T: 17:00	F: 10:00 T: 13:00	komp-yuternyy-vsesvit.jpg
Svit Ram	49.2577927	23.8565849	Business	Shops	"<b>Svit Ram</b><br><i>Zelena St, 25, Stryi, L'vivs'ka oblast, Ukraine, 82404</i><br><a href=""https://svitram.com.ua/"">https://svitram.com.ua/</a>"		https://svitram.com.ua/	Zelena St, 25, Stryi, L'vivs'ka oblast, Ukraine, 82404								
LAUFAM	49.2558987	23.8574016	Business	Shops	"<b>LAUFAM</b><br><i>Vulytsya Uspensʹka, 40б, Stryi, L'vivs'ka oblast, Ukraine, 82400</i><br>Tel: 093 572 5353<br><a href=""https://laufam.store/"">https://laufam.store/</a>"	093 572 5353	https://laufam.store/	Vulytsya Uspensʹka, 40б, Stryi, L'vivs'ka oblast, Ukraine, 82400	F: 10:00 T: 17:00	F: 10:00 T: 17:00	F: 10:00 T: 17:00	F: 10:00 T: 17:00	F: 10:00 T: 17:00	F: 09:00 T: 16:00	closed	laufam.jpg
Robinzon	49.2559761	23.8587229	Business	Shops	"<b>Robinzon</b><br><i>Stryi, Lviv Oblast, Ukraine, 82401</i><br>Tel: 03245 57562<br><a href=""http://www.robinzon-ua.com.ua/"">http://www.robinzon-ua.com.ua/</a>"	03245 57562	http://www.robinzon-ua.com.ua/	Stryi, Lviv Oblast, Ukraine, 82401	F: 09:00 T: 17:00	F: 09:00 T: 17:00	F: 09:00 T: 17:00	F: 09:00 T: 17:00	F: 09:00 T: 17:00	F: 09:00 T: 17:00	closed	
АРС — Магазин будівельних матеріалів	49.2654837	23.8488561	Business	Shops	"<b>АРС — Магазин будівельних матеріалів</b><br><i>Lesi Ukrainky St, 23, Stryi, L'vivs'ka oblast, Ukraine, 82400</i><br>Tel: 068 081 5218<br><a href=""https://ars.ua/"">https://ars.ua/</a>"	068 081 5218	https://ars.ua/	Lesi Ukrainky St, 23, Stryi, L'vivs'ka oblast, Ukraine, 82400	F: 08:00 T: 19:00	F: 08:00 T: 19:00	F: 08:00 T: 19:00	F: 08:00 T: 19:00	F: 08:00 T: 19:00	F: 09:00 T: 18:00	F: 10:00 T: 17:00	x-be7e10e7cf.jpg
Spektr	49.26272759999999	23.8609978	Business	Shops	"<b>Spektr</b><br><i>Tarasa Shevchenka St, 92, Stryi, L'vivs'ka oblast, Ukraine, 82401</i><br>Tel: 050 532 9220<br><a href=""https://spectr-s.com/ua"">https://spectr-s.com/ua</a>"	050 532 9220	https://spectr-s.com/ua	Tarasa Shevchenka St, 92, Stryi, L'vivs'ka oblast, Ukraine, 82401	F: 10:00 T: 19:00	F: 10:00 T: 19:00	F: 10:00 T: 19:00	F: 10:00 T: 19:00	F: 10:00 T: 19:00	F: 10:00 T: 17:00	closed	spektr.jpg
Мережа магазинів «Джміль»	49.24601209999999	23.8251655	Business	Shops	<b>Мережа магазинів «Джміль»</b><br><i>Hrabovets'ka St, 115А, Stryi, L'vivs'ka oblast, Ukraine, 82400</i>			Hrabovets'ka St, 115А, Stryi, L'vivs'ka oblast, Ukraine, 82400	F: 08:00 T: 22:00	F: 08:00 T: 22:00	F: 08:00 T: 22:00	F: 08:00 T: 22:00	F: 08:00 T: 22:00	F: 08:00 T: 22:00	F: 09:00 T: 22:00	x-25e87ceae2.jpg
Кахель Plus Склад	49.2680561	23.850892	Business	Shops	"<b>Кахель Plus Склад</b><br><i>м, Dobrivlyans'ka St, 39, Stryi, L'vivs'ka oblast, Ukraine, 82400</i><br>Tel: 068 888 0113<br><a href=""http://kahelplus.com.ua/"">http://kahelplus.com.ua/</a>"	068 888 0113	http://kahelplus.com.ua/	м, Dobrivlyans'ka St, 39, Stryi, L'vivs'ka oblast, Ukraine, 82400	F: 09:00 T: 18:00	F: 09:00 T: 18:00	F: 09:00 T: 18:00	F: 09:00 T: 18:00	F: 09:00 T: 18:00	F: 09:00 T: 15:00	closed	plus.jpg
"ТОВ ""Лінкс лабораторії""/ Lynks laboratories LLC"	49.239492	23.837575	Business	Shops	"<b>ТОВ ""Лінкс лабораторії""/ Lynks laboratories LLC</b><br><i>19, вулиця Сколівська, Stryi, L'vivs'ka oblast, Ukraine, 82400</i><br>Tel: 0322 593 309<br><a href=""http://www.lynkslabs.com/"">http://www.lynkslabs.com/</a>"	0322 593 309	http://www.lynkslabs.com/	19, вулиця Сколівська, Stryi, L'vivs'ka oblast, Ukraine, 82400	F: 10:00 T: 18:00	F: 10:00 T: 18:00	F: 10:00 T: 18:00	F: 10:00 T: 18:00	F: 10:00 T: 18:00	closed	closed	lynks-laboratories-llc.jpg
AutoYakaba - Автозапчастини	49.2656482	23.8651142	Business	Shops	"<b>AutoYakaba - Автозапчастини</b><br><i>L'vivska St, 52, Stryi, L'vivs'ka oblast, Ukraine, 82400</i><br>Tel: 093 896 9305<br><a href=""http://autoyakaba.com.ua/"">http://autoyakaba.com.ua/</a>"	093 896 9305	http://autoyakaba.com.ua/	L'vivska St, 52, Stryi, L'vivs'ka oblast, Ukraine, 82400	F: 09:00 T: 18:00	F: 09:00 T: 18:00	F: 09:00 T: 18:00	F: 09:00 T: 18:00	F: 09:00 T: 18:00	F: 09:00 T: 14:00	closed	autoyakaba.jpg
Sportpanorama	49.26261119999999	23.8701951	Business	Shops	"<b>Sportpanorama</b><br><i>Львівська обл, м, Oleha Ol'zhycha St, 11, Stryi, L'vivs'ka oblast, Ukraine</i><br>Tel: 099 661 5220<br><a href=""http://www.sportpanorama.net/"">http://www.sportpanorama.net/</a>"	099 661 5220	http://www.sportpanorama.net/	Львівська обл, м, Oleha Ol'zhycha St, 11, Stryi, L'vivs'ka oblast, Ukraine	F: 09:00 T: 19:00	F: 09:00 T: 19:00	F: 09:00 T: 19:00	F: 09:00 T: 19:00	F: 09:00 T: 19:00	F: 09:00 T: 19:00	F: 10:00 T: 18:00	sportpanorama.jpg
"Ptvmp ""Diana"""	49.270118	23.862513	Business	Shops	"<b>Ptvmp ""Diana""</b><br><i>50-richchya UPA St, 3А, Stryi, L'vivs'ka oblast, Ukraine, 82400</i><br>Tel: 050 584 0900<br><a href=""http://diana-west.prom.ua/"">http://diana-west.prom.ua/</a>"	050 584 0900	http://diana-west.prom.ua/	50-richchya UPA St, 3А, Stryi, L'vivs'ka oblast, Ukraine, 82400	F: 09:00 T: 18:00	F: 09:00 T: 18:00	F: 09:00 T: 18:00	F: 09:00 T: 18:00	F: 09:00 T: 18:00	F: 09:00 T: 15:00	closed	ptvmp-diana.jpg
ADS Striy	49.26473109999999	23.8713062	Business	Shops	"<b>ADS Striy</b><br><i>Vulytsya Ivana Bahryanoho, 9, Stryi, L'vivs'ka oblast, Ukraine, 82400</i><br>Tel: 068 322 0110<br><a href=""https://ads-decor.ua/"">https://ads-decor.ua/</a>"	068 322 0110	https://ads-decor.ua/	Vulytsya Ivana Bahryanoho, 9, Stryi, L'vivs'ka oblast, Ukraine, 82400	F: 09:00 T: 18:00	F: 09:00 T: 18:00	F: 09:00 T: 18:00	F: 09:00 T: 18:00	F: 09:00 T: 18:00	closed	closed	ads-striy.jpg
Piro market	49.2701492	23.8703079	Business	Shops	"<b>Piro market</b><br><i>L'vivska St, 123-б, Stryi, L'vivs'ka oblast, Ukraine, 82408</i><br>Tel: 097 523 9444<br><a href=""https://piromarket.com.ua/"">https://piromarket.com.ua/</a>"	097 523 9444	https://piromarket.com.ua/	L'vivska St, 123-б, Stryi, L'vivs'ka oblast, Ukraine, 82408	F: 09:00 T: 18:00	F: 09:00 T: 18:00	F: 09:00 T: 18:00	F: 09:00 T: 18:00	F: 09:00 T: 18:00	F: 10:00 T: 17:00	F: 10:00 T: 16:00	piro-market.jpg
"Mahazyn Avtozapchastyn ""Pasat"""	49.27093790000001	23.8755353	Business	Shops	"<b>Mahazyn Avtozapchastyn ""Pasat""</b><br><i>Halyts'ka St, 17, Stryi, L'vivs'ka oblast, Ukraine, 82400</i><br>Tel: 066 087 1178"	066 087 1178		Halyts'ka St, 17, Stryi, L'vivs'ka oblast, Ukraine, 82400	F: 09:00 T: 18:00	F: 09:00 T: 18:00	F: 09:00 T: 18:00	F: 09:00 T: 18:00	F: 09:00 T: 18:00	F: 09:00 T: 15:00	closed	mahazyn-avtozapchastyn-pasat.jpg
Epicentr K	49.2623476	23.8690139	Business	Shops	"<b>Epicentr K</b><br><i>Oleha Ol'zhycha St, 18, Stryi, L'vivs'ka oblast, Ukraine, 82408</i><br>Tel: 03245 42555<br><a href=""https://epicentrk.ua/shop/stryy/?utm_source=maps&utm_medium=organic&utm_campaign=google&utm_content=stryy&utm_term=olega-olzhicha"">https://epicentrk.ua/shop/stryy/?utm_source=maps&utm_medium=organic&utm_campaign=google&utm_content=stryy&utm_term=olega-olzhicha</a>"	03245 42555	https://epicentrk.ua/shop/stryy/?utm_source=maps&utm_medium=organic&utm_campaign=google&utm_content=stryy&utm_term=olega-olzhicha	Oleha Ol'zhycha St, 18, Stryi, L'vivs'ka oblast, Ukraine, 82408	F: 08:00 T: 21:00	F: 08:00 T: 21:00	F: 08:00 T: 21:00	F: 08:00 T: 21:00	F: 08:00 T: 21:00	F: 08:00 T: 21:00	F: 09:00 T: 20:00	epicentr-k.jpg
Олена	49.2550216	23.8422763	Business	Shops	<b>Олена</b><br><i>Oleny Stepanivny St, Stryi, L'vivs'ka oblast, Ukraine, 82404</i><br>Tel: 097 671 9085	097 671 9085		Oleny Stepanivny St, Stryi, L'vivs'ka oblast, Ukraine, 82404	F: 08:00 T: 18:00	F: 08:00 T: 18:00	F: 08:00 T: 18:00	F: 08:00 T: 18:00	F: 08:00 T: 18:00	F: 08:00 T: 18:00	closed	
Beeranda	49.2552238	23.8444984	Business	Shops	"<b>Beeranda</b><br><i>Tarasa Shevchenka St, 27, Stryi, L'vivs'ka oblast, Ukraine, 82400</i><br>Tel: 063 742 7437<br><a href=""https://t.me/beeranda1705"">https://t.me/beeranda1705</a>"	063 742 7437	https://t.me/beeranda1705	Tarasa Shevchenka St, 27, Stryi, L'vivs'ka oblast, Ukraine, 82400	F: 12:00 T: 21:00	F: 12:00 T: 21:00	F: 12:00 T: 21:00	F: 12:00 T: 21:00	F: 12:00 T: 22:00	F: 12:00 T: 22:00	F: 12:00 T: 22:00	beeranda.jpg
Епіцентр Express	49.25343059999999	23.8513947	Business	Shops	"<b>Епіцентр Express</b><br><i>Vulytsya Uspensʹka, 10-А, Stryi, L'vivs'ka oblast, Ukraine, 82403</i><br><a href=""https://epicentrk.ua/ua/address/ekspres-stryi.html?utm_source=maps&utm_medium=organic&utm_campaign=google&utm_term=uspenska-10-ekspres&utm_content=stryy"">https://epicentrk.ua/ua/address/ekspres-stryi.html?utm_source=maps&utm_medium=organic&utm_campaign=google&utm_term=uspenska-10-ekspres&utm_content=stryy</a>"		https://epicentrk.ua/ua/address/ekspres-stryi.html?utm_source=maps&utm_medium=organic&utm_campaign=google&utm_term=uspenska-10-ekspres&utm_content=stryy	Vulytsya Uspensʹka, 10-А, Stryi, L'vivs'ka oblast, Ukraine, 82403	F: 08:00 T: 20:00	F: 08:00 T: 20:00	F: 08:00 T: 20:00	F: 08:00 T: 20:00	F: 08:00 T: 20:00	F: 08:00 T: 20:00	F: 09:00 T: 20:00	express.jpg
Atb	49.25988309999999	23.8431846	Business	Shops	"<b>Atb</b><br><i>Vokzalna St, 124, Stryi, L'vivs'ka oblast, Ukraine, 82400</i><br>Tel: 0800 500 415<br><a href=""https://www.atbmarket.com/"">https://www.atbmarket.com/</a>"	0800 500 415	https://www.atbmarket.com/	Vokzalna St, 124, Stryi, L'vivs'ka oblast, Ukraine, 82400	F: 07:00 T: 23:00	F: 07:00 T: 23:00	F: 07:00 T: 23:00	F: 07:00 T: 23:00	F: 07:00 T: 23:00	F: 07:00 T: 23:00	F: 07:00 T: 23:00	atb.jpg
Avrora	49.260318	23.8429927	Business	Shops	"<b>Avrora</b><br><i>Vokzalna St, 11, Stryi, L'vivs'ka oblast, Ukraine, 82400</i><br>Tel: 0800 300 066<br><a href=""https://avrora.ua/?utm_source=google_maps"">https://avrora.ua/?utm_source=google_maps</a>"	0800 300 066	https://avrora.ua/?utm_source=google_maps	Vokzalna St, 11, Stryi, L'vivs'ka oblast, Ukraine, 82400	F: 08:00 T: 21:00	F: 08:00 T: 21:00	F: 08:00 T: 21:00	F: 08:00 T: 21:00	F: 08:00 T: 21:00	F: 08:00 T: 21:00	F: 08:00 T: 21:00	avrora.jpg
Atb	49.2559475	23.856446	Business	Shops	"<b>Atb</b><br><i>Vulytsya Uspensʹka, 40б, Stryi, L'vivs'ka oblast, Ukraine, 82400</i><br>Tel: 0800 500 415<br><a href=""https://www.atbmarket.com/"">https://www.atbmarket.com/</a>"	0800 500 415	https://www.atbmarket.com/	Vulytsya Uspensʹka, 40б, Stryi, L'vivs'ka oblast, Ukraine, 82400	F: 08:00 T: 22:00	F: 08:00 T: 22:00	F: 08:00 T: 22:00	F: 08:00 T: 22:00	F: 08:00 T: 22:00	F: 08:00 T: 22:00	F: 08:00 T: 22:00	atb.jpg
Avrora	49.25552219999999	23.8567692	Business	Shops	"<b>Avrora</b><br><i>Vulytsya Uspensʹka, 36, А/10, Stryi, L'vivs'ka oblast, Ukraine, 82400</i><br>Tel: 0800 300 066<br><a href=""https://avrora.ua/?utm_source=google_maps"">https://avrora.ua/?utm_source=google_maps</a>"	0800 300 066	https://avrora.ua/?utm_source=google_maps	Vulytsya Uspensʹka, 36, А/10, Stryi, L'vivs'ka oblast, Ukraine, 82400	F: 08:00 T: 20:00	F: 08:00 T: 20:00	F: 08:00 T: 20:00	F: 08:00 T: 20:00	F: 08:00 T: 20:00	F: 08:00 T: 20:00	F: 08:00 T: 20:00	avrora.jpg
Halytsʹka Shchedristʹ	49.2658305	23.8420817	Business	Shops	"<b>Halytsʹka Shchedristʹ</b><br><i>Symona Petlyury St, 103, Stryi, L'vivs'ka oblast, Ukraine, 82400</i><br>Tel: 093 238 3082<br><a href=""https://www.facebook.com/profile.php?id=100034667079989"">https://www.facebook.com/profile.php?id=100034667079989</a>"	093 238 3082	https://www.facebook.com/profile.php?id=100034667079989	Symona Petlyury St, 103, Stryi, L'vivs'ka oblast, Ukraine, 82400	F: 08:00 T: 21:00	F: 08:00 T: 21:00	F: 08:00 T: 21:00	F: 08:00 T: 21:00	F: 08:00 T: 21:00	F: 08:00 T: 21:00	F: 08:00 T: 21:00	halytska-shchedrist.jpg
Orlan	49.2402836	23.83349239999999	Business	Shops	<b>Orlan</b><br><i>Vulytsya Tarasa Shevchenka, L'vivs'ka oblast, Ukraine</i>			Vulytsya Tarasa Shevchenka, L'vivs'ka oblast, Ukraine	F: 09:00 T: 21:00	F: 09:00 T: 21:00	F: 09:00 T: 21:00	F: 09:00 T: 21:00	F: 09:00 T: 21:00	F: 09:00 T: 21:00	F: 09:00 T: 21:00	orlan.jpg
Аврора	49.2674299	23.8628738	Business	Shops	"<b>Аврора</b><br><i>Hryhoriya Kossaka St, 2-Г, Stryi, L'vivs'ka oblast, Ukraine, 82400</i><br>Tel: 0800 300 066<br><a href=""https://avrora.ua/?utm_source=google_maps"">https://avrora.ua/?utm_source=google_maps</a>"	0800 300 066	https://avrora.ua/?utm_source=google_maps	Hryhoriya Kossaka St, 2-Г, Stryi, L'vivs'ka oblast, Ukraine, 82400	F: 08:00 T: 21:00	F: 08:00 T: 21:00	F: 08:00 T: 21:00	F: 08:00 T: 21:00	F: 08:00 T: 21:00	F: 08:00 T: 21:00	F: 08:00 T: 21:00	x-6ae2f9910b.jpg
Аврора	49.2642153	23.8687795	Business	Shops	"<b>Аврора</b><br><i>Vulytsya Ivana Bahryanoho, 4-А, Stryi, L'vivs'ka oblast, Ukraine, 82400</i><br>Tel: 0800 300 066<br><a href=""https://avrora.ua/?utm_source=google_maps"">https://avrora.ua/?utm_source=google_maps</a>"	0800 300 066	https://avrora.ua/?utm_source=google_maps	Vulytsya Ivana Bahryanoho, 4-А, Stryi, L'vivs'ka oblast, Ukraine, 82400	F: 08:00 T: 19:45	F: 08:00 T: 19:45	F: 08:00 T: 19:45	F: 08:00 T: 19:45	F: 08:00 T: 19:45	F: 08:00 T: 19:45	F: 08:00 T: 19:45	x-6ae2f9910b.jpg
FORTA супермаркет	49.2636349	23.8705133	Business	Shops	"<b>FORTA супермаркет</b><br><i>Oleha Ol'zhycha St, 3, Stryi, L'vivs'ka oblast, Ukraine, 82401</i><br>Tel: 067 133 0110<br><a href=""https://forta.store/"">https://forta.store/</a>"	067 133 0110	https://forta.store/	Oleha Ol'zhycha St, 3, Stryi, L'vivs'ka oblast, Ukraine, 82401	F: 08:00 T: 23:00	F: 08:00 T: 23:00	F: 08:00 T: 23:00	F: 08:00 T: 23:00	F: 08:00 T: 23:00	F: 08:00 T: 23:00	F: 08:00 T: 23:00	forta.jpg
Мережа магазинів «Джміль»	49.2740084	23.862542	Business	Shops	<b>Мережа магазинів «Джміль»</b><br><i>Vul. Oleksy Novakivsʹkoho, 14А, Stryi, L'vivs'ka oblast, Ukraine, 82400</i>			Vul. Oleksy Novakivsʹkoho, 14А, Stryi, L'vivs'ka oblast, Ukraine, 82400	F: 08:00 T: 22:00	F: 08:00 T: 22:00	F: 08:00 T: 22:00	F: 08:00 T: 22:00	F: 08:00 T: 22:00	F: 08:00 T: 22:00	F: 09:00 T: 22:00	x-25e87ceae2.jpg
Levmark	49.273647	23.86537	Business	Shops	"<b>Levmark</b><br><i>Lenkavs'koho St, 8б, Stryi, L'vivs'ka oblast, Ukraine, 82401</i><br>Tel: 063 100 7058<br><a href=""https://levmark.ua/"">https://levmark.ua/</a>"	063 100 7058	https://levmark.ua/	Lenkavs'koho St, 8б, Stryi, L'vivs'ka oblast, Ukraine, 82401	F: 08:00 T: 22:00	F: 08:00 T: 22:00	F: 08:00 T: 22:00	F: 08:00 T: 22:00	F: 08:00 T: 22:00	F: 08:00 T: 22:00	F: 08:00 T: 22:00	levmark.jpg
АТБ-Маркет	49.2734517	23.8721905	Business	Shops	"<b>АТБ-Маркет</b><br><i>L'vivska St, 168, Stryi, L'vivs'ka oblast, Ukraine, 82400</i><br>Tel: 0800 500 415<br><a href=""https://www.atbmarket.com/"">https://www.atbmarket.com/</a>"	0800 500 415	https://www.atbmarket.com/	L'vivska St, 168, Stryi, L'vivs'ka oblast, Ukraine, 82400	F: 07:00 T: 23:00	F: 07:00 T: 23:00	F: 07:00 T: 23:00	F: 07:00 T: 23:00	F: 07:00 T: 23:00	F: 07:00 T: 23:00	F: 07:00 T: 23:00	x-81acdf52e0.jpg
Мережа магазинів «Джміль»	49.2608536	23.9015572	Business	Shops	<b>Мережа магазинів «Джміль»</b><br><i>вулиця Стрийська, 37, Verchany, L'vivs'ka oblast, Ukraine, 82441</i>			вулиця Стрийська, 37, Verchany, L'vivs'ka oblast, Ukraine, 82441	F: 08:00 T: 21:00	F: 08:00 T: 21:00	F: 08:00 T: 21:00	F: 08:00 T: 21:00	F: 08:00 T: 21:00	F: 08:00 T: 21:00	F: 08:00 T: 21:00	x-25e87ceae2.jpg
612Km	49.2540881	23.8466164	Business	Shops	"<b>612Km</b><br><i>Filareta Kolessy St, 39а, Stryi, L'vivs'ka oblast, Ukraine, 82400</i><br>Tel: 050 105 2504<br><a href=""https://www.612km.com.ua/secod-hand/"">https://www.612km.com.ua/secod-hand/</a>"	050 105 2504	https://www.612km.com.ua/secod-hand/	Filareta Kolessy St, 39а, Stryi, L'vivs'ka oblast, Ukraine, 82400	F: 10:00 T: 17:00	F: 10:00 T: 17:00	F: 10:00 T: 17:00	F: 10:00 T: 17:00	F: 10:00 T: 17:00	F: 10:00 T: 17:00	F: 10:00 T: 17:00	612km.jpg
"Джинс ""Леді & Містер"""	49.255709	23.8489972	Business	Shops	"<b>Джинс ""Леді & Містер""</b><br><i>Konoval'tsya St, 7/1, Stryi, L'vivs'ka oblast, Ukraine, 82408</i><br>Tel: 066 672 2088"	066 672 2088		Konoval'tsya St, 7/1, Stryi, L'vivs'ka oblast, Ukraine, 82408	F: 10:00 T: 18:00	F: 10:00 T: 18:00	F: 10:00 T: 18:00	F: 10:00 T: 18:00	F: 10:00 T: 18:00	F: 10:00 T: 16:00	closed	x-5e6c61293f.jpg
Americade	49.25670650000001	23.8493226	Business	Shops	<b>Americade</b><br><i>Narodna St, 6, Stryi, L'vivs'ka oblast, Ukraine, 82400</i><br>Tel: 050 207 2434	050 207 2434		Narodna St, 6, Stryi, L'vivs'ka oblast, Ukraine, 82400	F: 10:00 T: 19:00	F: 10:00 T: 19:00	F: 10:00 T: 19:00	F: 10:00 T: 19:00	F: 10:00 T: 19:00	F: 10:00 T: 19:00	F: 11:00 T: 18:00	americade.jpg
Embroidery Shop Les Embroidery	49.255586	23.850794	Business	Shops	"<b>Embroidery Shop Les Embroidery</b><br><i>Stryi, Lviv Oblast, Ukraine, 82404</i><br><a href=""https://list.in.ua/%D0%9C%D0%B0%D0%B3%D0%B0%D0%B7%D0%B8%D0%BD%D0%B8/70591/%D0%9B%D0%B5%D1%81%D1%8F-%D0%92%D0%B8%D1%88%D0%B8%D0%B2%D0%B0%D0%BD%D0%BA%D0%B0-%D0%A1%D1%82%D1%80%D0%B8%D0%B9"">https://list.in.ua/%D0%9C%D0%B0%D0%B3%D0%B0%D0%B7%D0%B8%D0%BD%D0%B8/70591/%D0%9B%D0%B5%D1%81%D1%8F-%D0%92%D0%B8%D1%88%D0%B8%D0%B2%D0%B0%D0%BD%D0%BA%D0%B0-%D0%A1%D1%82%D1%80%D0%B8%D0%B9</a>"		https://list.in.ua/%D0%9C%D0%B0%D0%B3%D0%B0%D0%B7%D0%B8%D0%BD%D0%B8/70591/%D0%9B%D0%B5%D1%81%D1%8F-%D0%92%D0%B8%D1%88%D0%B8%D0%B2%D0%B0%D0%BD%D0%BA%D0%B0-%D0%A1%D1%82%D1%80%D0%B8%D0%B9	Stryi, Lviv Oblast, Ukraine, 82404	F: 08:00 T: 18:00	F: 08:00 T: 18:00	F: 08:00 T: 18:00	F: 08:00 T: 18:00	F: 08:00 T: 18:00	F: 08:00 T: 18:00	closed	embroidery-shop-les-embroidery.jpg
Baby Store	49.25575749999999	23.8546062	Business	Shops	<b>Baby Store</b><br><i>Torhovytsya St, 1/9, Stryi, L'vivs'ka oblast, Ukraine, 82402</i><br>Tel: 095 036 6528	095 036 6528		Torhovytsya St, 1/9, Stryi, L'vivs'ka oblast, Ukraine, 82402	F: 09:00 T: 19:00	F: 09:00 T: 19:00	F: 09:00 T: 19:00	F: 09:00 T: 19:00	F: 09:00 T: 19:00	F: 09:00 T: 19:00	closed	baby-store.jpg
Woodland Військовий одяг та амуніція	49.25839740000001	23.8529653	Business	Shops	"<b>Woodland Військовий одяг та амуніція</b><br><i>Poshtova St, 4, Stryi, L'vivs'ka oblast, Ukraine, 82400</i><br>Tel: 063 426 7824<br><a href=""https://www.instagram.com/woodland.stryi/"">https://www.instagram.com/woodland.stryi/</a>"	063 426 7824	https://www.instagram.com/woodland.stryi/	Poshtova St, 4, Stryi, L'vivs'ka oblast, Ukraine, 82400	F: 10:00 T: 18:00	F: 10:00 T: 18:00	F: 10:00 T: 18:00	F: 10:00 T: 18:00	F: 10:00 T: 18:00	F: 10:00 T: 18:00	closed	woodland.jpg
Магазин жіночого одягу “AN_brands”	49.2574861	23.8539931	Business	Shops	"<b>Магазин жіночого одягу “AN_brands”</b><br><i>Bohdana Khmel'nyts'koho St, 13а, Stryi, L'vivs'ka oblast, Ukraine, 82404</i><br>Tel: 095 008 0281<br><a href=""https://www.instagram.com/an.brands_ua?igshid=ODA1Tc5Nw=="">https://www.instagram.com/an.brands_ua?igshid=ODA1Tc5Nw==</a>"	095 008 0281	https://www.instagram.com/an.brands_ua?igshid=ODA1Tc5Nw==	Bohdana Khmel'nyts'koho St, 13а, Stryi, L'vivs'ka oblast, Ukraine, 82404	F: 12:00 T: 18:00	F: 12:00 T: 18:00	F: 12:00 T: 18:00	F: 12:00 T: 18:00	F: 12:00 T: 18:00	F: 11:00 T: 15:00	closed	an-brands.jpg
"Магазин""Корсаж"""	49.2588679	23.8540287	Business	Shops	"<b>Магазин""Корсаж""</b><br><i>Poshtova St, 7, Stryi, L'vivs'ka oblast, Ukraine, 82404</i><br>Tel: 093 650 3134"	093 650 3134		Poshtova St, 7, Stryi, L'vivs'ka oblast, Ukraine, 82404	F: 10:00 T: 18:00	F: 10:00 T: 18:00	F: 10:00 T: 18:00	F: 10:00 T: 18:00	F: 10:00 T: 18:00	F: 10:00 T: 16:00	closed	
Zahlotusy	49.2554037	23.8563112	Business	Shops	<b>Zahlotusy</b><br><i>Vulytsya Uspensʹka, Stryi, L'vivs'ka oblast, Ukraine, 82401</i>			Vulytsya Uspensʹka, Stryi, L'vivs'ka oblast, Ukraine, 82401	F: 01:00 T: 05:01	closed	closed	F: 03:30 T: 14:30	closed	closed	F: 00:00 T: 00:00	zahlotusy.jpg
Друк на одязі та сувенірах GRIM PRINT	49.26227540000001	23.84789839999999	Business	Shops	"<b>Друк на одязі та сувенірах GRIM PRINT</b><br><i>Vulytsya Bohdana Lepkoho, 18, Stryi, L'vivs'ka oblast, Ukraine, 82400</i><br>Tel: 096 992 9399<br><a href=""http://grim-print.com/"">http://grim-print.com/</a>"	096 992 9399	http://grim-print.com/	Vulytsya Bohdana Lepkoho, 18, Stryi, L'vivs'ka oblast, Ukraine, 82400	F: 09:00 T: 17:00	F: 09:00 T: 17:00	F: 09:00 T: 17:00	F: 09:00 T: 17:00	F: 09:00 T: 17:00	closed	closed	grim-print.jpg
Kolo&Ko	49.26016629999999	23.8534409	Business	Shops	<b>Kolo&Ko</b><br><i>Tarasa Shevchenka St, 107, Stryi, L'vivs'ka oblast, Ukraine, 82400</i>			Tarasa Shevchenka St, 107, Stryi, L'vivs'ka oblast, Ukraine, 82400								
Astin – брендовий чоловічий одяг	49.2600486	23.85395119999999	Business	Shops	<b>Astin – брендовий чоловічий одяг</b><br><i>Tarasa Shevchenka St, 111, Stryi, L'vivs'ka oblast, Ukraine, 82400</i><br>Tel: 095 716 1393	095 716 1393		Tarasa Shevchenka St, 111, Stryi, L'vivs'ka oblast, Ukraine, 82400	F: 09:00 T: 19:00	F: 09:00 T: 19:00	F: 09:00 T: 19:00	F: 09:00 T: 19:00	F: 09:00 T: 19:00	F: 09:00 T: 19:00	closed	astin.jpg
Брафітерія	49.258054	23.856368	Business	Shops	"<b>Брафітерія</b><br><i>Bohdana Khmel'nyts'koho St, 19, Stryi, L'vivs'ka oblast, Ukraine, 82400</i><br>Tel: 093 121 4989<br><a href=""https://www.ministryofbra.com/"">https://www.ministryofbra.com/</a>"	093 121 4989	https://www.ministryofbra.com/	Bohdana Khmel'nyts'koho St, 19, Stryi, L'vivs'ka oblast, Ukraine, 82400	F: 09:00 T: 18:00	F: 09:00 T: 18:00	F: 09:00 T: 18:00	F: 09:00 T: 18:00	F: 09:00 T: 18:00	F: 09:00 T: 18:00	F: 09:00 T: 18:00	x-68ce176240.jpg
La Vie Shop	49.2585563	23.8562581	Business	Shops	"<b>La Vie Shop</b><br><i>Andriya Korchaka St, 17, Stryi, L'vivs'ka oblast, Ukraine, 82400</i><br>Tel: 063 359 0886<br><a href=""https://list.in.ua/%D0%9C%D0%B0%D0%B3%D0%B0%D0%B7%D0%B8%D0%BD%D0%B8/113838/La-Vie-%D0%A1%D1%82%D1%80%D0%B8%D0%B9"">https://list.in.ua/%D0%9C%D0%B0%D0%B3%D0%B0%D0%B7%D0%B8%D0%BD%D0%B8/113838/La-Vie-%D0%A1%D1%82%D1%80%D0%B8%D0%B9</a>"	063 359 0886	https://list.in.ua/%D0%9C%D0%B0%D0%B3%D0%B0%D0%B7%D0%B8%D0%BD%D0%B8/113838/La-Vie-%D0%A1%D1%82%D1%80%D0%B8%D0%B9	Andriya Korchaka St, 17, Stryi, L'vivs'ka oblast, Ukraine, 82400	F: 09:00 T: 19:00	F: 09:00 T: 19:00	F: 09:00 T: 19:00	F: 09:00 T: 19:00	F: 09:00 T: 19:00	F: 09:00 T: 17:00	closed	la-vie-shop.jpg
Kosmo	49.25713349999999	23.8575511	Business	Shops	<b>Kosmo</b><br><i>Zelena St, 30, Stryi, L'vivs'ka oblast, Ukraine, 82400</i>			Zelena St, 30, Stryi, L'vivs'ka oblast, Ukraine, 82400	F: 08:00 T: 19:00	F: 08:00 T: 19:00	F: 08:00 T: 19:00	F: 08:00 T: 19:00	F: 08:00 T: 19:00	F: 08:00 T: 19:00	F: 11:00 T: 17:00	
Дизайнерські вишиванки Lady Mak	49.2603123	23.8551237	Business	Shops	<b>Дизайнерські вишиванки Lady Mak</b><br><i>Andriya Korchaka St, 1, Stryi, L'vivs'ka oblast, Ukraine, 82400</i><br>Tel: 096 736 2885	096 736 2885		Andriya Korchaka St, 1, Stryi, L'vivs'ka oblast, Ukraine, 82400	F: 10:00 T: 19:00	F: 10:00 T: 19:00	F: 10:00 T: 19:00	F: 10:00 T: 19:00	F: 10:00 T: 19:00	F: 10:00 T: 19:00	closed	lady-mak.jpg
Roksolana	49.256327	23.858521	Business	Shops	"<b>Roksolana</b><br><i>Vulytsya Uspensʹka, 48А/4, Stryi, L'vivs'ka oblast, Ukraine, 82400</i><br>Tel: 097 055 5001<br><a href=""http://www.salonroksolana.com/"">http://www.salonroksolana.com/</a>"	097 055 5001	http://www.salonroksolana.com/	Vulytsya Uspensʹka, 48А/4, Stryi, L'vivs'ka oblast, Ukraine, 82400	F: 09:00 T: 17:00	F: 09:00 T: 17:00	F: 09:00 T: 17:00	F: 09:00 T: 17:00	F: 09:00 T: 17:00	F: 09:00 T: 15:00	closed	roksolana.jpg
Stylyaha	49.2576931	23.8589557	Business	Shops	<b>Stylyaha</b><br><i>Uspens'ka St, 41, Stryi, L'vivs'ka oblast, Ukraine, 82400</i><br>Tel: 099 342 4307	099 342 4307		Uspens'ka St, 41, Stryi, L'vivs'ka oblast, Ukraine, 82400	F: 08:00 T: 16:00	F: 08:00 T: 16:00	F: 08:00 T: 16:00	F: 08:00 T: 16:00	F: 08:00 T: 16:00	F: 08:00 T: 16:00	closed	stylyaha.jpg
Babytoptop	49.2592024	23.8583188	Business	Shops	"<b>Babytoptop</b><br><i>Bohdana Khmel'nyts'koho St, 28/1, Stryi, L'vivs'ka oblast, Ukraine, 82400</i><br>Tel: 097 580 3689<br><a href=""https://www.instagram.com/baby_top_toop?igsh=MWo1YmFyY2JjdnQwNA=="">https://www.instagram.com/baby_top_toop?igsh=MWo1YmFyY2JjdnQwNA==</a>"	097 580 3689	https://www.instagram.com/baby_top_toop?igsh=MWo1YmFyY2JjdnQwNA==	Bohdana Khmel'nyts'koho St, 28/1, Stryi, L'vivs'ka oblast, Ukraine, 82400	F: 09:00 T: 17:00	F: 09:00 T: 17:00	F: 09:00 T: 17:00	F: 09:00 T: 17:00	F: 09:00 T: 17:00	F: 09:00 T: 16:00	closed	babytoptop.jpg
Apteka Podorozhnyk	49.25605199999999	23.8460148	Business	Health	"<b>Apteka Podorozhnyk</b><br><i>Tarasa Shevchenka St, 53/2, Stryi, L'vivs'ka oblast, Ukraine, 82402</i><br>Tel: 0800 303 111<br><a href=""http://podorozhnyk.ua/?utm_source=getpin&utm_medium=maps&utm_content=link"">http://podorozhnyk.ua/?utm_source=getpin&utm_medium=maps&utm_content=link</a>"	0800 303 111	http://podorozhnyk.ua/?utm_source=getpin&utm_medium=maps&utm_content=link	Tarasa Shevchenka St, 53/2, Stryi, L'vivs'ka oblast, Ukraine, 82402	F: 08:00 T: 21:00	F: 08:00 T: 21:00	F: 08:00 T: 21:00	F: 08:00 T: 21:00	F: 08:00 T: 21:00	F: 08:00 T: 21:00	F: 08:00 T: 21:00	apteka-podorozhnyk.jpg
Аптека АНЦ	49.2580134	23.8441014	Business	Health	"<b>Аптека АНЦ</b><br><i>V'yacheslava Chornovola Ave, 14, Stryi, L'vivs'ka oblast, Ukraine, 82400</i><br>Tel: 093 000 5900<br><a href=""https://anc.ua/?utm_source=google-maps&utm_medium=getpin&utm_campaign=general"">https://anc.ua/?utm_source=google-maps&utm_medium=getpin&utm_campaign=general</a>"	093 000 5900	https://anc.ua/?utm_source=google-maps&utm_medium=getpin&utm_campaign=general	V'yacheslava Chornovola Ave, 14, Stryi, L'vivs'ka oblast, Ukraine, 82400								x-7d9ccbd570.jpg
Добрий vet	49.2520241	23.8389378	Business	Health	"<b>Добрий vet</b><br><i>Drohobytska St, 49, Stryi, L'vivs'ka oblast, Ukraine, 82400</i><br>Tel: 098 635 9516<br><a href=""https://www.facebook.com/profile.php?id=100075037429298"">https://www.facebook.com/profile.php?id=100075037429298</a>"	098 635 9516	https://www.facebook.com/profile.php?id=100075037429298	Drohobytska St, 49, Stryi, L'vivs'ka oblast, Ukraine, 82400	F: 09:00 T: 20:00	F: 09:00 T: 20:00	F: 09:00 T: 20:00	F: 09:00 T: 20:00	F: 09:00 T: 20:00	F: 09:00 T: 20:00	F: 10:00 T: 16:00	vet.jpg
"Apteka ""Tvoyeyi Rodyny"""	49.2563636	23.8505351	Business	Health	"<b>Apteka ""Tvoyeyi Rodyny""</b><br><i>Yaroslava Stets'ka St, 3, Stryi, L'vivs'ka oblast, Ukraine, 82400</i>"			Yaroslava Stets'ka St, 3, Stryi, L'vivs'ka oblast, Ukraine, 82400								
Аптека Подорожник	49.259809	23.8422408	Business	Health	"<b>Аптека Подорожник</b><br><i>Vokzalna St, 11, Stryi, L'vivs'ka oblast, Ukraine, 82402</i><br>Tel: 0800 303 111<br><a href=""http://podorozhnyk.ua/?utm_source=getpin&utm_medium=maps&utm_content=link"">http://podorozhnyk.ua/?utm_source=getpin&utm_medium=maps&utm_content=link</a>"	0800 303 111	http://podorozhnyk.ua/?utm_source=getpin&utm_medium=maps&utm_content=link	Vokzalna St, 11, Stryi, L'vivs'ka oblast, Ukraine, 82402	closed	closed	closed	closed	closed	closed	F: 00:00 T: 23:59	x-924c044f45.jpg
S. Uhersʹko	49.253711	23.8529528	Business	Health	<b>S. Uhersʹko</b><br><i>Vulytsya Uspensʹka, 14, Stryi, L'vivs'ka oblast, Ukraine, 82400</i>			Vulytsya Uspensʹka, 14, Stryi, L'vivs'ka oblast, Ukraine, 82400								
Аптека «Бажаємо здоров'я»	49.25394	23.8533	Business	Health	"<b>Аптека «Бажаємо здоров'я»</b><br><i>Vulytsya Uspensʹka, 10-А, Stryi, L'vivs'ka oblast, Ukraine, 82402</i><br>Tel: 063 449 1695<br><a href=""https://apteka.net.ua/"">https://apteka.net.ua/</a>"	063 449 1695	https://apteka.net.ua/	Vulytsya Uspensʹka, 10-А, Stryi, L'vivs'ka oblast, Ukraine, 82402	F: 08:00 T: 21:00	F: 08:00 T: 21:00	F: 08:00 T: 21:00	F: 08:00 T: 21:00	F: 08:00 T: 21:00	F: 08:00 T: 21:00	F: 08:00 T: 21:00	x-5ed82cefa1.jpg
Vul.	49.2575256	23.8523925	Business	Health	<b>Vul.</b><br><i>Nezalezhnosti St, Stryi, L'vivs'ka oblast, Ukraine, 82401</i>			Nezalezhnosti St, Stryi, L'vivs'ka oblast, Ukraine, 82401								
Oshchad Apteka	49.25635380000001	23.8537488	Business	Health	"<b>Oshchad Apteka</b><br><i>Vulytsya Maydan Rynok, 14, Stryi, L'vivs'ka oblast, Ukraine, 82400</i><br>Tel: 0800 303 111<br><a href=""http://podorozhnyk.ua/?utm_source=getpin&utm_medium=maps&utm_content=link"">http://podorozhnyk.ua/?utm_source=getpin&utm_medium=maps&utm_content=link</a>"	0800 303 111	http://podorozhnyk.ua/?utm_source=getpin&utm_medium=maps&utm_content=link	Vulytsya Maydan Rynok, 14, Stryi, L'vivs'ka oblast, Ukraine, 82400	F: 08:00 T: 20:00	F: 08:00 T: 20:00	F: 08:00 T: 20:00	F: 08:00 T: 20:00	F: 08:00 T: 20:00	F: 08:00 T: 20:00	F: 09:00 T: 18:00	oshchad-apteka.jpg
Аптека «Бажаємо здоров'я»	49.25583159999999	23.8541557	Business	Health	"<b>Аптека «Бажаємо здоров'я»</b><br><i>Torhovytsya St, 1/10, Stryi, L'vivs'ka oblast, Ukraine, 82402</i><br>Tel: 067 313 7637<br><a href=""https://apteka.net.ua/"">https://apteka.net.ua/</a>"	067 313 7637	https://apteka.net.ua/	Torhovytsya St, 1/10, Stryi, L'vivs'ka oblast, Ukraine, 82402	F: 08:00 T: 20:00	F: 08:00 T: 20:00	F: 08:00 T: 20:00	F: 08:00 T: 20:00	F: 08:00 T: 20:00	F: 08:00 T: 20:00	F: 08:00 T: 20:00	x-5ed82cefa1.jpg
Vetap магазин зоотоварів та ветеринарних препаратів м. Стрий	49.25490869999999	23.8553675	Business	Health	"<b>Vetap магазин зоотоварів та ветеринарних препаратів м. Стрий</b><br><i>Vulytsya Uspensʹka, 26, Stryi, L'vivs'ka oblast, Ukraine, 82400</i><br>Tel: 097 706 8459<br><a href=""https://vetap.com.ua/"">https://vetap.com.ua/</a>"	097 706 8459	https://vetap.com.ua/	Vulytsya Uspensʹka, 26, Stryi, L'vivs'ka oblast, Ukraine, 82400	F: 08:30 T: 19:00	F: 08:30 T: 19:00	F: 08:30 T: 19:00	F: 08:30 T: 19:00	F: 08:30 T: 19:00	F: 08:30 T: 19:00	F: 08:30 T: 19:00	vetap.jpg
Apteka Podorozhnyk	49.259521	23.8526382	Business	Health	"<b>Apteka Podorozhnyk</b><br><i>Tarasa Shevchenka St, 93/1, Stryi, L'vivs'ka oblast, Ukraine, 82402</i><br>Tel: 0800 303 111<br><a href=""http://podorozhnyk.ua/?utm_source=getpin&utm_medium=maps&utm_content=link"">http://podorozhnyk.ua/?utm_source=getpin&utm_medium=maps&utm_content=link</a>"	0800 303 111	http://podorozhnyk.ua/?utm_source=getpin&utm_medium=maps&utm_content=link	Tarasa Shevchenka St, 93/1, Stryi, L'vivs'ka oblast, Ukraine, 82402	F: 08:00 T: 21:00	F: 08:00 T: 21:00	F: 08:00 T: 21:00	F: 08:00 T: 21:00	F: 08:00 T: 21:00	F: 08:00 T: 21:00	F: 08:00 T: 21:00	apteka-podorozhnyk.jpg
KozakVet	49.2565708	23.8552449	Business	Health	<b>KozakVet</b><br><i>Torhovytsya St, 5, Stryi, L'vivs'ka oblast, Ukraine, 82401</i><br>Tel: 097 228 7705	097 228 7705		Torhovytsya St, 5, Stryi, L'vivs'ka oblast, Ukraine, 82401	F: 09:00 T: 18:00	F: 09:00 T: 18:00	F: 09:00 T: 18:00	F: 09:00 T: 18:00	F: 09:00 T: 18:00	F: 09:00 T: 18:00	F: 10:00 T: 15:00	kozakvet.jpg
Аптека biomed Оптика	49.25600499999999	23.855599	Business	Health	"<b>Аптека biomed Оптика</b><br><i>Torhovytsya St, 18, Stryi, L'vivs'ka oblast, Ukraine, 82400</i><br>Tel: 067 598 2404<br><a href=""https://optics.biomed.lviv.ua/"">https://optics.biomed.lviv.ua/</a>"	067 598 2404	https://optics.biomed.lviv.ua/	Torhovytsya St, 18, Stryi, L'vivs'ka oblast, Ukraine, 82400	F: 08:00 T: 20:00	F: 08:00 T: 20:00	F: 08:00 T: 20:00	F: 08:00 T: 20:00	F: 08:00 T: 20:00	F: 08:00 T: 20:00	F: 08:00 T: 20:00	biomed.jpg
Domashni Ulyublentsi	49.255692	23.8560995	Business	Health	<b>Domashni Ulyublentsi</b><br><i>Vulytsya Uspensʹka, 35/2, Stryi, L'vivs'ka oblast, Ukraine, 82400</i><br>Tel: 096 798 4476	096 798 4476		Vulytsya Uspensʹka, 35/2, Stryi, L'vivs'ka oblast, Ukraine, 82400	F: 08:30 T: 18:00	F: 08:30 T: 18:00	F: 08:30 T: 18:00	F: 08:30 T: 18:00	F: 08:30 T: 18:00	F: 08:30 T: 17:00	closed	domashni-ulyublentsi.jpg
1 Sotsialʹna Apteka	49.2562223	23.8568458	Business	Health	"<b>1 Sotsialʹna Apteka</b><br><i>Vulytsya Uspensʹka, 39, Stryi, L'vivs'ka oblast, Ukraine, 82400</i><br>Tel: 0800 218 170<br><a href=""https://1sa.com.ua/"">https://1sa.com.ua/</a>"	0800 218 170	https://1sa.com.ua/	Vulytsya Uspensʹka, 39, Stryi, L'vivs'ka oblast, Ukraine, 82400	F: 08:00 T: 20:00	F: 08:00 T: 20:00	F: 08:00 T: 20:00	F: 08:00 T: 20:00	F: 08:00 T: 20:00	F: 08:00 T: 19:00	F: 09:00 T: 19:00	1-sotsialna-apteka.jpg
Аптека Подорожник	49.2475512	23.852687	Business	Health	"<b>Аптека Подорожник</b><br><i>Bolekhivska St, 53, Stryi, L'vivs'ka oblast, Ukraine, 82402</i><br>Tel: 0800 303 111<br><a href=""http://podorozhnyk.ua/?utm_source=getpin&utm_medium=maps&utm_content=link"">http://podorozhnyk.ua/?utm_source=getpin&utm_medium=maps&utm_content=link</a>"	0800 303 111	http://podorozhnyk.ua/?utm_source=getpin&utm_medium=maps&utm_content=link	Bolekhivska St, 53, Stryi, L'vivs'ka oblast, Ukraine, 82402	closed	closed	closed	closed	closed	closed	F: 00:00 T: 23:59	x-924c044f45.jpg
Apteka 3I	49.25241390000001	23.8570499	Business	Health	"<b>Apteka 3I</b><br><i>Markiyana Shashkevycha St, 17, Stryi, L'vivs'ka oblast, Ukraine, 82402</i><br>Tel: 050 980 5910<br><a href=""https://3i.ua/"">https://3i.ua/</a>"	050 980 5910	https://3i.ua/	Markiyana Shashkevycha St, 17, Stryi, L'vivs'ka oblast, Ukraine, 82402	F: 08:30 T: 20:00	F: 08:30 T: 20:00	F: 08:30 T: 20:00	F: 08:30 T: 20:00	F: 08:30 T: 20:00	F: 09:00 T: 19:00	F: 09:00 T: 17:00	apteka-3i.jpg
Bazhayemo Zdorovya	49.2584675	23.8569881	Business	Health	"<b>Bazhayemo Zdorovya</b><br><i>Bohdana Khmel'nyts'koho St, Б., 25, прим.2, Stryi, L'vivs'ka oblast, Ukraine, 82402</i><br>Tel: 067 273 6174<br><a href=""https://apteka.net.ua/"">https://apteka.net.ua/</a>"	067 273 6174	https://apteka.net.ua/	Bohdana Khmel'nyts'koho St, Б., 25, прим.2, Stryi, L'vivs'ka oblast, Ukraine, 82402	F: 08:00 T: 21:00	F: 08:00 T: 21:00	F: 08:00 T: 21:00	F: 08:00 T: 21:00	F: 08:00 T: 21:00	F: 08:00 T: 21:00	F: 08:00 T: 21:00	bazhayemo-zdorovya.jpg
Apteka Optovykh Ts	49.24353199999999	23.836464	Business	Health	"<b>Apteka Optovykh Ts</b><br><i>Saksahans'koho St, 2, Stryi, L'vivs'ka oblast, Ukraine, 82400</i><br>Tel: 0800 505 911<br><a href=""https://apteka911.ua/"">https://apteka911.ua/</a>"	0800 505 911	https://apteka911.ua/	Saksahans'koho St, 2, Stryi, L'vivs'ka oblast, Ukraine, 82400	F: 08:00 T: 21:00	F: 08:00 T: 21:00	F: 08:00 T: 21:00	F: 08:00 T: 21:00	F: 08:00 T: 21:00	F: 08:00 T: 21:00	F: 08:00 T: 21:00	apteka-optovykh-ts.jpg
Apteka 3I	49.24671469999999	23.8248291	Business	Health	"<b>Apteka 3I</b><br><i>Lishyns'kykh St, 11/1, Stryi, L'vivs'ka oblast, Ukraine, 82404</i><br>Tel: 066 287 0446<br><a href=""https://3i.ua/"">https://3i.ua/</a>"	066 287 0446	https://3i.ua/	Lishyns'kykh St, 11/1, Stryi, L'vivs'ka oblast, Ukraine, 82404	F: 08:00 T: 20:00	F: 08:00 T: 20:00	F: 08:00 T: 20:00	F: 08:00 T: 20:00	F: 08:00 T: 20:00	F: 08:00 T: 20:00	F: 09:00 T: 19:00	
Apteka Pulʹs	49.24723299999999	23.8239923	Business	Health	"<b>Apteka Pulʹs</b><br><i>Lishyns'kykh St, 11/1, Stryi, L'vivs'ka oblast, Ukraine, 82404</i><br>Tel: 067 471 0038<br><a href=""http://www.apteka-puls.com/"">http://www.apteka-puls.com/</a>"	067 471 0038	http://www.apteka-puls.com/	Lishyns'kykh St, 11/1, Stryi, L'vivs'ka oblast, Ukraine, 82404	closed	closed	closed	closed	closed	closed	F: 00:00 T: 23:59	apteka-puls.jpg
Apteka Zdorova Rodyna	49.26754580000001	23.8601436	Business	Health	"<b>Apteka Zdorova Rodyna</b><br><i>Sichovykh Stril'tsiv St, 10/53, Stryi, L'vivs'ka oblast, Ukraine, 82408</i><br>Tel: 0800 303 111<br><a href=""https://zr.in.ua/"">https://zr.in.ua/</a>"	0800 303 111	https://zr.in.ua/	Sichovykh Stril'tsiv St, 10/53, Stryi, L'vivs'ka oblast, Ukraine, 82408	F: 08:00 T: 21:00	F: 08:00 T: 21:00	F: 08:00 T: 21:00	F: 08:00 T: 21:00	F: 08:00 T: 21:00	F: 08:00 T: 21:00	F: 08:00 T: 21:00	apteka-zdorova-rodyna.jpg
Apteka Sidus	49.26800050000001	23.8593474	Business	Health	"<b>Apteka Sidus</b><br><i>Sichovykh Stril'tsiv St, 10/128, Stryi, L'vivs'ka oblast, Ukraine, 82408</i><br>Tel: 066 266 7586<br><a href=""https://3i.ua/"">https://3i.ua/</a>"	066 266 7586	https://3i.ua/	Sichovykh Stril'tsiv St, 10/128, Stryi, L'vivs'ka oblast, Ukraine, 82408	F: 08:00 T: 20:00	F: 08:00 T: 20:00	F: 08:00 T: 20:00	F: 08:00 T: 20:00	F: 08:00 T: 20:00	F: 08:00 T: 20:00	F: 08:00 T: 20:00	apteka-sidus.jpg
Apteka Pulʹs	49.2669802	23.8620955	Business	Health	"<b>Apteka Pulʹs</b><br><i>Hryhoriya Kossaka St, 2, Stryi, L'vivs'ka oblast, Ukraine, 82400</i><br>Tel: 067 385 1151<br><a href=""https://www.apteka-puls.com/"">https://www.apteka-puls.com/</a>"	067 385 1151	https://www.apteka-puls.com/	Hryhoriya Kossaka St, 2, Stryi, L'vivs'ka oblast, Ukraine, 82400	closed	closed	closed	closed	closed	closed	F: 00:00 T: 23:59	apteka-puls.jpg
Apteka Zdorova Rodyna	49.2677305	23.8626097	Business	Health	"<b>Apteka Zdorova Rodyna</b><br><i>м. Стрий, вул. Гр, Hryhoriya Kossaka St, 5, Stryi, L'vivs'ka oblast, Ukraine, 82408</i><br>Tel: 0800 303 111<br><a href=""https://zr.in.ua/?utm_source=maps&utm_medium=linkbio&utm_content=190979"">https://zr.in.ua/?utm_source=maps&utm_medium=linkbio&utm_content=190979</a>"	0800 303 111	https://zr.in.ua/?utm_source=maps&utm_medium=linkbio&utm_content=190979	м. Стрий, вул. Гр, Hryhoriya Kossaka St, 5, Stryi, L'vivs'ka oblast, Ukraine, 82408	F: 08:00 T: 21:00	F: 08:00 T: 21:00	F: 08:00 T: 21:00	F: 08:00 T: 21:00	F: 08:00 T: 21:00	F: 08:00 T: 21:00	F: 09:00 T: 18:00	apteka-zdorova-rodyna.jpg
Сiмейна Аптека	49.267422	23.8665178	Business	Health	<b>Сiмейна Аптека</b><br><i>L'vivska St, 83, Stryi, L'vivs'ka oblast, Ukraine, 82401</i>			L'vivska St, 83, Stryi, L'vivs'ka oblast, Ukraine, 82401								i.jpg
Аптека Пульс (1 поверх)	49.26644019999999	23.8737491	Business	Health	"<b>Аптека Пульс (1 поверх)</b><br><i>Львівська обл., м.Стрий, вул.О.Басараб, 15 ЦРЛ (1-й пов м, Stryi, L'vivs'ka oblast, Ukraine, 82402</i><br>Tel: 067 317 9845<br><a href=""http://apteka-puls.com/"">http://apteka-puls.com/</a>"	067 317 9845	http://apteka-puls.com/	Львівська обл., м.Стрий, вул.О.Басараб, 15 ЦРЛ (1-й пов м, Stryi, L'vivs'ka oblast, Ukraine, 82402	F: 08:00 T: 20:00	F: 08:00 T: 20:00	F: 08:00 T: 20:00	F: 08:00 T: 20:00	F: 08:00 T: 20:00	F: 08:00 T: 20:00	F: 09:00 T: 17:00	1.jpg
Apteka 3I	49.2665923	23.87411	Business	Health	"<b>Apteka 3I</b><br><i>вул. О.Басараб, 15, стаціонарне відділення,1, й поверх, Stryi, L'vivs'ka oblast, Ukraine, 82400</i><br>Tel: 099 245 1069<br><a href=""https://3i.ua/"">https://3i.ua/</a>"	099 245 1069	https://3i.ua/	вул. О.Басараб, 15, стаціонарне відділення,1, й поверх, Stryi, L'vivs'ka oblast, Ukraine, 82400	closed	closed	closed	closed	closed	closed	F: 00:00 T: 23:59	apteka-3i.jpg
Apteka Pulʹs	49.272851	23.8734506	Business	Health	"<b>Apteka Pulʹs</b><br><i>Halyts'ka St, 1г, Stryi, L'vivs'ka oblast, Ukraine, 82404</i><br>Tel: 067 179 5855<br><a href=""https://www.apteka-puls.com/"">https://www.apteka-puls.com/</a>"	067 179 5855	https://www.apteka-puls.com/	Halyts'ka St, 1г, Stryi, L'vivs'ka oblast, Ukraine, 82404	closed	closed	closed	closed	closed	closed	F: 00:00 T: 23:59	apteka-puls.jpg
Ощадбанк	49.26023499999999	23.8482499	Business	Finance	"<b>Ощадбанк</b><br><i>м, 1-ho Lystopada St, 12, Stryi, L'vivs'ka oblast, Ukraine, 82400</i><br>Tel: 03245 93004<br><a href=""https://www.oschadbank.ua/"">https://www.oschadbank.ua/</a>"	03245 93004	https://www.oschadbank.ua/	м, 1-ho Lystopada St, 12, Stryi, L'vivs'ka oblast, Ukraine, 82400	F: 09:00 T: 18:00	F: 09:00 T: 18:00	F: 09:00 T: 18:00	F: 09:00 T: 18:00	F: 09:00 T: 18:00	F: 09:00 T: 14:00	closed	x-5ff7c61f70.jpg
Privatbank	49.2596291	23.8538109	Business	Finance	<b>Privatbank</b><br><i>Tarasa Shevchenka St, 66, Stryi, L'vivs'ka oblast, Ukraine, 82400</i><br>Tel: 073 716 1131	073 716 1131		Tarasa Shevchenka St, 66, Stryi, L'vivs'ka oblast, Ukraine, 82400	F: 09:00 T: 18:00	F: 09:00 T: 18:00	F: 09:00 T: 18:00	F: 09:00 T: 18:00	F: 09:00 T: 18:00	closed	closed	privatbank.jpg
Ощадбанк	49.26265	23.8684688	Business	Finance	"<b>Ощадбанк</b><br><i>Oleha Ol'zhycha St, 18, Stryi, L'vivs'ka oblast, Ukraine, 82400</i><br>Tel: 089 226 4019<br><a href=""https://www.oschadbank.ua/"">https://www.oschadbank.ua/</a>"	089 226 4019	https://www.oschadbank.ua/	Oleha Ol'zhycha St, 18, Stryi, L'vivs'ka oblast, Ukraine, 82400	closed	F: 15:00 T: 18:00	F: 15:00 T: 18:00	F: 15:00 T: 18:00	F: 15:00 T: 18:00	F: 15:00 T: 18:00	closed	x-5ff7c61f70.jpg
Ekspres Bank	49.2536599	23.8433452	Business	Finance	<b>Ekspres Bank</b><br><i>Drohobytska St, 5-а, Stryi, L'vivs'ka oblast, Ukraine, 82400</i><br>Tel: 03245 58446	03245 58446		Drohobytska St, 5-а, Stryi, L'vivs'ka oblast, Ukraine, 82400	F: 08:30 T: 17:45	F: 08:30 T: 17:45	F: 08:30 T: 17:45	F: 08:30 T: 17:45	F: 08:30 T: 16:30	closed	closed	
ТАСКОМБАНК	49.25593569999999	23.8484397	Business	Finance	"<b>ТАСКОМБАНК</b><br><i>Konoval'tsya St, 3, Stryi, L'vivs'ka oblast, Ukraine, 82403</i><br>Tel: 067 474 6533<br><a href=""https://tascombank.ua/"">https://tascombank.ua/</a>"	067 474 6533	https://tascombank.ua/	Konoval'tsya St, 3, Stryi, L'vivs'ka oblast, Ukraine, 82403	F: 09:00 T: 18:00	F: 09:00 T: 18:00	F: 09:00 T: 18:00	F: 09:00 T: 18:00	F: 09:00 T: 18:00	closed	closed	x-769f382485.jpg
Pumb	49.25583690000001	23.851082	Business	Finance	"<b>Pumb</b><br><i>Filareta Kolessy St, 10, Stryi, L'vivs'ka oblast, Ukraine, 82400</i><br>Tel: 0800 500 490<br><a href=""https://pumb.ua/"">https://pumb.ua/</a>"	0800 500 490	https://pumb.ua/	Filareta Kolessy St, 10, Stryi, L'vivs'ka oblast, Ukraine, 82400	F: 09:00 T: 18:00	F: 09:00 T: 18:00	F: 09:00 T: 18:00	F: 09:00 T: 18:00	F: 09:00 T: 18:00	closed	closed	pumb.jpg
Акордбанк, Відділення №148	49.2582365	23.8499511	Business	Finance	<b>Акордбанк, Відділення №148</b><br><i>Tarasa Shevchenka St, 71 а, Stryi, L'vivs'ka oblast, Ukraine, 82402</i><br>Tel: 03245 72151	03245 72151		Tarasa Shevchenka St, 71 а, Stryi, L'vivs'ka oblast, Ukraine, 82402	F: 09:00 T: 18:00	F: 09:00 T: 18:00	F: 09:00 T: 18:00	F: 09:00 T: 18:00	F: 09:00 T: 18:00	closed	closed	
Відділення ПУМБ	49.25631759999999	23.8517716	Business	Finance	"<b>Відділення ПУМБ</b><br><i>пл. 22 Січня, 15, Stryi, L'vivs'ka oblast, Ukraine, 82400</i><br>Tel: 044 290 7290<br><a href=""https://www.pumb.ua/"">https://www.pumb.ua/</a>"	044 290 7290	https://www.pumb.ua/	пл. 22 Січня, 15, Stryi, L'vivs'ka oblast, Ukraine, 82400	F: 08:30 T: 17:30	F: 08:30 T: 17:30	F: 08:30 T: 17:30	F: 08:30 T: 17:30	F: 08:30 T: 17:30	closed	closed	x-98ed41acd8.jpg
UKRSIBBANK BNP Paribas Group	49.2568355	23.834561	Business	Finance	"<b>UKRSIBBANK BNP Paribas Group</b><br><i>площа Ринок, 31, Stryi, L'vivs'ka oblast, Ukraine, 82400</i><br>Tel: 044 590 0690<br><a href=""https://www.ukrsibbank.com/"">https://www.ukrsibbank.com/</a>"	044 590 0690	https://www.ukrsibbank.com/	площа Ринок, 31, Stryi, L'vivs'ka oblast, Ukraine, 82400	F: 09:00 T: 17:00	F: 09:00 T: 17:00	F: 09:00 T: 17:00	F: 09:00 T: 17:00	F: 09:00 T: 17:00	closed	closed	ukrsibbank-bnp-paribas-group.jpg
Ukrhazbank	49.2597839	23.8547263	Business	Finance	"<b>Ukrhazbank</b><br><i>Andriya Korchaka St, 2/13, Stryi, L'vivs'ka oblast, Ukraine, 82400</i><br>Tel: 098 620 2020<br><a href=""https://www.ukrgasbank.com/"">https://www.ukrgasbank.com/</a>"	098 620 2020	https://www.ukrgasbank.com/	Andriya Korchaka St, 2/13, Stryi, L'vivs'ka oblast, Ukraine, 82400	F: 09:00 T: 18:00	F: 09:00 T: 18:00	F: 09:00 T: 18:00	F: 09:00 T: 18:00	F: 09:00 T: 16:45	closed	closed	ukrhazbank.jpg
Ukrayinsʹkyy Profesiynyy Bank Pat, Stryysʹke Viddilennya	49.2624435	23.854302	Business	Finance	<b>Ukrayinsʹkyy Profesiynyy Bank Pat, Stryysʹke Viddilennya</b><br><i>Петра Обаля вул, 2, Stryi, Львівська, Ukraine, 82400</i><br>Tel: 03245 41979	03245 41979		Петра Обаля вул, 2, Stryi, Львівська, Ukraine, 82400								
Асоціація банків Львівщини	49.2594218	23.8585724	Business	Finance	<b>Асоціація банків Львівщини</b><br><i>Bohdana Khmel'nyts'koho St, Stryi, L'vivs'ka oblast, Ukraine, 82400</i><br>Tel: 050 434 8313	050 434 8313		Bohdana Khmel'nyts'koho St, Stryi, L'vivs'ka oblast, Ukraine, 82400								
EXPRESS BANK AB, Stryjska department №2 LF	49.271213	23.8668001	Business	Finance	<b>EXPRESS BANK AB, Stryjska department №2 LF</b><br><i>Hryhoriya Kossaka St, 11, Stryi, L'vivs'ka oblast, Ukraine, 82400</i><br>Tel: 03245 58559	03245 58559		Hryhoriya Kossaka St, 11, Stryi, L'vivs'ka oblast, Ukraine, 82400								
Bankomat Otp Bank	49.2713759	23.8066816	Business	Finance	<b>Bankomat Otp Bank</b><br><i>Stryi, Lviv Oblast, Ukraine, 82404</i>			Stryi, Lviv Oblast, Ukraine, 82404	closed	closed	closed	closed	closed	closed	F: 00:00 T: 23:59	
Bahira	49.2677589	23.8588988	Business	Services	"<b>Bahira</b><br><i>Sichovykh Stril'tsiv St, 11/2, Stryi, L'vivs'ka oblast, Ukraine, 82400</i><br>Tel: 093 141 9066<br><a href=""https://instagram.com/b.g.r._women?utm_medium=copy_link"">https://instagram.com/b.g.r._women?utm_medium=copy_link</a>"	093 141 9066	https://instagram.com/b.g.r._women?utm_medium=copy_link	Sichovykh Stril'tsiv St, 11/2, Stryi, L'vivs'ka oblast, Ukraine, 82400	F: 09:00 T: 20:00	F: 09:00 T: 20:00	F: 09:00 T: 20:00	F: 09:00 T: 20:00	F: 09:00 T: 20:00	F: 09:00 T: 19:00	F: 10:00 T: 15:00	bahira.jpg
Señor Barbero barbershop	49.2549505	23.8497978	Business	Services	<b>Señor Barbero barbershop</b><br><i>Konoval'tsya St, 14, Stryi, L'vivs'ka oblast, Ukraine, 82404</i><br>Tel: 093 503 9782	093 503 9782		Konoval'tsya St, 14, Stryi, L'vivs'ka oblast, Ukraine, 82404								senor-barbero-barbershop.jpg
"Perukarnya ""Anna"""	49.2589578	23.8424417	Business	Services	"<b>Perukarnya ""Anna""</b><br><i>V'yacheslava Chornovola Ave, 4, Stryi, L'vivs'ka oblast, Ukraine, 82400</i><br>Tel: 050 282 3151"	050 282 3151		V'yacheslava Chornovola Ave, 4, Stryi, L'vivs'ka oblast, Ukraine, 82400	F: 10:00 T: 17:00	F: 09:00 T: 18:00	F: 09:00 T: 18:00	F: 09:00 T: 18:00	F: 09:00 T: 18:00	F: 09:00 T: 18:00	F: 10:00 T: 16:00	perukarnya-anna.jpg
ЕстетіКлінік	49.25683459999999	23.8501862	Business	Services	"<b>ЕстетіКлінік</b><br><i>Nezalezhnosti St, 16/3, Stryi, L'vivs'ka oblast, Ukraine, 82402</i><br>Tel: 096 186 4611<br><a href=""https://estheticlinic.com.ua/"">https://estheticlinic.com.ua/</a>"	096 186 4611	https://estheticlinic.com.ua/	Nezalezhnosti St, 16/3, Stryi, L'vivs'ka oblast, Ukraine, 82402	F: 09:00 T: 19:00	F: 09:00 T: 19:00	F: 09:00 T: 19:00	F: 09:00 T: 19:00	F: 09:00 T: 19:00	F: 09:00 T: 19:00	closed	x-7dda2f405b.jpg
"Перукарня ""Per'for'mans"""	49.2593052	23.8516767	Business	Services	"<b>Перукарня ""Per'for'mans""</b><br><i>Petra Sahaidachnoho St, 11/4, Stryi, L'vivs'ka oblast, Ukraine, 82400</i><br>Tel: 066 512 3109"	066 512 3109		Petra Sahaidachnoho St, 11/4, Stryi, L'vivs'ka oblast, Ukraine, 82400	closed	F: 09:00 T: 19:00	F: 09:00 T: 19:00	F: 09:00 T: 19:00	F: 09:00 T: 19:00	F: 08:00 T: 16:00	closed	per-for-mans.jpg
Салон перукарня Face to Face	49.2593573	23.8557716	Business	Services	"<b>Салон перукарня Face to Face</b><br><i>Andriya Korchaka St, 7/38, Stryi, L'vivs'ka oblast, Ukraine, 82401</i><br>Tel: 068 728 8992<br><a href=""http://www.instagram.com/face_to_face_stryy/"">http://www.instagram.com/face_to_face_stryy/</a>"	068 728 8992	http://www.instagram.com/face_to_face_stryy/	Andriya Korchaka St, 7/38, Stryi, L'vivs'ka oblast, Ukraine, 82401	F: 10:00 T: 18:00	F: 10:00 T: 18:00	F: 10:00 T: 18:00	F: 10:00 T: 18:00	F: 10:00 T: 18:00	F: 10:00 T: 18:00	closed	face-to-face.jpg
Little Boss	49.2600206	23.85531589999999	Business	Services	"<b>Little Boss</b><br><i>Andriya Korchaka St, 3, Stryi, L'vivs'ka oblast, Ukraine, 82400</i><br>Tel: 097 804 6201<br><a href=""https://www.instagram.com/littleboss322?igsh=MXYwZHlxcTRibG5uaA=="">https://www.instagram.com/littleboss322?igsh=MXYwZHlxcTRibG5uaA==</a>"	097 804 6201	https://www.instagram.com/littleboss322?igsh=MXYwZHlxcTRibG5uaA==	Andriya Korchaka St, 3, Stryi, L'vivs'ka oblast, Ukraine, 82400	F: 10:00 T: 18:00	F: 10:00 T: 18:00	F: 10:00 T: 18:00	F: 10:00 T: 18:00	F: 10:00 T: 18:00	F: 09:00 T: 18:00	closed	little-boss.jpg
Ekspres Stryzhka	49.2609411	23.8559066	Business	Services	<b>Ekspres Stryzhka</b><br><i>Tarasa Shevchenka St, 123, Stryi, L'vivs'ka oblast, Ukraine, 82402</i><br>Tel: 093 733 1344	093 733 1344		Tarasa Shevchenka St, 123, Stryi, L'vivs'ka oblast, Ukraine, 82402	F: 08:00 T: 19:00	F: 08:00 T: 19:00	F: 08:00 T: 19:00	F: 08:00 T: 19:00	F: 08:00 T: 19:00	F: 08:00 T: 19:00	F: 09:00 T: 18:00	ekspres-stryzhka.jpg
Shevelyura	49.2582221	23.8585533	Business	Services	<b>Shevelyura</b><br><i>ТЦ Бегемот, Vulytsya Uspensʹka, 41, Stryi, L'vivs'ka oblast, Ukraine, 82400</i><br>Tel: 063 626 8308	063 626 8308		ТЦ Бегемот, Vulytsya Uspensʹka, 41, Stryi, L'vivs'ka oblast, Ukraine, 82400	F: 09:00 T: 17:00	F: 09:00 T: 17:00	F: 09:00 T: 17:00	F: 09:00 T: 17:00	F: 09:00 T: 17:00	F: 09:00 T: 17:00	closed	shevelyura.jpg
Електроепіляція Стрий	49.2579107	23.8593589	Business	Services	"<b>Електроепіляція Стрий</b><br><i>Vulytsya Uspensʹka, 52, ТЦ «Ідеал», кабінет, 15, Stryi, L'vivs'ka oblast, Ukraine, 82400</i><br>Tel: 075 638 3515<br><a href=""https://www.instagram.com/diana.epil.stryi/"">https://www.instagram.com/diana.epil.stryi/</a>"	075 638 3515	https://www.instagram.com/diana.epil.stryi/	Vulytsya Uspensʹka, 52, ТЦ «Ідеал», кабінет, 15, Stryi, L'vivs'ka oblast, Ukraine, 82400	F: 09:00 T: 18:00	F: 09:00 T: 18:00	F: 09:00 T: 18:00	F: 09:00 T: 18:00	F: 09:00 T: 18:00	F: 09:00 T: 18:00	closed	x-932c5864d0.jpg
The Cabinet перукарня	49.26693660000001	23.860642	Business	Services	<b>The Cabinet перукарня</b><br><i>Sichovykh Stril'tsiv St, 7а, Stryi, L'vivs'ka oblast, Ukraine, 82400</i><br>Tel: 098 018 4906	098 018 4906		Sichovykh Stril'tsiv St, 7а, Stryi, L'vivs'ka oblast, Ukraine, 82400								the-cabinet.jpg
Салон перукарня ПРОВАНС	49.2652557	23.8697725	Business	Services	"<b>Салон перукарня ПРОВАНС</b><br><i>Vulytsya Ivana Bahryanoho, 7, Stryi, L'vivs'ka oblast, Ukraine, 82402</i><br>Tel: 095 000 6681<br><a href=""https://list.in.ua/374296/%D0%9F%D1%80%D0%BE%D0%B2%D0%B0%D0%BD%D1%81-%D0%A1%D1%82%D1%80%D0%B8%D0%B9"">https://list.in.ua/374296/%D0%9F%D1%80%D0%BE%D0%B2%D0%B0%D0%BD%D1%81-%D0%A1%D1%82%D1%80%D0%B8%D0%B9</a>"	095 000 6681	https://list.in.ua/374296/%D0%9F%D1%80%D0%BE%D0%B2%D0%B0%D0%BD%D1%81-%D0%A1%D1%82%D1%80%D0%B8%D0%B9	Vulytsya Ivana Bahryanoho, 7, Stryi, L'vivs'ka oblast, Ukraine, 82402	F: 08:30 T: 18:00	F: 08:30 T: 18:00	F: 08:30 T: 18:00	F: 08:30 T: 18:00	F: 08:30 T: 18:00	F: 08:30 T: 18:00	closed	x-76ef975a28.jpg
Syla V Krasi	49.2778755	23.795386	Business	Services	<b>Syla V Krasi</b><br><i>Vulytsya Hrushevsʹkoho, 61, Nezhukhiv, L'vivs'ka oblast, Ukraine, 82431</i>			Vulytsya Hrushevsʹkoho, 61, Nezhukhiv, L'vivs'ka oblast, Ukraine, 82431	F: 18:00 T: 22:00	F: 18:00 T: 22:00	F: 18:00 T: 22:00	F: 18:00 T: 22:00	F: 18:00 T: 22:00	F: 18:00 T: 22:00	closed	syla-v-krasi.jpg
Fitnes Center Omeha-Sport	49.24975550000001	23.8509777	Business	Health	<b>Fitnes Center Omeha-Sport</b><br><i>Kryva St, 41Б, Stryi, L'vivs'ka oblast, Ukraine, 82401</i><br>Tel: 03245 77636	03245 77636		Kryva St, 41Б, Stryi, L'vivs'ka oblast, Ukraine, 82401	F: 09:00 T: 21:30	F: 09:00 T: 21:30	F: 09:00 T: 21:30	F: 09:00 T: 21:30	F: 09:00 T: 21:30	F: 09:00 T: 20:00	closed	fitnes-center-omeha-sport.jpg
Vika Chu	49.24429960000001	23.8445165	Business	Health	<b>Vika Chu</b><br><i>Skolivska St, 9к, Stryi, L'vivs'ka oblast, Ukraine, 82100</i><br>Tel: 097 497 8466	097 497 8466		Skolivska St, 9к, Stryi, L'vivs'ka oblast, Ukraine, 82100	F: 08:30 T: 21:00	F: 10:00 T: 18:00	F: 10:00 T: 21:00	F: 10:00 T: 16:00	F: 10:00 T: 21:00	F: 10:00 T: 14:00	closed	vika-chu.jpg
GrowUp	49.25660960000001	23.8605411	Business	Health	"<b>GrowUp</b><br><i>Vulytsya Uspensʹka, 52, Stryi, L'vivs'ka oblast, Ukraine, 82400</i><br><a href=""https://www.instagram.com/grow.up.gym"">https://www.instagram.com/grow.up.gym</a>"		https://www.instagram.com/grow.up.gym	Vulytsya Uspensʹka, 52, Stryi, L'vivs'ka oblast, Ukraine, 82400	F: 09:00 T: 21:00	F: 09:00 T: 21:00	F: 09:00 T: 21:00	F: 09:00 T: 21:00	F: 09:00 T: 21:00	F: 09:00 T: 19:00	closed	growup.jpg
Limit Less	49.259359	23.8598002	Business	Health	"<b>Limit Less</b><br><i>Bohdana Khmel'nyts'koho St, 34, Stryi, L'vivs'ka oblast, Ukraine, 82400</i><br>Tel: 098 905 9645<br><a href=""https://www.instagram.com/limit_less.trainingclub?igsh=anZkNHVjcW9heDA4"">https://www.instagram.com/limit_less.trainingclub?igsh=anZkNHVjcW9heDA4</a>"	098 905 9645	https://www.instagram.com/limit_less.trainingclub?igsh=anZkNHVjcW9heDA4	Bohdana Khmel'nyts'koho St, 34, Stryi, L'vivs'ka oblast, Ukraine, 82400	F: 08:00 T: 21:00	F: 08:00 T: 21:00	F: 08:00 T: 21:00	F: 08:00 T: 21:00	F: 08:00 T: 21:00	F: 08:00 T: 21:00	closed	limit-less.jpg
спорт парк пасат	49.2416992	23.8391094	Business	Health	"<b>спорт парк пасат</b><br><i>Stryi, Lviv Oblast, Ukraine, 82404</i><br>Tel: 050 153 4999<br><a href=""https://www.facebook.com/sportparkpasat/"">https://www.facebook.com/sportparkpasat/</a>"	050 153 4999	https://www.facebook.com/sportparkpasat/	Stryi, Lviv Oblast, Ukraine, 82404	closed	F: 13:00 T: 20:00	F: 13:00 T: 20:00	F: 13:00 T: 20:00	F: 13:00 T: 20:00	F: 13:00 T: 20:00	F: 13:00 T: 20:00	x-8d82830ce1.jpg
"Sk""Stryysʹki Vedmedi"" Zal Hreko-Rymsʹkoyi Borotʹby."	49.269724	23.8602118	Business	Health	"<b>Sk""Stryysʹki Vedmedi"" Zal Hreko-Rymsʹkoyi Borotʹby.</b><br><i>Sichovykh Stril'tsiv St, 12Б, Stryi, L'vivs'ka oblast, Ukraine, 82400</i><br>Tel: 099 704 3010<br><a href=""https://www.instagram.com/stryi.bears/"">https://www.instagram.com/stryi.bears/</a>"	099 704 3010	https://www.instagram.com/stryi.bears/	Sichovykh Stril'tsiv St, 12Б, Stryi, L'vivs'ka oblast, Ukraine, 82400	F: 16:30 T: 19:45	F: 15:00 T: 19:45	F: 16:30 T: 19:45	F: 15:00 T: 19:45	F: 16:30 T: 19:45	closed	closed	sk-stryyski-vedmedi-zal-hreko-rymskoyi-borotby.jpg
Cube Fitness Club	49.26785650000001	23.8669624	Business	Health	"<b>Cube Fitness Club</b><br><i>L'vivska St, 105, Stryi, L'vivs'ka oblast, Ukraine, 82404</i><br>Tel: 093 418 2593<br><a href=""https://instagram.com/cube_fitnessclub?utm_medium=copy_link"">https://instagram.com/cube_fitnessclub?utm_medium=copy_link</a>"	093 418 2593	https://instagram.com/cube_fitnessclub?utm_medium=copy_link	L'vivska St, 105, Stryi, L'vivs'ka oblast, Ukraine, 82404	F: 09:00 T: 21:00	F: 09:00 T: 21:00	F: 09:00 T: 21:00	F: 09:00 T: 21:00	F: 09:00 T: 21:00	F: 09:00 T: 20:00	closed	cube-fitness-club.jpg
CUB	49.2678897	23.867425	Business	Health	<b>CUB</b><br><i>L'vivska St, 107, Stryi, L'vivs'ka oblast, Ukraine, 82400</i>			L'vivska St, 107, Stryi, L'vivs'ka oblast, Ukraine, 82400	closed	closed	closed	closed	closed	closed	F: 00:00 T: 23:59	cub.jpg
Stadion Nyva Nezhukhiv	49.27076899999999	23.7924014	Business	Health	"<b>Stadion Nyva Nezhukhiv</b><br><i>Nezhukhiv, Lviv Oblast, Ukraine, 82431</i><br><a href=""https://vk.com/fknyvanezhuhiv"">https://vk.com/fknyvanezhuhiv</a>"		https://vk.com/fknyvanezhuhiv	Nezhukhiv, Lviv Oblast, Ukraine, 82431	closed	closed	closed	closed	closed	closed	F: 00:00 T: 23:59	stadion-nyva-nezhukhiv.jpg
Hotel Star	49.2552347	23.859024	Business	Accommodation	"<b>Hotel Star</b> — Down-to-earth lodging offering a restaurant/bar, a game room & a pool, plus free breakfast.<br><i>Marii Zan'kovets'koi St, 80А, Stryi, L'vivs'ka oblast, Ukraine, 82400</i><br>Tel: 093 206 0704<br><a href=""http://www.hotel-star.com.ua/"">http://www.hotel-star.com.ua/</a>"	093 206 0704	http://www.hotel-star.com.ua/	Marii Zan'kovets'koi St, 80А, Stryi, L'vivs'ka oblast, Ukraine, 82400								hotel-star.jpg
Perlyna Ars	49.2711228	23.8709011	Business	Accommodation	<b>Perlyna Ars</b><br><i>L'vivska St, 146б, Stryi, L'vivs'ka oblast, Ukraine, 82400</i><br>Tel: 03245 51147	03245 51147		L'vivska St, 146б, Stryi, L'vivs'ka oblast, Ukraine, 82400								perlyna-ars.jpg
Hotel Tourist Lviv	49.2537078	23.8512248	Business	Accommodation	<b>Hotel Tourist Lviv</b><br><i>Konoval'tsya St, 103, Stryi, L'vivs'ka oblast, Ukraine, 79057</i><br>Tel: 0322 374 164	0322 374 164		Konoval'tsya St, 103, Stryi, L'vivs'ka oblast, Ukraine, 79057								hotel-tourist-lviv.jpg
VIZIT	49.273061	23.8719523	Business	Accommodation	"<b>VIZIT</b><br><i>L'vivska St, 164-А, Stryi, L'vivs'ka oblast, Ukraine, 82400</i><br>Tel: 099 259 8098<br><a href=""https://list.in.ua/%D0%9C%D0%BE%D1%82%D0%B5%D0%BB%D1%96/71102/Vizit-%D0%A1%D1%82%D1%80%D0%B8%D0%B9"">https://list.in.ua/%D0%9C%D0%BE%D1%82%D0%B5%D0%BB%D1%96/71102/Vizit-%D0%A1%D1%82%D1%80%D0%B8%D0%B9</a>"	099 259 8098	https://list.in.ua/%D0%9C%D0%BE%D1%82%D0%B5%D0%BB%D1%96/71102/Vizit-%D0%A1%D1%82%D1%80%D0%B8%D0%B9	L'vivska St, 164-А, Stryi, L'vivs'ka oblast, Ukraine, 82400	closed	closed	closed	closed	closed	closed	F: 00:00 T: 23:59	vizit.jpg
"""Domashniy Zatyshok"""	49.257393	23.840345	Business	Accommodation	"<b>""Domashniy Zatyshok""</b><br><i>Vokzalna St, 94 б, Stryi, L'vivs'ka oblast, Ukraine, 82402</i><br>Tel: 096 439 7254"	096 439 7254		Vokzalna St, 94 б, Stryi, L'vivs'ka oblast, Ukraine, 82402	closed	closed	closed	closed	closed	closed	F: 00:00 T: 23:59	domashniy-zatyshok.jpg
Cossack Yard	49.24729889999999	23.8589701	Business	Accommodation	"<b>Cossack Yard</b> — Low-key rooms in a modest hotel offering a rustic restaurant, a bathhouse & a hookah lounge.<br><i>Bolekhivska St, 49а, Stryi, L'vivs'ka oblast, Ukraine, 82400</i><br>Tel: 066 559 5010<br><a href=""http://kozatskiy-dvir.com.ua/"">http://kozatskiy-dvir.com.ua/</a>"	066 559 5010	http://kozatskiy-dvir.com.ua/	Bolekhivska St, 49а, Stryi, L'vivs'ka oblast, Ukraine, 82400								cossack-yard.jpg
Carpathian Gold	49.2531601	23.8447672	Business	Accommodation	"<b>Carpathian Gold</b> — Relaxed quarters in an unassuming hotel offering a restaurant with a terrace, plus an indoor pool.<br><i>Filareta Kolessy St, 41 Б, Stryi, L'vivs'ka oblast, Ukraine, 82400</i><br>Tel: 099 525 1220<br><a href=""http://zolotokarpat.com/"">http://zolotokarpat.com/</a>"	099 525 1220	http://zolotokarpat.com/	Filareta Kolessy St, 41 Б, Stryi, L'vivs'ka oblast, Ukraine, 82400	closed	closed	closed	closed	closed	closed	F: 00:00 T: 23:59	carpathian-gold.jpg
Hotel 612	49.28118079999999	23.8754755	Business	Accommodation	"<b>Hotel 612</b><br><i>E471, Stryi, L'vivs'ka oblast, Ukraine, 82400</i><br>Tel: 050 105 2504<br><a href=""https://612km.com.ua/hotel/"">https://612km.com.ua/hotel/</a>"	050 105 2504	https://612km.com.ua/hotel/	E471, Stryi, L'vivs'ka oblast, Ukraine, 82400	closed	closed	closed	closed	closed	closed	F: 00:00 T: 23:59	hotel-612.jpg
Taverna	49.25389300000001	23.8462621	Business	Accommodation	<b>Taverna</b><br><i>Vil'khova St, Stryi, L'vivs'ka oblast, Ukraine, 82401</i><br>Tel: 093 447 9491	093 447 9491		Vil'khova St, Stryi, L'vivs'ka oblast, Ukraine, 82401	closed	closed	closed	closed	closed	closed	F: 00:00 T: 23:59	taverna.jpg
"Hotelʹ ""Heoloh"""	49.258953	23.845663	Business	Accommodation	"<b>Hotelʹ ""Heoloh""</b><br><i>Stepana Bandery St, 13/а, Stryi, L'vivs'ka oblast, Ukraine, 82400</i><br>Tel: 096 218 4136"	096 218 4136		Stepana Bandery St, 13/а, Stryi, L'vivs'ka oblast, Ukraine, 82400	F: 08:00 T: 22:20	F: 08:00 T: 22:20	F: 08:00 T: 22:20	F: 08:00 T: 22:20	F: 08:00 T: 22:20	F: 08:00 T: 22:20	F: 08:00 T: 22:20	hotel-heoloh.jpg
Kvartyra	49.2576584	23.8548227	Business	Accommodation	<b>Kvartyra</b><br><i>Bohdana Khmel'nyts'koho St, 17, Stryi, L'vivs'ka oblast, Ukraine, 82400</i>			Bohdana Khmel'nyts'koho St, 17, Stryi, L'vivs'ka oblast, Ukraine, 82400								
Гуртожиток	49.25712060000001	23.8561369	Business	Accommodation	<b>Гуртожиток</b><br><i>Kravets'ka St, 31, Stryi, L'vivs'ka oblast, Ukraine, 82400</i>			Kravets'ka St, 31, Stryi, L'vivs'ka oblast, Ukraine, 82400								x-84a5fc39f5.jpg
Відпочинок за кордоном	49.2591037	23.854775	Business	Accommodation	<b>Відпочинок за кордоном</b><br><i>Poshtova St, Stryi, L'vivs'ka oblast, Ukraine, 82400</i><br>Tel: 097 771 5355	097 771 5355		Poshtova St, Stryi, L'vivs'ka oblast, Ukraine, 82400								
Le Grand	49.26081509999999	23.8586777	Business	Accommodation	<b>Le Grand</b><br><i>Dubravs'koho St, 6, Stryi, L'vivs'ka oblast, Ukraine, 82400</i><br>Tel: 066 999 6832	066 999 6832		Dubravs'koho St, 6, Stryi, L'vivs'ka oblast, Ukraine, 82400	closed	closed	closed	closed	closed	closed	F: 00:00 T: 23:59	le-grand.jpg
Kozatskiy Dvir - One-Bedroom Apartment with Pool View	49.24745180000001	23.8584308	Business	Accommodation	"<b>Kozatskiy Dvir - One-Bedroom Apartment with Pool View</b><br><i>Lviv Oblast, Ukraine</i><br><a href=""https://www.freecancellations.com/search/F2giQ1NSF3oAXFIBVVhYTQ8KVxxmRFRA?lat=49.24745&lng=23.85843&language=en"">https://www.freecancellations.com/search/F2giQ1NSF3oAXFIBVVhYTQ8KVxxmRFRA?lat=49.24745&lng=23.85843&language=en</a>"		https://www.freecancellations.com/search/F2giQ1NSF3oAXFIBVVhYTQ8KVxxmRFRA?lat=49.24745&lng=23.85843&language=en	Lviv Oblast, Ukraine								
Stryysʹkyy Plyazh	49.24646269999999	23.85823139999999	Nature	Camping	<b>Stryysʹkyy Plyazh</b><br><i>Lviv Oblast, Ukraine</i>			Lviv Oblast, Ukraine	closed	closed	closed	closed	closed	closed	F: 00:00 T: 23:59	stryyskyy-plyazh.jpg
Smart Apartment Krehivska 7a	49.2668609	23.8330898	Business	Accommodation	<b>Smart Apartment Krehivska 7a</b><br><i>Stryi, Lviv Oblast, Ukraine, 82404</i>			Stryi, Lviv Oblast, Ukraine, 82404								
"Готель ""ГОСТЬОВИЙ ДІМ in Stryj"" - Standard Family Room"	49.2651711	23.8290406	Business	Accommodation	"<b>Готель ""ГОСТЬОВИЙ ДІМ in Stryj"" - Standard Family Room</b><br><i>Stryi, Lviv Oblast, Ukraine, 82404</i><br><a href=""https://www.freecancellations.com/search/FD5-R1VUHHJWDVNVDw5REVlbXE1nF1YR?lat=49.26517&lng=23.82904&language=en"">https://www.freecancellations.com/search/FD5-R1VUHHJWDVNVDw5REVlbXE1nF1YR?lat=49.26517&lng=23.82904&language=en</a>"		https://www.freecancellations.com/search/FD5-R1VUHHJWDVNVDw5REVlbXE1nF1YR?lat=49.26517&lng=23.82904&language=en	Stryi, Lviv Oblast, Ukraine, 82404								
"Гостьовий дім "" in Stryi"""	49.26566529999999	23.8284824	Business	Accommodation	"<b>Гостьовий дім "" in Stryi""</b><br><i>Maksyma Ryl's'koho St, 62а, Stryi, L'vivs'ka oblast, Ukraine, 82405</i><br>Tel: 066 920 8919"	066 920 8919		Maksyma Ryl's'koho St, 62а, Stryi, L'vivs'ka oblast, Ukraine, 82405	closed	closed	closed	closed	closed	closed	F: 00:00 T: 23:59	in-stryi.jpg
Hotelʹ Heoloh..m.stryy Lʹvivsʹka Oʹl	49.25252529999999	23.820488	Business	Accommodation	<b>Hotelʹ Heoloh..m.stryy Lʹvivsʹka Oʹl</b><br><i>Stryi, Lviv Oblast, Ukraine, 82404</i><br>Tel: 096 218 4136	096 218 4136		Stryi, Lviv Oblast, Ukraine, 82404	closed	closed	closed	closed	closed	closed	F: 00:00 T: 23:59	
Baza Tsentralʹnykh Derzhav	49.2662884	23.8602152	Business	Accommodation	<b>Baza Tsentralʹnykh Derzhav</b><br><i>Krasivskoho St, Stryi, L'vivs'ka oblast, Ukraine, 82401</i>			Krasivskoho St, Stryi, L'vivs'ka oblast, Ukraine, 82401								
Будинок для відпочинку	49.2388306	23.8338776	Business	Accommodation	"<b>Будинок для відпочинку</b><br><i>Lviv Oblast, Ukraine</i><br><a href=""https://www.booking.com/hotel/ua/budinok-dlia-vidpochinku-dulibi.en-gb.html?aid=2068758&utm_source=seogooglelocal&utm_medium=description&utm_term=hotel-16186012&utm_campaign=en-gb&label=seogooglelocal-link-imagesaow-hotel-16186012_grp-0_gendate-20260828"">https://www.booking.com/hotel/ua/budinok-dlia-vidpochinku-dulibi.en-gb.html?aid=2068758&utm_source=seogooglelocal&utm_medium=description&utm_term=hotel-16186012&utm_campaign=en-gb&label=seogooglelocal-link-imagesaow-hotel-16186012_grp-0_gendate-20260828</a>"		https://www.booking.com/hotel/ua/budinok-dlia-vidpochinku-dulibi.en-gb.html?aid=2068758&utm_source=seogooglelocal&utm_medium=description&utm_term=hotel-16186012&utm_campaign=en-gb&label=seogooglelocal-link-imagesaow-hotel-16186012_grp-0_gendate-20260828	Lviv Oblast, Ukraine								
Stryi	49.2700365	23.8694546	Business	Accommodation	<b>Stryi</b><br><i>L'vivska St, 134, Stryi, L'vivs'ka oblast, Ukraine, 82400</i>			L'vivska St, 134, Stryi, L'vivs'ka oblast, Ukraine, 82400								stryi.jpg
Pidval Imeni Mayunez'ye	49.27358230000001	23.8642493	Business	Accommodation	<b>Pidval Imeni Mayunez'ye</b><br><i>Stryi, Lviv Oblast, Ukraine, 82400</i>			Stryi, Lviv Oblast, Ukraine, 82400								
Dremel Hostel	49.2729629	23.8715301	Business	Accommodation	<b>Dremel Hostel</b><br><i>L'vivska St, 160, Stryi, L'vivs'ka oblast, Ukraine, 82400</i><br>Tel: 066 458 9664	066 458 9664		L'vivska St, 160, Stryi, L'vivs'ka oblast, Ukraine, 82400	F: 07:00 T: 23:00	F: 07:00 T: 23:00	F: 07:00 T: 23:00	F: 07:00 T: 23:00	F: 07:00 T: 23:00	F: 08:00 T: 22:00	F: 10:00 T: 20:00	dremel-hostel.jpg
Tsilyushcha Pasika. Son Na Vulykakh	49.23193	23.814317	Business	Accommodation	<b>Tsilyushcha Pasika. Son Na Vulykakh</b><br><i>Vulytsya Tarasa Shevchenka, Stryi, L'vivs'ka oblast, Ukraine, 82434</i><br>Tel: 067 943 9435	067 943 9435		Vulytsya Tarasa Shevchenka, Stryi, L'vivs'ka oblast, Ukraine, 82434	closed	closed	closed	closed	closed	closed	F: 00:00 T: 23:59	tsilyushcha-pasika-son-na-vulykakh.jpg
Ukr Service	49.22725399999999	23.8187379	Business	Accommodation	<b>Ukr Service</b><br><i>Tarasa Shevchenka St, 133б, Duliby, L'vivs'ka oblast, Ukraine, 82434</i><br>Tel: 093 845 1235	093 845 1235		Tarasa Shevchenka St, 133б, Duliby, L'vivs'ka oblast, Ukraine, 82434								
Hostynnyy Dvir Hotelʹ	49.2796281	23.8759746	Business	Accommodation	"<b>Hostynnyy Dvir Hotelʹ</b><br><i>вул. Стрийська, 12, Dobryany, L'vivs'ka oblast, Ukraine, 79000</i><br>Tel: 068 883 1145<br><a href=""https://elgusto.com.ua/"">https://elgusto.com.ua/</a>"	068 883 1145	https://elgusto.com.ua/	вул. Стрийська, 12, Dobryany, L'vivs'ka oblast, Ukraine, 79000	closed	closed	closed	closed	closed	closed	F: 00:00 T: 23:59	hostynnyy-dvir-hotel.jpg
Euromotel	49.28146330000001	23.875218	Business	Accommodation	<b>Euromotel</b><br><i>Stryiska Street 25, Dobryany Village, Stryiskiy rayon, Dobryany Village, Stryiskiy rayon, Lviv Region, Ukraine, 82427</i><br>Tel: 050 105 2504	050 105 2504		Stryiska Street 25, Dobryany Village, Stryiskiy rayon, Dobryany Village, Stryiskiy rayon, Lviv Region, Ukraine, 82427								
"""Villa Grey"""	49.2254637	23.8153662	Business	Restaurant	"<b>""Villa Grey""</b><br><i>Vulytsya Tarasa Shevchenka, 424, Duliby, L'vivs'ka oblast, Ukraine, 82434</i><br>Tel: 068 315 1005<br><a href=""https://villagrey.choiceqr.com/"">https://villagrey.choiceqr.com/</a>"	068 315 1005	https://villagrey.choiceqr.com/	Vulytsya Tarasa Shevchenka, 424, Duliby, L'vivs'ka oblast, Ukraine, 82434	F: 09:00 T: 22:00	F: 09:00 T: 22:00	F: 09:00 T: 22:00	F: 09:00 T: 22:00	F: 09:00 T: 22:00	F: 09:00 T: 23:00	F: 09:00 T: 23:00	villa-grey.jpg
Plyazh Duliby	49.223026	23.8168905	Nature	Camping	<b>Plyazh Duliby</b><br><i>Lviv Oblast, Ukraine</i>			Lviv Oblast, Ukraine	closed	closed	closed	closed	closed	closed	F: 00:00 T: 23:59	plyazh-duliby.jpg
Hotel DALIM	49.2244097	23.8113967	Business	Accommodation	"<b>Hotel DALIM</b><br><i>Vulytsya Tarasa Shevchenka, 261б, Duliby, L'vivs'ka oblast, Ukraine, 82434</i><br>Tel: 093 641 6884<br><a href=""https://www.instagram.com/_hotel_dalim"">https://www.instagram.com/_hotel_dalim</a>"	093 641 6884	https://www.instagram.com/_hotel_dalim	Vulytsya Tarasa Shevchenka, 261б, Duliby, L'vivs'ka oblast, Ukraine, 82434	closed	closed	closed	closed	closed	closed	F: 00:00 T: 23:59	hotel-dalim.jpg
Khostel U Marka	49.2673481	23.7853003	Business	Accommodation	<b>Khostel U Marka</b><br><i>Nezhukhiv, Lviv Oblast, Ukraine, 82431</i>			Nezhukhiv, Lviv Oblast, Ukraine, 82431								
Azs Avias	49.2608337	23.8084901	Business	Automotive	"<b>Azs Avias</b><br><i>Drohobytska St, 104, Stryi, L'vivs'ka oblast, Ukraine, 82400</i><br><a href=""https://avias.ua/"">https://avias.ua/</a>"		https://avias.ua/	Drohobytska St, 104, Stryi, L'vivs'ka oblast, Ukraine, 82400								
UKRNAFTA	49.28222590000001	23.8764802	Business	Automotive	<b>UKRNAFTA</b><br><i>E471, L'vivs'ka oblast, Ukraine</i><br>Tel: 044 239 1493	044 239 1493		E471, L'vivs'ka oblast, Ukraine	closed	closed	closed	closed	closed	closed	F: 00:00 T: 23:59	ukrnafta.jpg
Market	49.2228975	23.8095071	Business	Automotive	"<b>Market</b><br><i>Vulytsya Tarasa Shevchenka, 255а, Duliby, L'vivs'ka oblast, Ukraine, 82434</i><br>Tel: 0800 500 035<br><a href=""http://azs-market.com.ua/"">http://azs-market.com.ua/</a>"	0800 500 035	http://azs-market.com.ua/	Vulytsya Tarasa Shevchenka, 255а, Duliby, L'vivs'ka oblast, Ukraine, 82434	closed	closed	closed	closed	closed	closed	F: 00:00 T: 23:59	market.jpg
UKRNAFTA	49.221556	23.800389	Business	Automotive	"<b>UKRNAFTA</b><br><i>8GX56RC2+J5C, Vulytsya Tarasa Shevchenka, 418, Duliby, L'vivs'ka oblast, Ukraine, 82434</i><br>Tel: 0800 404 000<br><a href=""https://ukrnafta.com/"">https://ukrnafta.com/</a>"	0800 404 000	https://ukrnafta.com/	8GX56RC2+J5C, Vulytsya Tarasa Shevchenka, 418, Duliby, L'vivs'ka oblast, Ukraine, 82434	closed	closed	closed	closed	closed	closed	F: 00:00 T: 23:59	ukrnafta.jpg
AMIC Energy	49.22019	23.7995625	Business	Automotive	"<b>AMIC Energy</b><br><i>E471, L'vivs'ka oblast, Ukraine</i><br><a href=""http://amicenergy.com.ua/"">http://amicenergy.com.ua/</a>"		http://amicenergy.com.ua/	E471, L'vivs'ka oblast, Ukraine	closed	closed	closed	closed	closed	closed	F: 00:00 T: 23:59	amic-energy.jpg
UPG	49.2612342	23.8678804	Business	Automotive	"<b>UPG</b><br><i>вул. Дмитра Яціва, Stryi, L'vivs'ka oblast, Ukraine, 82400</i><br>Tel: 0800 500 064<br><a href=""https://upg.ua/"">https://upg.ua/</a>"	0800 500 064	https://upg.ua/	вул. Дмитра Яціва, Stryi, L'vivs'ka oblast, Ukraine, 82400	closed	closed	closed	closed	closed	closed	F: 00:00 T: 23:59	upg.jpg
АЗС SOLЯRA	49.2414163	23.8641354	Business	Automotive	"<b>АЗС SOLЯRA</b><br><i>Vul. Kolessy, 6, Slobidka, L'vivs'ka oblast, Ukraine, 82462</i><br>Tel: 050 800 4222<br><a href=""https://solara.com.ua/"">https://solara.com.ua/</a>"	050 800 4222	https://solara.com.ua/	Vul. Kolessy, 6, Slobidka, L'vivs'ka oblast, Ukraine, 82462	F: 05:00 T: 23:45	F: 05:00 T: 23:45	F: 05:00 T: 23:45	F: 05:00 T: 23:45	F: 05:00 T: 23:45	F: 05:00 T: 23:45	F: 05:00 T: 23:45	
"ДП ""Львівський облавтодор"" Філія Сколівський райавтодор"	49.26073549999999	23.8151397	Business	Automotive	"<b>ДП ""Львівський облавтодор"" Філія Сколівський райавтодор</b><br><i>Drohobytska St, 68, Stryi, L'vivs'ka oblast, Ukraine, 82400</i>"			Drohobytska St, 68, Stryi, L'vivs'ka oblast, Ukraine, 82400								
WOG	49.2345026	23.8303358	Business	Automotive	"<b>WOG</b><br><i>Ob'izna Doroha St, Stryi, L'vivs'ka oblast, Ukraine, 82434</i><br>Tel: 0800 300 525<br><a href=""http://wog.ua/"">http://wog.ua/</a>"	0800 300 525	http://wog.ua/	Ob'izna Doroha St, Stryi, L'vivs'ka oblast, Ukraine, 82434	F: 00:10 T: 23:50	F: 00:10 T: 23:50	F: 00:10 T: 23:50	F: 00:10 T: 23:50	F: 00:10 T: 23:50	F: 00:10 T: 23:50	F: 00:10 T: 23:50	wog.jpg
PPG	49.26655299999999	23.876243	Business	Automotive	"<b>PPG</b><br><i>вул, Савури2-Б, Stryi, L'vivs'ka oblast, Ukraine, 82400</i><br>Tel: 068 399 4271<br><a href=""https://www.luxpromgaz.com/"">https://www.luxpromgaz.com/</a>"	068 399 4271	https://www.luxpromgaz.com/	вул, Савури2-Б, Stryi, L'vivs'ka oblast, Ukraine, 82400	closed	closed	closed	closed	closed	closed	F: 00:00 T: 23:59	ppg.jpg
Недорогая запрвка	49.22708849999999	23.8183902	Business	Automotive	<b>Недорогая запрвка</b><br><i>Lviv Oblast, Ukraine</i>			Lviv Oblast, Ukraine	closed	closed	closed	closed	closed	closed	F: 00:00 T: 23:59	
АЗС 612км	49.2822913	23.8755749	Business	Automotive	"<b>АЗС 612км</b><br><i>Lviv Oblast, Ukraine</i><br>Tel: 050 105 2504<br><a href=""https://612km.com.ua/"">https://612km.com.ua/</a>"	050 105 2504	https://612km.com.ua/	Lviv Oblast, Ukraine	closed	closed	closed	closed	closed	closed	F: 00:00 T: 23:59	
Azs Chipo	49.2255662	23.8125174	Business	Automotive	"<b>Azs Chipo</b><br><i>Vulytsya Tarasa Shevchenka, 263, Duliby, L'vivs'ka oblast, Ukraine, 82434</i><br><a href=""http://www.chipo.ua/"">http://www.chipo.ua/</a>"		http://www.chipo.ua/	Vulytsya Tarasa Shevchenka, 263, Duliby, L'vivs'ka oblast, Ukraine, 82434	closed	closed	closed	closed	closed	closed	F: 00:00 T: 23:59	azs-chipo.jpg
АЗК PORT ROYAL | TIR Parking	49.2220647	23.8067751	Business	Automotive	"<b>АЗК PORT ROYAL | TIR Parking</b><br><i>Vulytsya Tarasa Shevchenka, 267, Duliby, L'vivs'ka oblast, Ukraine, 82434</i><br><a href=""https://linktr.ee/str_portroyal"">https://linktr.ee/str_portroyal</a>"		https://linktr.ee/str_portroyal	Vulytsya Tarasa Shevchenka, 267, Duliby, L'vivs'ka oblast, Ukraine, 82434	closed	closed	closed	closed	closed	closed	F: 00:00 T: 23:59	port-royal-tir-parking.jpg
Рукавичка	49.2689689	23.8641128	Business	Business												
"Кондитерська ""Пампушка"""	49.2591898	23.8433042	Business	Business												
Шиномонтаж	49.2688817	23.8723661	Business	Business												
Шиномонтаж	49.2688939	23.867839	Business	Business												
Лотос	49.2545808	23.8431827	Business	Business												
Авто Шрот Стрий	49.2724584	23.8700712	Business	Business												
"Продуктовий магазин кооперативу здорового харчування ""Віра"""	49.2571409	23.8511902	Business	Business												
Rukavychka	49.2533182	23.8460639	Business	Business												
Пікаділі	49.2548456	23.8512605	Business	Business												
Продукти	49.241831	23.8665413	Business	Business												
Баба Франя	49.266151	23.8611994	Business	Business												
Шиномонтаж	49.2605061	23.8098456	Business	Business												
Караван	49.2692247	23.8581171	Business	Business												
Апельсин	49.2738072	23.8636966	Business	Business												
Джміль	49.2685518	23.8577343	Business	Business												
Елегант	49.2549557	23.8493492	Business	Business												
На народній	49.2564075	23.8500232	Business	Business												
Їдальня	49.2722011	23.8737194	Business	Business												
ATB	49.2665757	23.8621459	Business	Business												
Svitlyca	49.259215	23.8530607	Business	Business												
Фортуна	49.270057	23.8558197	Business	Business												
Стрийбудкомплект	49.2520934	23.8467298	Business	Business												
АЗС	49.2662356	23.8761319	Business	Business												
Діжка	49.2647767	23.8635621	Business	Business												
Стрийбудкомплект	49.2517395	23.8470097	Business	Business												
Магазин	49.2462231	23.8216852	Business	Business												
24h store	49.2511883	23.8320689	Business	Business												
07.06.17	49.2708624	23.8520956	Business	Business												
Львів'янка	49.2692029	23.8684534	Business	Business												
Гуртовня	49.2492722	23.8273629	Business	Business												
Феєрія Розваг	49.2449881	23.8445461	Business	Business												
Цифрове телебачення videm.in.ua	49.258492	23.8591955	Business	Business												
Продуктова лавка	49.2756163	23.8518515	Business	Business												
Авто Майстер	49.2695122	23.8738838	Business	Business												
Шини, піскоструменева майстерня	49.2639522	23.7992862	Business	Business												
Monobank	49.2554746	23.8543975	Business	Business												
Rozetka	49.2584366	23.8574821	Business	Business												
Kava vid Stryika Cafe	49.2729095	23.8724468	Business	Business												
Pava	49.2715334	23.8699898	Business	Business												
Мінімаркет	49.2715217	23.874899	Business	Business												
Комфорт+	49.2556821	23.8589169	Business	Business												
Копійочка	49.2572602	23.8489848	Business	Business												
BeerSet	49.2685159	23.8584364	Business	Business												
Свiй маркет	49.276628	23.85193	Business	Business												
Ломбард Центральний	49.2567805	23.8584074	Business	Business												
Море Туріа	49.2543367	23.8506932	Business	Business												
Веломайстерня	49.2568587	23.8520925	Business	Business												
Опера	49.2599562	23.853106	Business	Business												
Апельсин	49.2655819	23.8727842	Business	Business												
"ТЦ ""Ідеал"""	49.2564916	23.8598584	Business	Business												
КераМікс	49.2569123	23.8610913	Business	Business												
Velo Life	49.2688635	23.8683449	Business	Business												
Adamas	49.2553826	23.8539793	Business	Business												
Black Coffee	49.2556762	23.8475823	Business	Business												
Stryiko Coffee	49.2619288	23.8582385	Business	Business												
Шико	49.2584267	23.8503345	Business	Business												
Скоринка	49.2466316	23.8241496	Business	Business												
Степанків	49.2477375	23.8540837	Business	Business												
"Stryysʹkyy Krayeznavchyy Muzey ""Verkhovyna"""	49.25864879999999	23.8470473	Landmark	Historic	"<b>Stryysʹkyy Krayeznavchyy Muzey ""Verkhovyna""</b><br><i>Olesnyts'koho St, 15, Stryi, L'vivs'ka oblast, Ukraine, 82401</i><br>Tel: 03245 53387"	03245 53387		Olesnyts'koho St, 15, Stryi, L'vivs'ka oblast, Ukraine, 82401	F: 10:00 T: 17:00	F: 10:00 T: 17:00	F: 10:00 T: 17:00	F: 10:00 T: 17:00	F: 10:00 T: 17:00	closed	F: 10:00 T: 17:00	stryyskyy-krayeznavchyy-muzey-verkhovyna.jpg
Pitsyk Namynaye Pitsu	49.2577544	23.8467368	Landmark	Museum	<b>Pitsyk Namynaye Pitsu</b><br><i>Ostapa Bobykevycha St, 5, Stryi, L'vivs'ka oblast, Ukraine, 82400</i>			Ostapa Bobykevycha St, 5, Stryi, L'vivs'ka oblast, Ukraine, 82400								pitsyk-namynaye-pitsu.jpg
Memorial for fighters for freedom of Ukraine	49.2583943	23.84874629999999	Landmark	Museum	"<b>Memorial for fighters for freedom of Ukraine</b><br><i>Olesnyts'koho St, 6, Stryi, L'vivs'ka oblast, Ukraine, 82400</i><br>Tel: 03245 58468<br><a href=""http://verchovynastr.at.ua/index/memorialnij_kompleks_borcjam_za_volju_ukrajini/0-5"">http://verchovynastr.at.ua/index/memorialnij_kompleks_borcjam_za_volju_ukrajini/0-5</a>"	03245 58468	http://verchovynastr.at.ua/index/memorialnij_kompleks_borcjam_za_volju_ukrajini/0-5	Olesnyts'koho St, 6, Stryi, L'vivs'ka oblast, Ukraine, 82400	F: 10:00 T: 17:00	F: 10:00 T: 17:00	F: 10:00 T: 17:00	F: 10:00 T: 17:00	F: 10:00 T: 16:00	closed	F: 12:00 T: 16:00	memorial-for-fighters-for-freedom-of-ukraine.jpg
Muzey Olʹhy Bachynsʹkyy	49.2582756	23.8522472	Landmark	Museum	<b>Muzey Olʹhy Bachynsʹkyy</b><br><i>м, Valova St, 6, Stryi, L'vivs'ka oblast, Ukraine, 82400</i>			м, Valova St, 6, Stryi, L'vivs'ka oblast, Ukraine, 82400	F: 11:00 T: 16:00	F: 11:00 T: 16:00	F: 11:00 T: 16:00	F: 11:00 T: 16:00	F: 11:00 T: 16:00	closed	closed	muzey-olhy-bachynskyy.jpg
Muzey Petra Obalya	49.25983569999999	23.8536039	Landmark	Museum	"<b>Muzey Petra Obalya</b><br><i>Tarasa Shevchenka St, 66, Stryi, L'vivs'ka oblast, Ukraine, 82400</i><br>Tel: 066 858 3910<br><a href=""https://www.karpaty.info/ua/uk/lv/st/stryj/museums/obal/"">https://www.karpaty.info/ua/uk/lv/st/stryj/museums/obal/</a>"	066 858 3910	https://www.karpaty.info/ua/uk/lv/st/stryj/museums/obal/	Tarasa Shevchenka St, 66, Stryi, L'vivs'ka oblast, Ukraine, 82400	F: 10:00 T: 17:00	F: 10:00 T: 17:00	F: 10:00 T: 17:00	F: 10:00 T: 17:00	F: 10:00 T: 16:00	closed	F: 10:00 T: 16:00	muzey-petra-obalya.jpg
Музей етнографії та фольклору (ДНЗ ВПУ №8 м.Стрия)	49.254502	23.8594279	Landmark	Museum	"<b>Музей етнографії та фольклору (ДНЗ ВПУ №8 м.Стрия)</b><br><i>Ol'hy Kobylyans'koi St, 4, Stryi, L'vivs'ka oblast, Ukraine, 82402</i><br>Tel: 067 336 6907<br><a href=""http://vpu8.org.ua/index.php/navhalnyi-proces/muzey"">http://vpu8.org.ua/index.php/navhalnyi-proces/muzey</a>"	067 336 6907	http://vpu8.org.ua/index.php/navhalnyi-proces/muzey	Ol'hy Kobylyans'koi St, 4, Stryi, L'vivs'ka oblast, Ukraine, 82402	F: 09:00 T: 15:00	F: 09:00 T: 15:00	F: 09:00 T: 15:00	F: 09:00 T: 15:00	F: 09:00 T: 15:00	closed	closed	no8.jpg
Museum of Stepan Bandera	49.26408189999999	23.8639779	Landmark	Museum	<b>Museum of Stepan Bandera</b><br><i>L'vivska St, 20, Stryi, L'vivs'ka oblast, Ukraine, 82400</i><br>Tel: 066 858 3910	066 858 3910		L'vivska St, 20, Stryi, L'vivs'ka oblast, Ukraine, 82400	F: 10:00 T: 17:00	F: 10:00 T: 17:00	F: 10:00 T: 17:00	F: 10:00 T: 17:00	F: 10:00 T: 16:00	closed	F: 10:00 T: 16:00	museum-of-stepan-bandera.jpg
Музей «Дідова аптека»	49.23529809999999	23.85318179999999	Landmark	Museum	"<b>Музей «Дідова аптека»</b><br><i>Vul. Shevchenka, 2, Myrtyuky, L'vivs'ka oblast, Ukraine, 82463</i><br>Tel: 050 830 3163<br><a href=""http://didovaapteka.info/"">http://didovaapteka.info/</a>"	050 830 3163	http://didovaapteka.info/	Vul. Shevchenka, 2, Myrtyuky, L'vivs'ka oblast, Ukraine, 82463	F: 09:00 T: 20:00	F: 09:00 T: 20:00	F: 09:00 T: 20:00	F: 09:00 T: 20:00	F: 09:00 T: 20:00	F: 09:00 T: 20:00	F: 09:00 T: 20:00	x-01ef2e5cb2.jpg
Muzey Khliba	49.2741865	23.8698619	Landmark	Museum	<b>Muzey Khliba</b><br><i>L'vivska St, 169, Stryi, L'vivs'ka oblast, Ukraine, 82400</i>			L'vivska St, 169, Stryi, L'vivs'ka oblast, Ukraine, 82400								muzey-khliba.jpg
Muzey Istoriyi Ukrayinsʹkykh Sichovykh Strilʹtsiv	49.27465549999999	23.8703018	Landmark	Museum	<b>Muzey Istoriyi Ukrayinsʹkykh Sichovykh Strilʹtsiv</b><br><i>L'vivska St, 169, Stryi, L'vivs'ka oblast, Ukraine, 82400</i>			L'vivska St, 169, Stryi, L'vivs'ka oblast, Ukraine, 82400	F: 10:00 T: 14:00	F: 10:00 T: 14:00	F: 10:00 T: 14:00	F: 10:00 T: 14:00	F: 10:00 T: 14:00	closed	closed	muzey-istoriyi-ukrayinskykh-sichovykh-striltsiv.jpg
Pam'yatnyk Volodymyru Lopatynsʹkomu	49.2376896	23.802424	Landmark	Museum	<b>Pam'yatnyk Volodymyru Lopatynsʹkomu</b><br><i>Hrabovets', Lviv Oblast, Ukraine, 82435</i>			Hrabovets', Lviv Oblast, Ukraine, 82435								pam-yatnyk-volodymyru-lopatynskomu.jpg
Tsentralʹna Misʹka Dytyacha Biblioteka Im. V. Stefanyka	49.2559875	23.8418132	Landmark	Library	"<b>Tsentralʹna Misʹka Dytyacha Biblioteka Im. V. Stefanyka</b><br><i>Stryi, Lviv Oblast, Ukraine, 82400</i><br>Tel: 03245 52405<br><a href=""http://cbs-stryj.at.ua/index/cdb_im_stefanika/0-5"">http://cbs-stryj.at.ua/index/cdb_im_stefanika/0-5</a>"	03245 52405	http://cbs-stryj.at.ua/index/cdb_im_stefanika/0-5	Stryi, Lviv Oblast, Ukraine, 82400	F: 11:00 T: 18:00	F: 11:00 T: 18:00	F: 11:00 T: 18:00	F: 11:00 T: 18:00	F: 11:00 T: 18:00	closed	F: 11:00 T: 18:00	tsentralna-miska-dytyacha-biblioteka-im-v-stefanyka.jpg
Stryysʹka Rayonna Tsentralizovana Bibiliotechna Systema	49.2558353	23.8480964	Landmark	Library	<b>Stryysʹka Rayonna Tsentralizovana Bibiliotechna Systema</b><br><i>Konoval'tsya St, 4, Stryi, L'vivs'ka oblast, Ukraine, 82400</i><br>Tel: 03245 58184	03245 58184		Konoval'tsya St, 4, Stryi, L'vivs'ka oblast, Ukraine, 82400								stryyska-rayonna-tsentralizovana-bibiliotechna-systema.jpg
Central City Library. M.Shashkevych	49.2572125	23.848222	Landmark	Library	"<b>Central City Library. M.Shashkevych</b><br><i>Tarasa Shevchenka St, 63, Stryi, L'vivs'ka oblast, Ukraine, 82400</i><br>Tel: 03245 52025<br><a href=""http://cbs-stryj.at.ua/"">http://cbs-stryj.at.ua/</a>"	03245 52025	http://cbs-stryj.at.ua/	Tarasa Shevchenka St, 63, Stryi, L'vivs'ka oblast, Ukraine, 82400	F: 10:00 T: 19:00	F: 10:00 T: 19:00	F: 10:00 T: 19:00	F: 10:00 T: 19:00	F: 10:00 T: 19:00	closed	F: 11:00 T: 18:00	central-city-library-m-shashkevych.jpg
Library Branch №2	49.2622455	23.8367979	Landmark	Library	"<b>Library Branch №2</b><br><i>Vyshneva St, 13, Stryi, L'vivs'ka oblast, Ukraine, 82400</i><br>Tel: 03245 52107<br><a href=""http://cbs-stryj.at.ua/"">http://cbs-stryj.at.ua/</a>"	03245 52107	http://cbs-stryj.at.ua/	Vyshneva St, 13, Stryi, L'vivs'ka oblast, Ukraine, 82400	F: 12:00 T: 19:00	F: 12:00 T: 19:00	F: 12:00 T: 19:00	F: 12:00 T: 19:00	F: 12:00 T: 19:00	F: 11:00 T: 18:00	closed	
Tsentralʹna Rayonna Biblioteka Dlya Ditey	49.2627391	23.8619846	Landmark	Library	<b>Tsentralʹna Rayonna Biblioteka Dlya Ditey</b><br><i>Bohdana Khmel'nyts'koho St, 84-88, Stryi, L'vivs'ka oblast, Ukraine, 82400</i>			Bohdana Khmel'nyts'koho St, 84-88, Stryi, L'vivs'ka oblast, Ukraine, 82400	F: 09:00 T: 18:15	F: 09:00 T: 18:15	F: 09:00 T: 18:15	F: 09:00 T: 18:15	F: 09:00 T: 17:00	closed	F: 09:00 T: 18:15	tsentralna-rayonna-biblioteka-dlya-ditey.jpg
Library Branch №4	49.24626869999999	23.82252029999999	Landmark	Library	"<b>Library Branch №4</b><br><i>21A, Hrabovets'ka St, 21, Stryi, L'vivs'ka oblast, Ukraine, 82400</i><br>Tel: 03245 56405<br><a href=""http://cbs-stryj.at.ua/"">http://cbs-stryj.at.ua/</a>"	03245 56405	http://cbs-stryj.at.ua/	21A, Hrabovets'ka St, 21, Stryi, L'vivs'ka oblast, Ukraine, 82400	F: 11:00 T: 18:00	F: 11:00 T: 18:00	F: 11:00 T: 18:00	F: 11:00 T: 18:00	F: 11:00 T: 18:00	closed	F: 11:00 T: 17:00	
Library Branch №6	49.2714676	23.8597727	Landmark	Library	<b>Library Branch №6</b><br><i>50-richchya UPA St, 13, Stryi, L'vivs'ka oblast, Ukraine, 82401</i>			50-richchya UPA St, 13, Stryi, L'vivs'ka oblast, Ukraine, 82401	F: 09:00 T: 18:00	F: 09:00 T: 18:00	F: 09:00 T: 18:00	F: 09:00 T: 18:00	F: 09:00 T: 18:00	F: 09:00 T: 18:00	closed	
Khrystyna	49.2693963	23.873123	Landmark	Library	<b>Khrystyna</b><br><i>Zvarychi St, Stryi, L'vivs'ka oblast, Ukraine, 82404</i><br>Tel: 097 432 7222	097 432 7222		Zvarychi St, Stryi, L'vivs'ka oblast, Ukraine, 82404								
Stryysʹka Yeparkhiya Ukrayinsʹkoyi Hreko-Katolytsʹkoyi Tserkvy	49.26114510000001	23.8577926	Landmark	Religious	"<b>Stryysʹka Yeparkhiya Ukrayinsʹkoyi Hreko-Katolytsʹkoyi Tserkvy</b><br><i>Tarasa Shevchenka St, 80, Stryi, L'vivs'ka oblast, Ukraine, 82400</i><br>Tel: 03245 55623<br><a href=""https://stryiugcc.org.ua/"">https://stryiugcc.org.ua/</a>"	03245 55623	https://stryiugcc.org.ua/	Tarasa Shevchenka St, 80, Stryi, L'vivs'ka oblast, Ukraine, 82400	F: 07:00 T: 18:00	F: 07:00 T: 18:00	F: 07:00 T: 18:00	F: 07:00 T: 18:00	F: 07:00 T: 18:00	F: 07:00 T: 18:00	closed	stryyska-yeparkhiya-ukrayinskoyi-hreko-katolytskoyi-tserkvy.jpg
Bishop and Martyr Chapel. Jehoshaphat Kuntsevych	49.25112130000001	23.83731180000001	Landmark	Religious	<b>Bishop and Martyr Chapel. Jehoshaphat Kuntsevych</b><br><i>Drohobytska St, 61, Stryi, L'vivs'ka oblast, Ukraine, 82404</i><br>Tel: 097 771 5187	097 771 5187		Drohobytska St, 61, Stryi, L'vivs'ka oblast, Ukraine, 82404								bishop-and-martyr-chapel-jehoshaphat-kuntsevych.jpg
Church of All Saints Ukrainian people	49.2465892	23.8337848	Landmark	Religious	<b>Church of All Saints Ukrainian people</b><br><i>Ivana Vyhovs'koho St, 8, Stryi, L'vivs'ka oblast, Ukraine, 82401</i><br>Tel: 050 508 7136	050 508 7136		Ivana Vyhovs'koho St, 8, Stryi, L'vivs'ka oblast, Ukraine, 82401	F: 06:00 T: 20:00	F: 06:00 T: 20:00	F: 06:00 T: 20:00	F: 06:00 T: 20:00	F: 06:00 T: 20:00	F: 06:00 T: 20:00	F: 06:00 T: 20:00	church-of-all-saints-ukrainian-people.jpg
Tserkva Yevanhelʹsʹkykh Khrystyyan-Baptystiv	49.2586654	23.8577736	Landmark	Religious	"<b>Tserkva Yevanhelʹsʹkykh Khrystyyan-Baptystiv</b><br><i>Bohdana Khmel'nyts'koho St, 20, Stryi, L'vivs'ka oblast, Ukraine, 82400</i><br>Tel: 066 641 5268<br><a href=""https://m.facebook.com/cerkva.ehbstryi/"">https://m.facebook.com/cerkva.ehbstryi/</a>"	066 641 5268	https://m.facebook.com/cerkva.ehbstryi/	Bohdana Khmel'nyts'koho St, 20, Stryi, L'vivs'ka oblast, Ukraine, 82400	closed	closed	closed	closed	F: 19:00 T: 20:00	closed	F: 17:00 T: 18:30	tserkva-yevanhelskykh-khrystyyan-baptystiv.jpg
Kostel Rizdva Presvyatoyi Bohorodytsi	49.2564442	23.8511307	Landmark	Religious	<b>Kostel Rizdva Presvyatoyi Bohorodytsi</b><br><i>Slobidka, Lviv Oblast, Ukraine, 82462</i>			Slobidka, Lviv Oblast, Ukraine, 82462	F: 06:00 T: 20:00	F: 06:00 T: 20:00	F: 06:00 T: 20:00	F: 06:00 T: 20:00	F: 06:00 T: 20:00	F: 06:00 T: 20:00	F: 06:00 T: 20:00	kostel-rizdva-presvyatoyi-bohorodytsi.jpg
Catechetical classes Cathedral of the Blessed Virgin Mary	49.2540055	23.8532103	Landmark	Religious	<b>Catechetical classes Cathedral of the Blessed Virgin Mary</b><br><i>Vulytsya Uspensʹka, 16, Stryi, L'vivs'ka oblast, Ukraine, 82400</i>			Vulytsya Uspensʹka, 16, Stryi, L'vivs'ka oblast, Ukraine, 82400								catechetical-classes-cathedral-of-the-blessed-virgin-mary.jpg
Kaplychka Stritennya Hospodnʹoho	49.2602181	23.8474831	Landmark	Religious	<b>Kaplychka Stritennya Hospodnʹoho</b><br><i>1-ho Lystopada St, 17 а, Stryi, L'vivs'ka oblast, Ukraine, 82400</i>			1-ho Lystopada St, 17 а, Stryi, L'vivs'ka oblast, Ukraine, 82400	closed	closed	closed	closed	closed	closed	F: 00:00 T: 23:59	kaplychka-stritennya-hospodnoho.jpg
Relihiyna Hromada Ukrayinsʹkoyi Hreko-Katolytsʹkoyi Tserkvy V Misti Stryi Lʹvivsʹkoyi Oblasti	49.26049219999999	23.8302892	Landmark	Religious	<b>Relihiyna Hromada Ukrayinsʹkoyi Hreko-Katolytsʹkoyi Tserkvy V Misti Stryi Lʹvivsʹkoyi Oblasti</b><br><i>Vitovs'koho St, 57, Stryi, L'vivs'ka oblast, Ukraine, 82400</i>			Vitovs'koho St, 57, Stryi, L'vivs'ka oblast, Ukraine, 82400								
Peredrienko Svetlana Mykhaylovna Sestra	49.2656076	23.8431343	Landmark	Religious	<b>Peredrienko Svetlana Mykhaylovna Sestra</b><br><i>Stryi, Lviv Oblast, Ukraine, 82404</i>			Stryi, Lviv Oblast, Ukraine, 82404								
Lodzʹ	49.2649561	23.8361681	Landmark	Religious	<b>Lodzʹ</b><br><i>Morozenka St, 61, Stryi, L'vivs'ka oblast, Ukraine, 82400</i>			Morozenka St, 61, Stryi, L'vivs'ka oblast, Ukraine, 82400								
Храм Блаженного Священномученика Миколая Чернецького УГКЦ	49.2734837	23.849582	Landmark	Religious	"<b>Храм Блаженного Священномученика Миколая Чернецького УГКЦ</b><br><i>провулок Добрівлянський, 2, Stryi, L'vivs'ka oblast, Ukraine, 82408</i><br>Tel: 099 093 9557<br><a href=""http://mchparish.blogspot.com/"">http://mchparish.blogspot.com/</a>"	099 093 9557	http://mchparish.blogspot.com/	провулок Добрівлянський, 2, Stryi, L'vivs'ka oblast, Ukraine, 82408	F: 17:30 T: 19:00	F: 17:30 T: 19:00	F: 17:30 T: 19:00	F: 17:30 T: 19:00	F: 17:30 T: 19:00	F: 07:30 T: 12:00	F: 07:30 T: 12:30	x-b6ef24d465.jpg
Tserkva Rizdva Presvyatoyi Bohorodytsi	49.24361320000001	23.8701785	Landmark	Religious	<b>Tserkva Rizdva Presvyatoyi Bohorodytsi</b><br><i>Slobidka, Lviv Oblast, Ukraine, 82462</i>			Slobidka, Lviv Oblast, Ukraine, 82462								tserkva-rizdva-presvyatoyi-bohorodytsi.jpg
Saints Volodymyr and Olha Catholic Church	49.2704506	23.8647758	Landmark	Religious	"<b>Saints Volodymyr and Olha Catholic Church</b><br><i>Hryhoriya Kossaka St, Stryi, L'vivs'ka oblast, Ukraine, 82401</i><br><a href=""https://youcontrol.com.ua/catalog/company_details/23952849/"">https://youcontrol.com.ua/catalog/company_details/23952849/</a>"		https://youcontrol.com.ua/catalog/company_details/23952849/	Hryhoriya Kossaka St, Stryi, L'vivs'ka oblast, Ukraine, 82401								saints-volodymyr-and-olha-catholic-church.jpg
Relihiyna Hromada Ukrayinsʹkoyi Hreko-Katolytsʹkoyi Tserkvy V Seli Myrtyuky Stryysʹkoho Rayonu Lʹvivsʹkoyi Oblasti	49.232778	23.857778	Landmark	Religious	<b>Relihiyna Hromada Ukrayinsʹkoyi Hreko-Katolytsʹkoyi Tserkvy V Seli Myrtyuky Stryysʹkoho Rayonu Lʹvivsʹkoyi Oblasti</b><br><i>Івасюка вул. 13, Myrtyuky, Львівська, Ukraine, 82463</i><br>Tel: 03245 32488	03245 32488		Івасюка вул. 13, Myrtyuky, Львівська, Ukraine, 82463								
Kingdom Hall Of Jehovah's Witnesses	49.2774155	23.8533625	Landmark	Religious	"<b>Kingdom Hall Of Jehovah's Witnesses</b><br><i>Dobrivlyans'ka St, 74, Stryi, L'vivs'ka oblast, Ukraine, 82400</i><br><a href=""http://jw.org/uk"">http://jw.org/uk</a>"		http://jw.org/uk	Dobrivlyans'ka St, 74, Stryi, L'vivs'ka oblast, Ukraine, 82400	closed	F: 17:30 T: 20:15	F: 17:30 T: 20:15	F: 17:30 T: 20:15	closed	F: 17:30 T: 20:15	F: 17:30 T: 20:15	kingdom-hall-of-jehovah-s-witnesses.jpg
Khram Svyatoho Ivana Khrestytelya Ptsu	49.2743659	23.8638427	Landmark	Religious	<b>Khram Svyatoho Ivana Khrestytelya Ptsu</b><br><i>Khram Sv. Ivana Khrestytelya Upts Kp, Lenkavs'koho St, 5, Stryi, L'vivs'ka oblast, Ukraine, 82401</i><br>Tel: 097 721 5043	097 721 5043		Khram Sv. Ivana Khrestytelya Upts Kp, Lenkavs'koho St, 5, Stryi, L'vivs'ka oblast, Ukraine, 82401	F: 17:00 T: 18:00	F: 17:00 T: 18:00	F: 17:00 T: 18:00	F: 17:00 T: 18:00	F: 17:00 T: 18:00	F: 08:00 T: 09:00	F: 09:00 T: 11:00	khram-svyatoho-ivana-khrestytelya-ptsu.jpg
Tserkva Svyatoho Dymytriya	49.2327005	23.8600856	Landmark	Religious	<b>Tserkva Svyatoho Dymytriya</b><br><i>Myrtyuky, Lviv Oblast, Ukraine, 82463</i>			Myrtyuky, Lviv Oblast, Ukraine, 82463								tserkva-svyatoho-dymytriya.jpg
Greek Catholic chapel	49.2725364	23.8713249	Landmark	Religious	"<b>Greek Catholic chapel</b><br><i>А, 82401, вулиця Львівська, 156, Стрий, Львівська область, Ukraine, 82404</i><br>Tel: 096 957 1353<br><a href=""https://m.facebook.com/y.koculovsuy/?ref=bookmarks"">https://m.facebook.com/y.koculovsuy/?ref=bookmarks</a>"	096 957 1353	https://m.facebook.com/y.koculovsuy/?ref=bookmarks	А, 82401, вулиця Львівська, 156, Стрий, Львівська область, Ukraine, 82404								greek-catholic-chapel.jpg
Tserkva Rizdva Presvyatoyi Bohorodytsi	49.2376415	23.8033085	Landmark	Religious	<b>Tserkva Rizdva Presvyatoyi Bohorodytsi</b><br><i>Hrabovets', Lviv Oblast, Ukraine, 82435</i>			Hrabovets', Lviv Oblast, Ukraine, 82435								tserkva-rizdva-presvyatoyi-bohorodytsi.jpg
St. George	49.23253229999999	23.8069332	Landmark	Religious	<b>St. George</b><br><i>Duliby, Lviv Oblast, Ukraine, 82434</i>			Duliby, Lviv Oblast, Ukraine, 82434								st-george.jpg
Tserkva Preobrazhennya Hospodnʹoho	49.21829750000001	23.8391401	Landmark	Religious	<b>Tserkva Preobrazhennya Hospodnʹoho</b><br><i>Bratkivtsi, Lviv Oblast, Ukraine, 82465</i>			Bratkivtsi, Lviv Oblast, Ukraine, 82465								tserkva-preobrazhennya-hospodnoho.jpg
Церква святого Миколая	49.2241521	23.8747412	Landmark	Religious	<b>Церква святого Миколая</b><br><i>Strilkiv, Lviv Oblast, Ukraine, 82460</i>			Strilkiv, Lviv Oblast, Ukraine, 82460								x-de59afbc7a.jpg
Church of St. Michael the Archangel PCU	49.2599825	23.8988786	Landmark	Religious	<b>Church of St. Michael the Archangel PCU</b><br><i>Verchany, Lviv Oblast, Ukraine, 82441</i>			Verchany, Lviv Oblast, Ukraine, 82441								church-of-st-michael-the-archangel-pcu.jpg
Tserkva Uspinnya Presvyatoyi Bohorodytsi	49.2226741	23.877665	Landmark	Religious	<b>Tserkva Uspinnya Presvyatoyi Bohorodytsi</b><br><i>Unnamed Road, Strilkiv, L'vivs'ka oblast, Ukraine, 82460</i>			Unnamed Road, Strilkiv, L'vivs'ka oblast, Ukraine, 82460								tserkva-uspinnya-presvyatoyi-bohorodytsi.jpg
Tserkva Pokrovy Presvyatoyi Bohorodytsi Uhkts	49.27513279999999	23.7875324	Landmark	Religious	<b>Tserkva Pokrovy Presvyatoyi Bohorodytsi Uhkts</b><br><i>Nezhukhiv, Lviv Oblast, Ukraine, 82431</i>			Nezhukhiv, Lviv Oblast, Ukraine, 82431								tserkva-pokrovy-presvyatoyi-bohorodytsi-uhkts.jpg
Stryi City Council	49.25785510000001	23.84960950000001	Landmark	Civic	"<b>Stryi City Council</b><br><i>Tarasa Shevchenka St, 71, Stryi, L'vivs'ka oblast, Ukraine, 82400</i><br>Tel: 03245 52434<br><a href=""http://stryi-rada.gov.ua/"">http://stryi-rada.gov.ua/</a>"	03245 52434	http://stryi-rada.gov.ua/	Tarasa Shevchenka St, 71, Stryi, L'vivs'ka oblast, Ukraine, 82400	F: 08:30 T: 17:30	F: 08:30 T: 17:30	F: 08:30 T: 17:30	F: 08:30 T: 17:30	F: 08:30 T: 17:30	closed	closed	stryi-city-council.jpg
Cathedral of the Assumption	49.25417959999999	23.8543391	Landmark	Historic	"<b>Cathedral of the Assumption</b><br><i>Uspens'ka St, 16, Stryi, L'vivs'ka oblast, Ukraine, 82401</i><br>Tel: 03245 71469<br><a href=""http://uspinnia.org.ua/"">http://uspinnia.org.ua/</a>"	03245 71469	http://uspinnia.org.ua/	Uspens'ka St, 16, Stryi, L'vivs'ka oblast, Ukraine, 82401	closed	closed	closed	closed	closed	closed	F: 00:00 T: 23:59	cathedral-of-the-assumption.jpg
"""Sonyachna"" Lavka"	49.2560127	23.84751769999999	Landmark	Historic	"<b>""Sonyachna"" Lavka</b><br><i>Konoval'tsya St, 2, Stryi, L'vivs'ka oblast, Ukraine, 82401</i>"			Konoval'tsya St, 2, Stryi, L'vivs'ka oblast, Ukraine, 82401								sonyachna-lavka.jpg
Shevchenko Park	49.249798	23.8448703	Nature	Park	<b>Shevchenko Park</b><br><i>Stryi, Lviv Oblast, Ukraine, 82401</i>			Stryi, Lviv Oblast, Ukraine, 82401	closed	closed	closed	closed	closed	closed	F: 00:00 T: 23:59	shevchenko-park.jpg
Vodonapirna Vezha	49.2582617	23.8358524	Landmark	Historic	<b>Vodonapirna Vezha</b><br><i>Symona Petlyury St, 53, Stryi, L'vivs'ka oblast, Ukraine, 82400</i>			Symona Petlyury St, 53, Stryi, L'vivs'ka oblast, Ukraine, 82400								vodonapirna-vezha.jpg
Park Zluky	49.27094030000001	23.8632474	Nature	Park	<b>Park Zluky</b><br><i>Stryi, Lviv Oblast, Ukraine, 82401</i>			Stryi, Lviv Oblast, Ukraine, 82401	closed	closed	closed	closed	closed	closed	F: 00:00 T: 23:59	park-zluky.jpg
Tryzub	49.2220586	23.80339159999999	Landmark	Historic	<b>Tryzub</b><br><i>Ob'izna Doroha St, Stryi, L'vivs'ka oblast, Ukraine</i>			Ob'izna Doroha St, Stryi, L'vivs'ka oblast, Ukraine	closed	closed	closed	closed	closed	closed	F: 00:00 T: 23:59	tryzub.jpg
Strysʹkyy Fakhovyy Koledzh Lʹvivsʹkoho Natsionalʹnoho Universytetu Pryrodokorystuvannya	49.2745439	23.8716686	Landmark	Education	"<b>Strysʹkyy Fakhovyy Koledzh Lʹvivsʹkoho Natsionalʹnoho Universytetu Pryrodokorystuvannya</b><br><i>L'vivska St, 169, Stryi, L'vivs'ka oblast, Ukraine, 82400</i><br>Tel: 03245 52002<br><a href=""http://sclnau.com.ua/"">http://sclnau.com.ua/</a>"	03245 52002	http://sclnau.com.ua/	L'vivska St, 169, Stryi, L'vivs'ka oblast, Ukraine, 82400	F: 08:00 T: 16:30	F: 08:00 T: 16:30	F: 08:00 T: 16:30	F: 08:00 T: 16:30	F: 08:00 T: 16:30	closed	closed	stryskyy-fakhovyy-koledzh-lvivskoho-natsionalnoho-universytetu-pryrodokorystuvannya.jpg
Gofriends IT HUB	49.2738499	23.86355859999999	Landmark	Education	"<b>Gofriends IT HUB</b><br><i>Lenkavs'koho St, 5а, Stryi, L'vivs'ka oblast, Ukraine, 82401</i><br>Tel: 063 010 1797<br><a href=""https://www.gofriends.com.ua/"">https://www.gofriends.com.ua/</a>"	063 010 1797	https://www.gofriends.com.ua/	Lenkavs'koho St, 5а, Stryi, L'vivs'ka oblast, Ukraine, 82401	F: 09:00 T: 23:00	F: 09:00 T: 23:00	F: 09:00 T: 23:00	F: 09:00 T: 23:00	F: 09:00 T: 23:00	F: 09:00 T: 23:00	F: 09:00 T: 23:00	gofriends-it-hub.jpg
"Kinoteatr ""Chaplin"""	49.25720920000001	23.8475559	Landmark	Cultural	"<b>Kinoteatr ""Chaplin""</b><br><i>Tarasa Shevchenka St, 61, Stryi, L'vivs'ka oblast, Ukraine, 82400</i><br>Tel: 066 970 3990"	066 970 3990		Tarasa Shevchenka St, 61, Stryi, L'vivs'ka oblast, Ukraine, 82400	F: 10:00 T: 00:00	F: 10:00 T: 00:00	F: 10:00 T: 00:00	F: 10:00 T: 00:00	F: 10:00 T: 00:00	F: 10:00 T: 00:00	F: 10:00 T: 00:00	kinoteatr-chaplin.jpg
Кінотеатр «Chaplin”	49.25693510000001	23.8544126	Landmark	Cultural	<b>Кінотеатр «Chaplin”</b><br><i>Bohdana Khmel'nyts'koho St, 4, Stryi, L'vivs'ka oblast, Ukraine, 82400</i>			Bohdana Khmel'nyts'koho St, 4, Stryi, L'vivs'ka oblast, Ukraine, 82400								chaplin.jpg
Stryi	49.2543344	23.8434611	Business	Other	"<b>Stryi</b><br><i>Stryi, Lviv Oblast, Ukraine</i><br><a href=""http://stryi.com.ua/"">http://stryi.com.ua/</a>"		http://stryi.com.ua/	Stryi, Lviv Oblast, Ukraine								stryi.jpg
Church of Archangel Michael	49.2565788	23.8427119	Landmark	Religious	<b>Church of Archangel Michael</b><br><i>Solomii Krushel'nyts'koi St, 21, Stryi, L'vivs'ka oblast, Ukraine, 82401</i><br>Tel: 096 354 9600	096 354 9600		Solomii Krushel'nyts'koi St, 21, Stryi, L'vivs'ka oblast, Ukraine, 82401								church-of-archangel-michael.jpg
ПП ГОР	49.2621141	23.8586788	Business	Other	<b>ПП ГОР</b><br><i>Tarasa Shevchenka St, 173, Stryi, L'vivs'ka oblast, Ukraine, 82400</i><br>Tel: 067 672 0155	067 672 0155		Tarasa Shevchenka St, 173, Stryi, L'vivs'ka oblast, Ukraine, 82400								
Tdv Meblevyy Kombinat Stryi	49.249015	23.8256809	Business	Other	<b>Tdv Meblevyy Kombinat Stryi</b><br><i>Hrabovets'ka St, 64, Stryi, L'vivs'ka oblast, Ukraine, 82400</i><br>Tel: 03245 52363	03245 52363		Hrabovets'ka St, 64, Stryi, L'vivs'ka oblast, Ukraine, 82400								
ATM (cash-out) Raiffeisen Bank	49.25600110000001	23.8550021	Business	Professional Services	"<b>ATM (cash-out) Raiffeisen Bank</b><br><i>Torhovytsya St, 5, Stryi, L'vivs'ka oblast, Ukraine, 82401</i><br>Tel: 0800 500 500<br><a href=""https://raiffeisen.ua/"">https://raiffeisen.ua/</a>"	0800 500 500	https://raiffeisen.ua/	Torhovytsya St, 5, Stryi, L'vivs'ka oblast, Ukraine, 82401	closed	closed	closed	closed	closed	closed	F: 00:00 T: 23:59	atm-cash-out-raiffeisen-bank.jpg
Ломбард Скарбниця	49.26693040000001	23.8614462	Business	Professional Services	"<b>Ломбард Скарбниця</b><br><i>Hryhoriya Kossaka St, 1/2, Stryi, L'vivs'ka oblast, Ukraine, 82408</i><br>Tel: 0800 500 555<br><a href=""https://www.skarb.com.ua/departments/id=D59;mode=detail?utm_source=gmaps&utm_medium=referral&utm_campaign=selfpage&utm_content=address"">https://www.skarb.com.ua/departments/id=D59;mode=detail?utm_source=gmaps&utm_medium=referral&utm_campaign=selfpage&utm_content=address</a>"	0800 500 555	https://www.skarb.com.ua/departments/id=D59;mode=detail?utm_source=gmaps&utm_medium=referral&utm_campaign=selfpage&utm_content=address	Hryhoriya Kossaka St, 1/2, Stryi, L'vivs'ka oblast, Ukraine, 82408	F: 09:00 T: 19:00	F: 09:00 T: 19:00	F: 09:00 T: 19:00	F: 09:00 T: 19:00	F: 09:00 T: 19:00	F: 09:00 T: 19:00	F: 09:00 T: 19:00	x-0b939661eb.jpg
PR IDEAS | Агентство маркетингу та реклами	49.258872	23.843518	Business	Other	<b>PR IDEAS | Агентство маркетингу та реклами</b><br><i>V'yacheslava Chornovola Ave, Львівська обл. Стрийський район. м. Стрий, L'vivs'ka oblast, Ukraine, 82400</i><br>Tel: 03245 52075	03245 52075		V'yacheslava Chornovola Ave, Львівська обл. Стрийський район. м. Стрий, L'vivs'ka oblast, Ukraine, 82400								
"Zavod Reklamy ""Fishka"""	49.25404959999999	23.846614	Business	Other	"<b>Zavod Reklamy ""Fishka""</b><br><i>Filareta Kolessy St, 39а, Stryi, L'vivs'ka oblast, Ukraine, 82400</i><br>Tel: 098 314 0505<br><a href=""http://fishka-plus.com.ua/"">http://fishka-plus.com.ua/</a>"	098 314 0505	http://fishka-plus.com.ua/	Filareta Kolessy St, 39а, Stryi, L'vivs'ka oblast, Ukraine, 82400	F: 09:00 T: 18:00	F: 09:00 T: 18:00	F: 09:00 T: 18:00	F: 09:00 T: 18:00	F: 09:00 T: 18:00	closed	closed	
Adamas Exchange обмін валют	49.2554609	23.8540539	Business	Professional Services	"<b>Adamas Exchange обмін валют</b><br><i>у ЮС «Адамас», Vulytsya Maydan Rynok, 29, Stryi, L'vivs'ka oblast, Ukraine, 82402</i><br>Tel: 066 241 3610<br><a href=""https://mason-ua.com/index.html"">https://mason-ua.com/index.html</a>"	066 241 3610	https://mason-ua.com/index.html	у ЮС «Адамас», Vulytsya Maydan Rynok, 29, Stryi, L'vivs'ka oblast, Ukraine, 82402	F: 09:00 T: 19:00	F: 09:00 T: 19:00	F: 09:00 T: 19:00	F: 09:00 T: 19:00	F: 09:00 T: 19:00	F: 09:00 T: 19:00	F: 10:00 T: 16:00	adamas-exchange.jpg
School №7	49.2557942	23.8502579	Landmark	Education	"<b>School №7</b><br><i>Filareta Kolessy St, 12, Stryi, L'vivs'ka oblast, Ukraine, 82401</i><br>Tel: 03245 52052<br><a href=""http://school7-str.com.ua/"">http://school7-str.com.ua/</a>"	03245 52052	http://school7-str.com.ua/	Filareta Kolessy St, 12, Stryi, L'vivs'ka oblast, Ukraine, 82401	F: 08:00 T: 18:00	F: 08:00 T: 18:00	F: 08:00 T: 18:00	F: 08:00 T: 18:00	F: 08:00 T: 18:00	closed	closed	school-no7.jpg
Tzov Vd Ukrpol	49.27438439999999	23.8600879	Business	Other	"<b>Tzov Vd Ukrpol</b><br><i>Vul. Oleksy Novakivsʹkoho, 7, Stryi, L'vivs'ka oblast, Ukraine, 82400</i><br>Tel: 050 436 7849<br><a href=""http://ukrpol.ua/"">http://ukrpol.ua/</a>"	050 436 7849	http://ukrpol.ua/	Vul. Oleksy Novakivsʹkoho, 7, Stryi, L'vivs'ka oblast, Ukraine, 82400	F: 08:30 T: 17:00	F: 08:30 T: 17:00	F: 08:30 T: 17:00	F: 08:30 T: 17:00	F: 08:30 T: 17:00	closed	closed	tzov-vd-ukrpol.jpg
"Tzov ""Ukrayinsʹka Fabryka Stalevykh Produktiv"""	49.26988739999999	23.8130481	Business	Other	"<b>Tzov ""Ukrayinsʹka Fabryka Stalevykh Produktiv""</b><br><i>Promyslova St, 7, Stryi, L'vivs'ka oblast, Ukraine, 82400</i><br>Tel: 066 333 3066<br><a href=""http://www.ufsp.com.ua/"">http://www.ufsp.com.ua/</a>"	066 333 3066	http://www.ufsp.com.ua/	Promyslova St, 7, Stryi, L'vivs'ka oblast, Ukraine, 82400	F: 09:00 T: 17:00	F: 09:00 T: 17:00	F: 09:00 T: 17:00	F: 09:00 T: 17:00	F: 09:00 T: 17:00	closed	closed	tzov-ukrayinska-fabryka-stalevykh-produktiv.jpg
Irydomed	49.2540577	23.8500942	Business	Other	"<b>Irydomed</b><br><i>Bolekhivska St, 1, Stryi, L'vivs'ka oblast, Ukraine, 82401</i><br>Tel: 03245 71329<br><a href=""https://irydomed.com/"">https://irydomed.com/</a>"	03245 71329	https://irydomed.com/	Bolekhivska St, 1, Stryi, L'vivs'ka oblast, Ukraine, 82401	F: 08:00 T: 17:00	F: 08:00 T: 17:00	F: 08:00 T: 17:00	F: 08:00 T: 17:00	F: 08:00 T: 17:00	F: 08:00 T: 12:00	closed	irydomed.jpg
Stomatolohichnyy Kabinet	49.256195	23.849934	Business	Health	<b>Stomatolohichnyy Kabinet</b><br><i>Narodna St, Stryi, L'vivs'ka oblast, Ukraine, 82400</i><br>Tel: 050 370 4768	050 370 4768		Narodna St, Stryi, L'vivs'ka oblast, Ukraine, 82400	F: 09:00 T: 17:00	F: 09:00 T: 17:00	F: 09:00 T: 17:00	F: 09:00 T: 17:00	F: 09:00 T: 17:00	closed	closed	
Lyuks	49.2589337	23.8142073	Business	Other	<b>Lyuks</b><br><i>Stryi, Lviv Oblast, Ukraine, 82401</i><br>Tel: 03245 54639	03245 54639		Stryi, Lviv Oblast, Ukraine, 82401	F: 09:00 T: 18:00	F: 09:00 T: 18:00	F: 09:00 T: 18:00	F: 09:00 T: 18:00	F: 09:00 T: 18:00	F: 10:00 T: 17:00	closed	lyuks.jpg
Приватний нотаріус Швед Іванна Володимирівна	49.25584620000001	23.8452407	Business	Other	"<b>Приватний нотаріус Швед Іванна Володимирівна</b><br><i>Tarasa Shevchenka St, 53/12, Stryi, L'vivs'ka oblast, Ukraine, 82400</i><br>Tel: 093 685 9416<br><a href=""http://n.otari.us/"">http://n.otari.us/</a>"	093 685 9416	http://n.otari.us/	Tarasa Shevchenka St, 53/12, Stryi, L'vivs'ka oblast, Ukraine, 82400	F: 10:00 T: 17:00	F: 09:00 T: 17:00	F: 09:00 T: 17:00	F: 09:00 T: 17:00	F: 09:00 T: 17:00	closed	closed	x-cfea81ca86.jpg
Plamber	49.2624028	23.8518185	Business	Other	"<b>Plamber</b><br><i>Ostapa Nyzhankivs'koho St, 3, офіс 5, Stryi, L'vivs'ka oblast, Ukraine, 82400</i><br>Tel: 068 505 5202<br><a href=""http://www.plumber.com.ua/"">http://www.plumber.com.ua/</a>"	068 505 5202	http://www.plumber.com.ua/	Ostapa Nyzhankivs'koho St, 3, офіс 5, Stryi, L'vivs'ka oblast, Ukraine, 82400	F: 09:00 T: 17:00	F: 09:00 T: 17:00	F: 09:00 T: 17:00	F: 09:00 T: 17:00	F: 09:00 T: 17:00	closed	closed	
Higher professional school №34	49.2516452	23.842791	Business	Other	<b>Higher professional school №34</b><br><i>Haidamatska St, 15, Stryi, L'vivs'ka oblast, Ukraine, 82400</i><br>Tel: 03245 52003	03245 52003		Haidamatska St, 15, Stryi, L'vivs'ka oblast, Ukraine, 82400	F: 08:30 T: 18:00	F: 08:30 T: 18:00	F: 08:30 T: 18:00	F: 08:30 T: 18:00	F: 08:30 T: 18:00	closed	closed	higher-professional-school-no34.jpg
Halenerhobudprom	49.2353896	23.8268805	Business	Other	"<b>Halenerhobudprom</b><br><i>с.Дуліби, Львівська обл., Стрийський р-н, вул. Заводська, с. Дуліби, Lviv Oblast, Ukraine, 82434</i><br>Tel: 095 470 4540<br><a href=""http://www.gebp.lviv.ua/"">http://www.gebp.lviv.ua/</a>"	095 470 4540	http://www.gebp.lviv.ua/	с.Дуліби, Львівська обл., Стрийський р-н, вул. Заводська, с. Дуліби, Lviv Oblast, Ukraine, 82434	F: 08:10 T: 16:40	F: 08:10 T: 15:40	F: 08:10 T: 15:40	F: 08:10 T: 15:40	F: 08:10 T: 15:40	closed	closed	halenerhobudprom.jpg
Килимовий Дім	49.2575754	23.8572635	Business	Shops	<b>Килимовий Дім</b><br><i>Zelena St, 23, Stryi, L'vivs'ka oblast, Ukraine, 82400</i><br>Tel: 099 221 9044	099 221 9044		Zelena St, 23, Stryi, L'vivs'ka oblast, Ukraine, 82400	F: 09:00 T: 17:00	F: 09:00 T: 17:00	F: 09:00 T: 17:00	F: 09:00 T: 17:00	F: 09:00 T: 17:00	F: 09:00 T: 17:00	closed	x-9dcecbb22d.jpg
Alppromindustry	49.261069	23.861202	Business	Other	<b>Alppromindustry</b><br><i>Bohdana Khmel'nyts'koho St, Stryi, L'vivs'ka oblast, Ukraine, 82400</i><br>Tel: 050 317 5148	050 317 5148		Bohdana Khmel'nyts'koho St, Stryi, L'vivs'ka oblast, Ukraine, 82400								alppromindustry.jpg
"Tov ""Profihrup Ukrayina"""	49.268042	23.814003	Business	Other	"<b>Tov ""Profihrup Ukrayina""</b><br><i>Promyslova St, 2, Stryi, L'vivs'ka oblast, Ukraine</i><br>Tel: 03245 39415"	03245 39415		Promyslova St, 2, Stryi, L'vivs'ka oblast, Ukraine	F: 09:00 T: 18:00	F: 09:00 T: 18:00	F: 09:00 T: 18:00	F: 09:00 T: 18:00	F: 09:00 T: 18:00	closed	closed	tov-profihrup-ukrayina.jpg
Akha	49.25	23.84999999999999	Business	Professional Services	<b>Akha</b><br><i>Валовая 3/7, Stryi, Lviv Oblast, Ukraine, 82400</i><br>Tel: 03245 53313	03245 53313		Валовая 3/7, Stryi, Lviv Oblast, Ukraine, 82400	F: 09:00 T: 18:00	F: 09:00 T: 18:00	F: 09:00 T: 18:00	F: 09:00 T: 18:00	F: 09:00 T: 17:00	closed	closed	
"Ltd. ""Screen"" First Ukrainian tsynkovnya"	49.26847069999999	23.812992	Business	Other	"<b>Ltd. ""Screen"" First Ukrainian tsynkovnya</b><br><i>вул. Промислова, 7а, Stryi, Lviv Oblast, Ukraine, 82400</i><br>Tel: 03245 39142<br><a href=""http://www.zink.com.ua/"">http://www.zink.com.ua/</a>"	03245 39142	http://www.zink.com.ua/	вул. Промислова, 7а, Stryi, Lviv Oblast, Ukraine, 82400	F: 13:00 T: 16:00	F: 13:00 T: 16:00	F: 13:00 T: 16:00	F: 13:00 T: 16:00	F: 13:00 T: 16:00	closed	closed	ltd-screen-first-ukrainian-tsynkovnya.jpg
АіТ (Алкоголь & Tютюн)	49.25460999999999	23.848263	Business	Shops	<b>АіТ (Алкоголь & Tютюн)</b><br><i>вул. Колеси, 1/3, м.Стрий, L'vivs'ka oblast, Ukraine, 82400</i><br>Tel: 067 352 2254	067 352 2254		вул. Колеси, 1/3, м.Стрий, L'vivs'ka oblast, Ukraine, 82400	F: 08:00 T: 20:00	F: 08:00 T: 20:00	F: 08:00 T: 20:00	F: 08:00 T: 20:00	F: 08:00 T: 20:00	F: 08:00 T: 20:00	F: 09:00 T: 18:00	
"Salon Zv'yazku ""Tekhniks"""	49.257533	23.8457119	Business	Shops	"<b>Salon Zv'yazku ""Tekhniks""</b><br><i>Ostapa Bobykevycha St, 16, Stryi, L'vivs'ka oblast, Ukraine, 82400</i><br>Tel: 095 851 0006<br><a href=""https://www.instagram.com/tehnixstryi?igsh=OXN3NmZuNmtrODYx"">https://www.instagram.com/tehnixstryi?igsh=OXN3NmZuNmtrODYx</a>"	095 851 0006	https://www.instagram.com/tehnixstryi?igsh=OXN3NmZuNmtrODYx	Ostapa Bobykevycha St, 16, Stryi, L'vivs'ka oblast, Ukraine, 82400	F: 09:00 T: 18:00	F: 09:00 T: 18:00	F: 09:00 T: 18:00	F: 09:00 T: 18:00	F: 09:00 T: 18:00	F: 09:00 T: 17:00	closed	salon-zv-yazku-tekhniks.jpg
"Tsentr Prodazhu Ta Obsluhovuvannya Kliyentiv Sk ""Providna"""	49.258026	23.8446709	Business	Professional Services	"<b>Tsentr Prodazhu Ta Obsluhovuvannya Kliyentiv Sk ""Providna""</b><br><i>V'yacheslava Chornovola Ave, 35/34, Stryi, L'vivs'ka oblast, Ukraine, 82400</i><br>Tel: 03245 70514<br><a href=""http://providna.ua/"">http://providna.ua/</a>"	03245 70514	http://providna.ua/	V'yacheslava Chornovola Ave, 35/34, Stryi, L'vivs'ka oblast, Ukraine, 82400	F: 09:00 T: 18:00	F: 09:00 T: 18:00	F: 09:00 T: 18:00	F: 09:00 T: 18:00	F: 09:00 T: 18:00	F: 09:00 T: 14:00	closed	
Klub Velo-Stryi	49.25657700000001	23.849493	Business	Other	"<b>Klub Velo-Stryi</b><br><i>Narodna St, Stryi, L'vivs'ka oblast, Ukraine, 82400</i><br>Tel: 067 551 8335<br><a href=""http://www.stryi-tur.info/velo-klub/"">http://www.stryi-tur.info/velo-klub/</a>"	067 551 8335	http://www.stryi-tur.info/velo-klub/	Narodna St, Stryi, L'vivs'ka oblast, Ukraine, 82400	F: 08:00 T: 20:00	F: 08:00 T: 20:00	F: 08:00 T: 20:00	F: 08:00 T: 20:00	F: 08:00 T: 20:00	F: 08:00 T: 20:00	F: 08:00 T: 20:00	klub-velo-stryi.jpg
"Ahentsiya Nerukhomosti ""Nerukhomistʹ Stryya"""	49.2575857	23.8490671	Business	Professional Services	"<b>Ahentsiya Nerukhomosti ""Nerukhomistʹ Stryya""</b><br><i>Olesnyts'koho St, 1, Stryi, L'vivs'ka oblast, Ukraine, 82400</i><br>Tel: 050 188 1450<br><a href=""http://www.dim-stryi.com.ua/"">http://www.dim-stryi.com.ua/</a>"	050 188 1450	http://www.dim-stryi.com.ua/	Olesnyts'koho St, 1, Stryi, L'vivs'ka oblast, Ukraine, 82400	F: 09:00 T: 18:00	F: 09:00 T: 18:00	F: 09:00 T: 18:00	F: 09:00 T: 18:00	F: 09:00 T: 17:00	closed	closed	ahentsiya-nerukhomosti-nerukhomist-stryya.jpg
Park Imeni Ostapa Nyzhankivsʹkoho	49.2615537	23.852808	Nature	Park	<b>Park Imeni Ostapa Nyzhankivsʹkoho</b><br><i>Ostapa Nyzhankivs'koho St, 3, Stryi, L'vivs'ka oblast, Ukraine, 82404</i>			Ostapa Nyzhankivs'koho St, 3, Stryi, L'vivs'ka oblast, Ukraine, 82404								
Park	49.2682544	23.8976592	Nature	Park	<b>Park</b><br><i>Verchany, Lviv Oblast, Ukraine, 82441</i>			Verchany, Lviv Oblast, Ukraine, 82441								
