{"type":"FeatureCollection","features":[
{"type":"Feature","geometry":{"type":"Point","coordinates":[-64.368717,45.0906412]},"properties":{"crossing":"uncontrolled","crossing:island":"no","crossing:markings":"zebra","flashing_lights":"button","highway":"crossing","tactile_paving":"no"}},
{"type":"Feature","geometry":{"type":"Point","coordinates":[-64.3543885,45.0880296]},"properties":{"highway":"turning_circle","turning_circle":"circle"}},
{"type":"Feature","geometry":{"type":"Point","coordinates":[-64.3534283,45.0863112]},"properties":{"highway":"turning_circle","turning_circle":"oval"}},
{"type":"Feature","geometry":{"type":"Point","coordinates":[-64.3554337,45.0883591]},"properties":{"barrier":"gate"}},
{"type":"Feature","geometry":{"type":"Point","coordinates":[-64.3679591,45.0885827]},"properties":{"crossing":"uncontrolled","crossing:island":"no","crossing:markings":"zebra","highway":"crossing","tactile_paving":"no"}},
{"type":"Feature","geometry":{"type":"Point","coordinates":[-64.3583569,45.0927922]},"properties":{"amenity":"shelter"}},
{"type":"Feature","geometry":{"type":"Point","coordinates":[-64.3662864,45.0878548]},"properties":{"entrance":"yes"}},
{"type":"Feature","geometry":{"type":"Point","coordinates":[-64.3667665,45.0881238]},"properties":{"entrance":"yes"}},
{"type":"Feature","geometry":{"type":"Point","coordinates":[-64.365846,45.0892038]},"properties":{"entrance":"yes"}},
{"type":"Feature","geometry":{"type":"Point","coordinates":[-64.354859,45.0911034]},"properties":{"crossing":"uncontrolled","crossing:markings":"yes","highway":"crossing"}},
{"type":"Feature","geometry":{"type":"Point","coordinates":[-64.368535,45.0932273]},"properties":{"barrier":"gate"}},
{"type":"Feature","geometry":{"type":"Point","coordinates":[-64.3704679,45.0914679]},"properties":{"barrier":"gate"}},
{"type":"Feature","geometry":{"type":"Point","coordinates":[-64.3664868,45.0910695]},"properties":{"crossing":"unmarked","crossing:island":"no","crossing:markings":"no","highway":"crossing","tactile_paving":"no"}},
{"type":"Feature","geometry":{"type":"Point","coordinates":[-64.3682624,45.0874675]},"properties":{"entrance":"yes","level":"1"}},
{"type":"Feature","geometry":{"type":"Point","coordinates":[-64.3634153,45.0925672]},"properties":{"access":"yes","entrance":"main"}},
{"type":"Feature","geometry":{"type":"Point","coordinates":[-64.3683205,45.0876493]},"properties":{"entrance":"yes","level":"lower"}},
{"type":"Feature","geometry":{"type":"Point","coordinates":[-64.3572327,45.0844217]},"properties":{"highway":"turning_circle","turning_circle":"oval"}},
{"type":"Feature","geometry":{"type":"Point","coordinates":[-64.3684375,45.0848906]},"properties":{"noexit":"yes"}},
{"type":"Feature","geometry":{"type":"Point","coordinates":[-64.3530609,45.0849648]},"properties":{"crossing":"unmarked","crossing:island":"no","crossing:markings":"no","highway":"crossing","tactile_paving":"no"}},
{"type":"Feature","geometry":{"type":"Point","coordinates":[-64.3648512,45.0877227]},"properties":{"barrier":"gate"}},
{"type":"Feature","geometry":{"type":"Point","coordinates":[-64.3575163,45.0887147]},"properties":{"noexit":"yes"}},
{"type":"Feature","geometry":{"type":"Point","coordinates":[-64.365208,45.0894519]},"properties":{"barrier":"gate"}},
{"type":"Feature","geometry":{"type":"Point","coordinates":[-64.3641071,45.0895617]},"properties":{"barrier":"gate"}},
{"type":"Feature","geometry":{"type":"Point","coordinates":[-64.361834,45.0896438]},"properties":{"direction":"forward","surface":"asphalt","traffic_calming":"bump"}},
{"type":"Feature","geometry":{"type":"Point","coordinates":[-64.3602284,45.089692]},"properties":{"direction":"forward","surface":"asphalt","traffic_calming":"bump"}},
{"type":"Feature","geometry":{"type":"Point","coordinates":[-64.3567782,45.0897826]},"properties":{"crossing":"unmarked","crossing:island":"no","crossing:markings":"no","highway":"crossing","tactile_paving":"no"}},
{"type":"Feature","geometry":{"type":"Point","coordinates":[-64.3627557,45.0913361]},"properties":{"crossing":"uncontrolled","crossing:island":"no","crossing:markings":"lines","highway":"crossing","tactile_paving":"no"}},
{"type":"Feature","geometry":{"type":"Point","coordinates":[-64.361765,45.0915651]},"properties":{"crossing":"unmarked","crossing:island":"no","crossing:markings":"no","crossing:signals":"no","highway":"crossing","tactile_paving":"no"}},
{"type":"Feature","geometry":{"type":"Point","coordinates":[-64.3597807,45.0917081]},"properties":{"highway":"stop","stop":"all"}},
{"type":"Feature","geometry":{"type":"Point","coordinates":[-64.3640914,45.0928532]},"properties":{"crossing":"uncontrolled","crossing:island":"no","crossing:markings":"zebra","highway":"crossing"}},
{"type":"Feature","geometry":{"type":"Point","coordinates":[-64.3555607,45.0928]},"properties":{"barrier":"gate","source":"NRCan-CanVec-10.0"}},
{"type":"Feature","geometry":{"type":"Point","coordinates":[-64.3607179,45.0932982]},"properties":{"noexit":"yes"}},
{"type":"Feature","geometry":{"type":"Point","coordinates":[-64.3603431,45.093422]},"properties":{"noexit":"yes"}},
{"type":"Feature","geometry":{"type":"Point","coordinates":[-64.3639389,45.093806]},"properties":{"noexit":"yes"}},
{"type":"Feature","geometry":{"type":"Point","coordinates":[-64.3679257,45.0876059]},"properties":{"entrance":"main"}},
{"type":"Feature","geometry":{"type":"Point","coordinates":[-64.3678151,45.0858676]},"properties":{"barrier":"gate","opening_hours":"sunrise-sunset"}},
{"type":"Feature","geometry":{"type":"Point","coordinates":[-64.3674202,45.086062]},"properties":{"ford":"yes"}},
{"type":"Feature","geometry":{"type":"Point","coordinates":[-64.3681635,45.087156]},"properties":{"barrier":"gate"}},
{"type":"Feature","geometry":{"type":"Point","coordinates":[-64.3677813,45.0880003]},"properties":{"crossing":"uncontrolled","crossing:island":"no","crossing:markings":"zebra","highway":"crossing","tactile_paving":"no"}},
{"type":"Feature","geometry":{"type":"Point","coordinates":[-64.368435,45.0883578]},"properties":{"access":"yes","door":"hinged","entrance":"yes","level":"0"}},
{"type":"Feature","geometry":{"type":"Point","coordinates":[-64.3665275,45.0890367]},"properties":{"barrier":"bollard"}},
{"type":"Feature","geometry":{"type":"Point","coordinates":[-64.3642299,45.0870941]},"properties":{"barrier":"bollard","bollard":"removable"}},
{"type":"Feature","geometry":{"type":"Point","coordinates":[-64.3687196,45.0861017]},"properties":{"barrier":"gate","opening_hours":"sunrise-sunset"}},
{"type":"Feature","geometry":{"type":"Point","coordinates":[-64.3690488,45.087324]},"properties":{"barrier":"gate","opening_hours":"sunrise-sunset"}},
{"type":"Feature","geometry":{"type":"Point","coordinates":[-64.3691449,45.087424]},"properties":{"barrier":"gate"}},
{"type":"Feature","geometry":{"type":"Point","coordinates":[-64.3681854,45.0884706]},"properties":{"entrance":"yes","level":"0"}},
{"type":"Feature","geometry":{"type":"Point","coordinates":[-64.3661203,45.0885479]},"properties":{"entrance":"yes"}},
{"type":"Feature","geometry":{"type":"Point","coordinates":[-64.3656456,45.0880277]},"properties":{"barrier":"bollard","bollard":"removable"}},
{"type":"Feature","geometry":{"type":"Point","coordinates":[-64.3658345,45.0879539]},"properties":{"barrier":"bollard","bollard":"removable"}},
{"type":"Feature","geometry":{"type":"Point","coordinates":[-64.366244,45.0886698]},"properties":{"entrance":"yes"}},
{"type":"Feature","geometry":{"type":"Point","coordinates":[-64.3659306,45.0879143]},"properties":{"entrance":"yes"}},
{"type":"Feature","geometry":{"type":"Point","coordinates":[-64.3673245,45.0881858]},"properties":{"entrance":"yes"}},
{"type":"Feature","geometry":{"type":"Point","coordinates":[-64.3665892,45.0879546]},"properties":{"entrance":"yes"}},
{"type":"Feature","geometry":{"type":"Point","coordinates":[-64.3643961,45.091571]},"properties":{"barrier":"gate"}},
{"type":"Feature","geometry":{"type":"Point","coordinates":[-64.3690995,45.0886915]},"properties":{"access":"private","door":"hinged","entrance":"secondary","level":"-0.5","wheelchair":"no"}},
{"type":"Feature","geometry":{"type":"Point","coordinates":[-64.3574116,45.094698]},"properties":{"noexit":"yes"}},
{"type":"Feature","geometry":{"type":"Point","coordinates":[-64.3665984,45.0941604]},"properties":{"noexit":"yes"}},
{"type":"Feature","geometry":{"type":"Point","coordinates":[-64.3645791,45.0949514]},"properties":{"highway":"turning_loop"}},
{"type":"Feature","geometry":{"type":"Point","coordinates":[-64.368879,45.0984785]},"properties":{"noexit":"yes"}},
{"type":"Feature","geometry":{"type":"Point","coordinates":[-64.3845912,45.096683]},"properties":{"noexit":"yes"}},
{"type":"Feature","geometry":{"type":"Point","coordinates":[-64.3682103,45.0936455]},"properties":{"noexit":"yes"}},
{"type":"Feature","geometry":{"type":"Point","coordinates":[-64.3682766,45.0859862]},"properties":{"ford":"yes"}},
{"type":"Feature","geometry":{"type":"Point","coordinates":[-64.3685519,45.0895411]},"properties":{"entrance":"yes"}},
{"type":"Feature","geometry":{"type":"Point","coordinates":[-64.3686747,45.0898022]},"properties":{"entrance":"yes"}},
{"type":"Feature","geometry":{"type":"Point","coordinates":[-64.3686499,45.0892625]},"properties":{"entrance":"yes"}},
{"type":"Feature","geometry":{"type":"Point","coordinates":[-64.3688759,45.0892238]},"properties":{"entrance":"yes"}},
{"type":"Feature","geometry":{"type":"Point","coordinates":[-64.3681584,45.0859785]},"properties":{"ford":"yes"}},
{"type":"Feature","geometry":{"type":"Point","coordinates":[-64.3598916,45.09245]},"properties":{"crossing:barrier":"no","crossing:bell":"no","crossing:light":"no","note":"Lights, bells, posts, and crossbuck gone. Crossing still there however","railway":"level_crossing"}},
{"type":"Feature","geometry":{"type":"Point","coordinates":[-64.3641059,45.0897686]},"properties":{"crossing":"unmarked","crossing:island":"no","crossing:markings":"no","highway":"crossing","tactile_paving":"no"}},
{"type":"Feature","geometry":{"type":"Point","coordinates":[-64.3624505,45.0904128]},"properties":{"crossing":"uncontrolled","crossing:island":"no","crossing:markings":"lines","highway":"crossing","tactile_paving":"no"}},
{"type":"Feature","geometry":{"type":"Point","coordinates":[-64.3564354,45.0918677]},"properties":{"button_operated":"yes","crossing":"uncontrolled","crossing:island":"no","crossing:markings":"zebra","flashing_lights":"button","highway":"crossing","segregated":"no","traffic_signals:vibration":"no"}},
{"type":"Feature","geometry":{"type":"Point","coordinates":[-64.3557137,45.0929134]},"properties":{"barrier":"cycle_barrier","bicycle":"designated","cycle_barrier":"single","foot":"designated"}},
{"type":"Feature","geometry":{"type":"Point","coordinates":[-64.3563311,45.0919611]},"properties":{"crossing":"unmarked","crossing:island":"no","crossing:markings":"no","highway":"crossing","tactile_paving":"no","traffic_calming":"table"}},
{"type":"Feature","geometry":{"type":"Point","coordinates":[-64.3571887,45.0885222]},"properties":{"noexit":"yes"}},
{"type":"Feature","geometry":{"type":"Point","coordinates":[-64.3681913,45.0892403]},"properties":{"crossing":"uncontrolled","crossing:island":"no","crossing:markings":"zebra","highway":"crossing","tactile_paving":"no"}},
{"type":"Feature","geometry":{"type":"Point","coordinates":[-64.3689361,45.0901664]},"properties":{"entrance":"yes"}},
{"type":"Feature","geometry":{"type":"Point","coordinates":[-64.3690591,45.0885671]},"properties":{"access":"private","entrance":"main","level":"0"}},
{"type":"Feature","geometry":{"type":"Point","coordinates":[-64.3692544,45.0887294]},"properties":{"access":"private","door":"hinged","entrance":"emergency","wheelchair":"no"}},
{"type":"Feature","geometry":{"type":"Point","coordinates":[-64.3689985,45.0887672]},"properties":{"access":"private","door":"hinged","entrance":"emergency","wheelchair":"no"}},
{"type":"Feature","geometry":{"type":"Point","coordinates":[-64.3683052,45.0881464]},"properties":{"access":"yes","door":"hinged","entrance":"exit","level":"0"}},
{"type":"Feature","geometry":{"type":"Point","coordinates":[-64.3683653,45.0887621]},"properties":{"entrance":"yes"}},
{"type":"Feature","geometry":{"type":"Point","coordinates":[-64.3684199,45.0889582]},"properties":{"entrance":"yes"}},
{"type":"Feature","geometry":{"type":"Point","coordinates":[-64.3671669,45.0859001]},"properties":{"crossing":"unmarked","crossing:island":"no","crossing:markings":"no","highway":"crossing","tactile_paving":"no"}},
{"type":"Feature","geometry":{"type":"Point","coordinates":[-64.3648466,45.0889556]},"properties":{"door":"hinged","entrance":"main","level":"0","wheelchair":"yes"}},
{"type":"Feature","geometry":{"type":"Point","coordinates":[-64.3633222,45.0872396]},"properties":{"crossing":"unmarked","crossing:island":"no","crossing:markings":"no","highway":"crossing","tactile_paving":"yes"}},
{"type":"Feature","geometry":{"type":"Point","coordinates":[-64.3643603,45.0905616]},"properties":{"crossing":"unmarked","crossing:island":"no","crossing:markings":"no","highway":"crossing","tactile_paving":"no"}},
{"type":"Feature","geometry":{"type":"Point","coordinates":[-64.3641736,45.0899881]},"properties":{"crossing":"unmarked","crossing:island":"no","crossing:markings":"no","highway":"crossing","tactile_paving":"no"}},
{"type":"Feature","geometry":{"type":"Point","coordinates":[-64.3644344,45.0854278]},"properties":{"entrance":"yes"}},
{"type":"Feature","geometry":{"type":"Point","coordinates":[-64.3656662,45.093929]},"properties":{"barrier":"gate","height":"2","material":"metal"}},
{"type":"Feature","geometry":{"type":"Point","coordinates":[-64.3658453,45.0944039]},"properties":{"barrier":"gate","height":"2","material":"metal"}},
{"type":"Feature","geometry":{"type":"Point","coordinates":[-64.3623017,45.0924916]},"properties":{"noexit":"yes"}},
{"type":"Feature","geometry":{"type":"Point","coordinates":[-64.3633367,45.0926733]},"properties":{"access":"yes","entrance":"secondary"}},
{"type":"Feature","geometry":{"type":"Point","coordinates":[-64.3619776,45.0912728]},"properties":{"crossing":"uncontrolled","crossing:markings":"yes","highway":"crossing"}},
{"type":"Feature","geometry":{"type":"Point","coordinates":[-64.3613036,45.0914951]},"properties":{"crossing":"unmarked","crossing:island":"no","crossing:markings":"no","highway":"crossing","tactile_paving":"no","traffic_calming":"table"}},
{"type":"Feature","geometry":{"type":"Point","coordinates":[-64.3616541,45.091452]},"properties":{"crossing":"unmarked","crossing:island":"no","crossing:markings":"no","highway":"crossing","tactile_paving":"no","traffic_calming":"table"}},
{"type":"Feature","geometry":{"type":"Point","coordinates":[-64.3689255,45.0883308]},"properties":{"access":"yes","door":"hinged","entrance":"main","level":"0","wheelchair":"yes"}},
{"type":"Feature","geometry":{"type":"Point","coordinates":[-64.3690243,45.0884141]},"properties":{"access":"yes","door":"hinged","entrance":"secondary","level":"-1","wheelchair":"yes"}},
{"type":"Feature","geometry":{"type":"Point","coordinates":[-64.3452994,45.0932409]},"properties":{"crossing":"uncontrolled","crossing:island":"no","crossing:markings":"zebra","highway":"crossing","tactile_paving":"no"}},
{"type":"Feature","geometry":{"type":"Point","coordinates":[-64.3521378,45.0922819]},"properties":{"crossing":"uncontrolled","crossing:island":"no","crossing:markings":"lines","highway":"crossing","tactile_paving":"no"}},
{"type":"Feature","geometry":{"type":"Point","coordinates":[-64.3555498,45.0929398]},"properties":{"barrier":"cycle_barrier","bicycle":"designated","cycle_barrier":"single","foot":"designated"}},
{"type":"Feature","geometry":{"type":"Point","coordinates":[-64.3660979,45.0873936]},"properties":{"barrier":"bollard","bollard":"removable"}},
{"type":"Feature","geometry":{"type":"Point","coordinates":[-64.3582861,45.0905281]},"properties":{"crossing":"unmarked","crossing:island":"no","crossing:markings":"no","highway":"crossing","tactile_paving":"no"}},
{"type":"Feature","geometry":{"type":"Point","coordinates":[-64.3551764,45.0921454]},"properties":{"crossing":"uncontrolled","crossing:island":"no","crossing:markings":"lines","highway":"crossing","tactile_paving":"no"}},
{"type":"Feature","geometry":{"type":"Point","coordinates":[-64.3551212,45.0922105]},"properties":{"crossing":"uncontrolled","crossing:island":"no","crossing:markings":"zebra","highway":"crossing","tactile_paving":"no"}},
{"type":"Feature","geometry":{"type":"Point","coordinates":[-64.3565004,45.0917815]},"properties":{"crossing":"uncontrolled","crossing:island":"no","crossing:markings":"lines","highway":"crossing","tactile_paving":"no"}},
{"type":"Feature","geometry":{"type":"Point","coordinates":[-64.3553254,45.0922353]},"properties":{"crossing":"unmarked","crossing:island":"no","crossing:markings":"no","highway":"crossing","tactile_paving":"no"}},
{"type":"Feature","geometry":{"type":"Point","coordinates":[-64.3567452,45.0898815]},"properties":{"crossing":"unmarked","crossing:island":"no","crossing:markings":"no","highway":"crossing","tactile_paving":"no"}},
{"type":"Feature","geometry":{"type":"Point","coordinates":[-64.3576431,45.0917741]},"properties":{"crossing":"uncontrolled","crossing:island":"no","crossing:markings":"lines","highway":"crossing","tactile_paving":"no"}},
{"type":"Feature","geometry":{"type":"Point","coordinates":[-64.3587204,45.0917425]},"properties":{"crossing":"uncontrolled","crossing:island":"no","crossing:markings":"lines","highway":"crossing","tactile_paving":"no"}},
{"type":"Feature","geometry":{"type":"Point","coordinates":[-64.3586019,45.0880101]},"properties":{"crossing":"unmarked","crossing:island":"no","crossing:markings":"no","highway":"crossing","tactile_paving":"no"}},
{"type":"Feature","geometry":{"type":"Point","coordinates":[-64.3589846,45.0892207]},"properties":{"crossing":"unmarked","crossing:island":"no","crossing:markings":"no","highway":"crossing","tactile_paving":"no"}},
{"type":"Feature","geometry":{"type":"Point","coordinates":[-64.3593253,45.0901574]},"properties":{"crossing":"unmarked","crossing:island":"no","crossing:markings":"no","highway":"crossing","tactile_paving":"no"}},
{"type":"Feature","geometry":{"type":"Point","coordinates":[-64.3592389,45.0918326]},"properties":{"crossing":"unmarked","crossing:island":"no","crossing:markings":"no","highway":"crossing","tactile_paving":"no"}},
{"type":"Feature","geometry":{"type":"Point","coordinates":[-64.3584712,45.0918952]},"properties":{"crossing":"unmarked","crossing:island":"no","crossing:markings":"no","highway":"crossing","tactile_paving":"no"}},
{"type":"Feature","geometry":{"type":"Point","coordinates":[-64.3585447,45.0918934]},"properties":{"crossing":"unmarked","crossing:island":"no","crossing:markings":"no","highway":"crossing","tactile_paving":"no"}},
{"type":"Feature","geometry":{"type":"Point","coordinates":[-64.3581165,45.0919034]},"properties":{"crossing":"unmarked","crossing:island":"no","crossing:markings":"no","highway":"crossing","tactile_paving":"no"}},
{"type":"Feature","geometry":{"type":"Point","coordinates":[-64.3574621,45.091895]},"properties":{"crossing":"unmarked","crossing:island":"no","crossing:markings":"no","highway":"crossing","tactile_paving":"no"}},
{"type":"Feature","geometry":{"type":"Point","coordinates":[-64.3597591,45.0920799]},"properties":{"crossing":"unmarked","crossing:island":"no","crossing:markings":"no","highway":"crossing","tactile_paving":"no"}},
{"type":"Feature","geometry":{"type":"Point","coordinates":[-64.3598035,45.0923161]},"properties":{"crossing":"unmarked","crossing:markings":"no","highway":"crossing"}},
{"type":"Feature","geometry":{"type":"Point","coordinates":[-64.3598258,45.0924519]},"properties":{"crossing":"unmarked","crossing:barrier":"no","crossing:bell":"no","crossing:light":"no","railway":"crossing"}},
{"type":"Feature","geometry":{"type":"Point","coordinates":[-64.3596817,45.0917195]},"properties":{"crossing":"uncontrolled","crossing:island":"no","crossing:markings":"lines","highway":"crossing","tactile_paving":"no"}},
{"type":"Feature","geometry":{"type":"Point","coordinates":[-64.3599993,45.0925579]},"properties":{"crossing":"unmarked","crossing:island":"no","crossing:markings":"no","highway":"crossing","tactile_paving":"no"}},
{"type":"Feature","geometry":{"type":"Point","coordinates":[-64.3599741,45.0923838]},"properties":{"crossing":"uncontrolled","crossing:island":"no","crossing:markings":"lines","highway":"crossing","tactile_paving":"no"}},
{"type":"Feature","geometry":{"type":"Point","coordinates":[-64.3599826,45.0924495]},"properties":{"crossing":"unmarked","crossing:barrier":"no","crossing:bell":"no","crossing:light":"no","railway":"crossing"}},
{"type":"Feature","geometry":{"type":"Point","coordinates":[-64.359792,45.0917873]},"properties":{"crossing":"uncontrolled","crossing:island":"no","crossing:markings":"lines","highway":"crossing","tactile_paving":"no"}},
{"type":"Feature","geometry":{"type":"Point","coordinates":[-64.3599138,45.0920671]},"properties":{"crossing":"unmarked","crossing:island":"no","crossing:markings":"no","highway":"crossing","tactile_paving":"no"}},
{"type":"Feature","geometry":{"type":"Point","coordinates":[-64.3598745,45.0923445]},"properties":{"crossing":"uncontrolled","crossing:island":"no","crossing:markings":"lines","highway":"crossing","tactile_paving":"no"}},
{"type":"Feature","geometry":{"type":"Point","coordinates":[-64.3597798,45.0916385]},"properties":{"crossing":"uncontrolled","crossing:island":"no","crossing:markings":"lines","highway":"crossing","tactile_paving":"no"}},
{"type":"Feature","geometry":{"type":"Point","coordinates":[-64.3599114,45.0916944]},"properties":{"crossing":"uncontrolled","crossing:island":"no","crossing:markings":"lines","highway":"crossing","tactile_paving":"no"}},
{"type":"Feature","geometry":{"type":"Point","coordinates":[-64.3612955,45.0922089]},"properties":{"crossing":"unmarked","crossing:island":"no","crossing:markings":"no","highway":"crossing","tactile_paving":"no"}},
{"type":"Feature","geometry":{"type":"Point","coordinates":[-64.3607546,45.0922637]},"properties":{"crossing":"unmarked","crossing:island":"no","crossing:markings":"no","highway":"crossing","tactile_paving":"no"}},
{"type":"Feature","geometry":{"type":"Point","coordinates":[-64.3603021,45.0923099]},"properties":{"crossing":"unmarked","crossing:island":"no","crossing:markings":"no","highway":"crossing","tactile_paving":"no"}},
{"type":"Feature","geometry":{"type":"Point","coordinates":[-64.3611137,45.0922707]},"properties":{"crossing":"uncontrolled","crossing:island":"no","crossing:markings":"zebra","highway":"crossing","tactile_paving":"no"}},
{"type":"Feature","geometry":{"type":"Point","coordinates":[-64.361998,45.0921903]},"properties":{"crossing":"uncontrolled","crossing:island":"no","crossing:markings":"zebra","highway":"crossing","tactile_paving":"no"}},
{"type":"Feature","geometry":{"type":"Point","coordinates":[-64.3619207,45.0921408]},"properties":{"crossing":"unmarked","crossing:island":"no","crossing:markings":"no","highway":"crossing","tactile_paving":"no"}},
{"type":"Feature","geometry":{"type":"Point","coordinates":[-64.3616018,45.0915172]},"properties":{"crossing":"uncontrolled","crossing:island":"no","crossing:markings":"zebra","highway":"crossing","tactile_paving":"yes"}},
{"type":"Feature","geometry":{"type":"Point","coordinates":[-64.3589393,45.0886147]},"properties":{"crossing":"uncontrolled","crossing:island":"no","crossing:markings":"zebra","highway":"crossing","tactile_paving":"no"}},
{"type":"Feature","geometry":{"type":"Point","coordinates":[-64.3592216,45.0896677]},"properties":{"crossing":"uncontrolled","crossing:island":"no","crossing:markings":"ladder","highway":"crossing","tactile_paving":"no"}},
{"type":"Feature","geometry":{"type":"Point","coordinates":[-64.3593123,45.0897208]},"properties":{"crossing":"uncontrolled","crossing:island":"no","crossing:markings":"ladder","highway":"crossing","tactile_paving":"no"}},
{"type":"Feature","geometry":{"type":"Point","coordinates":[-64.3596361,45.0907174]},"properties":{"crossing":"unmarked","crossing:island":"no","crossing:markings":"no","highway":"crossing","tactile_paving":"no"}},
{"type":"Feature","geometry":{"type":"Point","coordinates":[-64.3623237,45.0913801]},"properties":{"crossing":"unmarked","crossing:island":"no","crossing:markings":"no","highway":"crossing","tactile_paving":"no"}},
{"type":"Feature","geometry":{"type":"Point","coordinates":[-64.3626844,45.0914108]},"properties":{"crossing":"uncontrolled","crossing:island":"no","crossing:markings":"zebra","highway":"crossing","tactile_paving":"no"}},
{"type":"Feature","geometry":{"type":"Point","coordinates":[-64.3619168,45.0922469]},"properties":{"crossing":"unmarked","crossing:island":"no","crossing:markings":"no","highway":"crossing","tactile_paving":"no"}},
{"type":"Feature","geometry":{"type":"Point","coordinates":[-64.3586317,45.0830258]},"properties":{"crossing":"unmarked","crossing:island":"no","crossing:markings":"no","highway":"crossing","tactile_paving":"no"}},
{"type":"Feature","geometry":{"type":"Point","coordinates":[-64.3605947,45.0887054]},"properties":{"crossing":"uncontrolled","crossing:island":"no","crossing:markings":"zebra","highway":"crossing","tactile_paving":"no"}},
{"type":"Feature","geometry":{"type":"Point","coordinates":[-64.3600625,45.0870401]},"properties":{"crossing":"unmarked","crossing:island":"no","crossing:markings":"no","highway":"crossing","tactile_paving":"no"}},
{"type":"Feature","geometry":{"type":"Point","coordinates":[-64.3598251,45.0862962]},"properties":{"crossing":"unmarked","crossing:island":"no","crossing:markings":"no","highway":"crossing","tactile_paving":"yes"}},
{"type":"Feature","geometry":{"type":"Point","coordinates":[-64.3622832,45.0896332]},"properties":{"crossing":"uncontrolled","crossing:island":"no","crossing:markings":"zebra","highway":"crossing","tactile_paving":"no"}},
{"type":"Feature","geometry":{"type":"Point","coordinates":[-64.3623742,45.0896888]},"properties":{"crossing":"uncontrolled","crossing:island":"no","crossing:markings":"lines","highway":"crossing","tactile_paving":"no"}},
{"type":"Feature","geometry":{"type":"Point","coordinates":[-64.3637449,45.0912418]},"properties":{"crossing":"unmarked","crossing:island":"no","crossing:markings":"no","highway":"crossing","tactile_paving":"no"}},
{"type":"Feature","geometry":{"type":"Point","coordinates":[-64.3635765,45.0912586]},"properties":{"crossing":"unmarked","crossing:island":"no","crossing:markings":"no","highway":"crossing","tactile_paving":"no"}},
{"type":"Feature","geometry":{"type":"Point","coordinates":[-64.3645655,45.0912123]},"properties":{"crossing":"uncontrolled","crossing:island":"no","crossing:markings":"zebra","highway":"crossing","tactile_paving":"yes"}},
{"type":"Feature","geometry":{"type":"Point","coordinates":[-64.3639897,45.0896233]},"properties":{"crossing":"unmarked","crossing:island":"no","crossing:markings":"no","highway":"crossing","tactile_paving":"yes"}},
{"type":"Feature","geometry":{"type":"Point","coordinates":[-64.3640591,45.0895626]},"properties":{"crossing":"uncontrolled","crossing:island":"no","crossing:markings":"lines:paired","highway":"crossing","tactile_paving":"yes"}},
{"type":"Feature","geometry":{"type":"Point","coordinates":[-64.3638986,45.0895672]},"properties":{"crossing":"unmarked","crossing:island":"no","crossing:markings":"no","highway":"crossing","tactile_paving":"yes"}},
{"type":"Feature","geometry":{"type":"Point","coordinates":[-64.3639537,45.0895001]},"properties":{"crossing":"uncontrolled","crossing:island":"no","crossing:markings":"lines:paired","highway":"crossing","tactile_paving":"yes"}},
{"type":"Feature","geometry":{"type":"Point","coordinates":[-64.3636261,45.0887353]},"properties":{"crossing":"uncontrolled","crossing:island":"no","crossing:markings":"lines:paired","highway":"crossing","tactile_paving":"yes"}},
{"type":"Feature","geometry":{"type":"Point","coordinates":[-64.3636591,45.0887341]},"properties":{"crossing":"uncontrolled","crossing:island":"no","crossing:markings":"lines:paired","highway":"crossing","tactile_paving":"yes"}},
{"type":"Feature","geometry":{"type":"Point","coordinates":[-64.3631265,45.0872671]},"properties":{"crossing":"uncontrolled","crossing:island":"no","crossing:markings":"lines:paired","highway":"crossing","tactile_paving":"yes"}},
{"type":"Feature","geometry":{"type":"Point","coordinates":[-64.36318,45.08726]},"properties":{"crossing":"uncontrolled","crossing:island":"no","crossing:markings":"lines:paired","highway":"crossing","tactile_paving":"yes"}},
{"type":"Feature","geometry":{"type":"Point","coordinates":[-64.3629359,45.0865633]},"properties":{"crossing":"uncontrolled","crossing:island":"no","crossing:markings":"lines:paired","highway":"crossing","tactile_paving":"yes"}},
{"type":"Feature","geometry":{"type":"Point","coordinates":[-64.3628895,45.0865712]},"properties":{"crossing":"uncontrolled","crossing:island":"no","crossing:markings":"lines:paired","highway":"crossing","tactile_paving":"yes"}},
{"type":"Feature","geometry":{"type":"Point","coordinates":[-64.3626665,45.0858062]},"properties":{"crossing":"uncontrolled","crossing:island":"no","crossing:markings":"lines:paired","highway":"crossing","tactile_paving":"yes"}},
{"type":"Feature","geometry":{"type":"Point","coordinates":[-64.3626438,45.08581]},"properties":{"crossing":"uncontrolled","crossing:island":"no","crossing:markings":"lines:paired","highway":"crossing","tactile_paving":"yes"}},
{"type":"Feature","geometry":{"type":"Point","coordinates":[-64.3658879,45.0824232]},"properties":{"crossing":"unmarked","crossing:island":"no","crossing:markings":"no","highway":"crossing","tactile_paving":"no"}},
{"type":"Feature","geometry":{"type":"Point","coordinates":[-64.3638491,45.088768]},"properties":{"crossing":"unmarked","crossing:island":"no","crossing:markings":"no","highway":"crossing","tactile_paving":"no"}},
{"type":"Feature","geometry":{"type":"Point","coordinates":[-64.36359,45.0879687]},"properties":{"crossing":"unmarked","crossing:island":"no","crossing:markings":"no","highway":"crossing","tactile_paving":"no"}},
{"type":"Feature","geometry":{"type":"Point","coordinates":[-64.3634774,45.0876508]},"properties":{"crossing":"unmarked","crossing:island":"no","crossing:markings":"no","highway":"crossing","tactile_paving":"no"}},
{"type":"Feature","geometry":{"type":"Point","coordinates":[-64.3627737,45.085675]},"properties":{"crossing":"unmarked","crossing:island":"no","crossing:markings":"no","highway":"crossing","tactile_paving":"yes"}},
{"type":"Feature","geometry":{"type":"Point","coordinates":[-64.3626085,45.0852838]},"properties":{"crossing":"unmarked","crossing:island":"no","crossing:markings":"no","highway":"crossing","tactile_paving":"yes"}},
{"type":"Feature","geometry":{"type":"Point","coordinates":[-64.3624507,45.0852315]},"properties":{"crossing":"uncontrolled","crossing:island":"no","crossing:markings":"zebra","highway":"crossing","tactile_paving":"yes"}},
{"type":"Feature","geometry":{"type":"Point","coordinates":[-64.3675433,45.088509]},"properties":{"entrance":"yes"}},
{"type":"Feature","geometry":{"type":"Point","coordinates":[-64.3636579,45.0913773]},"properties":{"crossing":"uncontrolled","crossing:island":"no","crossing:markings":"lines","highway":"crossing","tactile_paving":"no"}},
{"type":"Feature","geometry":{"type":"Point","coordinates":[-64.3642826,45.0937591]},"properties":{"crossing":"uncontrolled","crossing:island":"no","crossing:markings":"zebra","highway":"crossing","tactile_paving":"no"}},
{"type":"Feature","geometry":{"type":"Point","coordinates":[-64.3639758,45.0926735]},"properties":{"crossing":"unmarked","crossing:island":"no","crossing:markings":"no","highway":"crossing","tactile_paving":"yes"}},
{"type":"Feature","geometry":{"type":"Point","coordinates":[-64.3638996,45.0924426]},"properties":{"crossing":"unmarked","crossing:island":"no","crossing:markings":"no","highway":"crossing","tactile_paving":"no"}},
{"type":"Feature","geometry":{"type":"Point","coordinates":[-64.3637547,45.0920217]},"properties":{"crossing":"uncontrolled","crossing:island":"no","crossing:markings":"lines","highway":"crossing","tactile_paving":"no"}},
{"type":"Feature","geometry":{"type":"Point","coordinates":[-64.3636239,45.0920876]},"properties":{"crossing":"unmarked","crossing:island":"no","crossing:markings":"no","highway":"crossing","tactile_paving":"no"}},
{"type":"Feature","geometry":{"type":"Point","coordinates":[-64.3633935,45.0921078]},"properties":{"crossing":"unmarked","crossing:island":"no","crossing:markings":"no","highway":"crossing","tactile_paving":"no"}},
{"type":"Feature","geometry":{"type":"Point","coordinates":[-64.3627865,45.0921657]},"properties":{"crossing":"unmarked","crossing:island":"no","crossing:markings":"no","highway":"crossing","tactile_paving":"no"}},
{"type":"Feature","geometry":{"type":"Point","coordinates":[-64.362548,45.0921869]},"properties":{"crossing":"unmarked","crossing:island":"no","crossing:markings":"no","highway":"crossing","tactile_paving":"no"}},
{"type":"Feature","geometry":{"type":"Point","coordinates":[-64.3638013,45.0919612]},"properties":{"crossing":"uncontrolled","crossing:island":"no","crossing:markings":"zebra","highway":"crossing","tactile_paving":"no"}},
{"type":"Feature","geometry":{"type":"Point","coordinates":[-64.3644564,45.0911656]},"properties":{"crossing":"uncontrolled","crossing:island":"no","crossing:markings":"lines","highway":"crossing","tactile_paving":"yes"}},
{"type":"Feature","geometry":{"type":"Point","coordinates":[-64.3685874,45.0905919]},"properties":{"crossing":"uncontrolled","crossing:island":"no","crossing:markings":"lines","highway":"crossing","tactile_paving":"no"}},
{"type":"Feature","geometry":{"type":"Point","coordinates":[-64.3686097,45.0907273]},"properties":{"crossing":"unmarked","crossing:island":"no","crossing:markings":"no","highway":"crossing","tactile_paving":"no"}},
{"type":"Feature","geometry":{"type":"Point","coordinates":[-64.3665844,45.0910561]},"properties":{"crossing":"unmarked","crossing:island":"no","crossing:markings":"no","highway":"crossing","tactile_paving":"no"}},
{"type":"Feature","geometry":{"type":"Point","coordinates":[-64.3654419,45.09118]},"properties":{"crossing":"unmarked","crossing:island":"no","crossing:markings":"no","highway":"crossing","tactile_paving":"no"}},
{"type":"Feature","geometry":{"type":"Point","coordinates":[-64.3652115,45.0912037]},"properties":{"crossing":"unmarked","crossing:island":"no","crossing:markings":"no","highway":"crossing","tactile_paving":"no"}},
{"type":"Feature","geometry":{"type":"Point","coordinates":[-64.3649608,45.0912302]},"properties":{"crossing":"unmarked","crossing:island":"no","crossing:markings":"no","highway":"crossing","tactile_paving":"no"}},
{"type":"Feature","geometry":{"type":"Point","coordinates":[-64.3657021,45.0910245]},"properties":{"crossing":"unmarked","crossing:island":"no","crossing:markings":"no","highway":"crossing","tactile_paving":"no"}},
{"type":"Feature","geometry":{"type":"Point","coordinates":[-64.366437,45.0909459]},"properties":{"crossing":"unmarked","crossing:island":"no","crossing:markings":"no","highway":"crossing","tactile_paving":"no"}},
{"type":"Feature","geometry":{"type":"Point","coordinates":[-64.372017,45.0902762]},"properties":{"crossing":"uncontrolled","crossing:island":"no","crossing:markings":"lines","highway":"crossing","tactile_paving":"no"}},
{"type":"Feature","geometry":{"type":"Point","coordinates":[-64.3720902,45.0901967]},"properties":{"crossing":"uncontrolled","crossing:island":"no","crossing:markings":"zebra","highway":"crossing","tactile_paving":"no"}},
{"type":"Feature","geometry":{"type":"Point","coordinates":[-64.3719688,45.0901276]},"properties":{"crossing":"uncontrolled","crossing:island":"no","crossing:markings":"lines","highway":"crossing","tactile_paving":"no"}},
{"type":"Feature","geometry":{"type":"Point","coordinates":[-64.3702722,45.090395]},"properties":{"crossing":"uncontrolled","crossing:island":"no","crossing:markings":"zebra","highway":"crossing","tactile_paving":"no"}},
{"type":"Feature","geometry":{"type":"Point","coordinates":[-64.3702097,45.0904721]},"properties":{"crossing":"uncontrolled","crossing:island":"no","crossing:markings":"lines","highway":"crossing","tactile_paving":"no"}},
{"type":"Feature","geometry":{"type":"Point","coordinates":[-64.3701613,45.0903414]},"properties":{"crossing":"uncontrolled","crossing:island":"no","crossing:markings":"lines","highway":"crossing","tactile_paving":"no"}},
{"type":"Feature","geometry":{"type":"Point","coordinates":[-64.3713504,45.0882727]},"properties":{"crossing":"unmarked","crossing:island":"no","crossing:markings":"no","highway":"crossing","tactile_paving":"no"}},
{"type":"Feature","geometry":{"type":"Point","coordinates":[-64.371065,45.0875033]},"properties":{"crossing":"uncontrolled","crossing:island":"no","crossing:markings":"ladder:skewed","highway":"crossing","tactile_paving":"no"}},
{"type":"Feature","geometry":{"type":"Point","coordinates":[-64.3690091,45.0906614]},"properties":{"crossing":"uncontrolled","crossing:island":"no","crossing:markings":"lines","highway":"crossing","tactile_paving":"no"}},
{"type":"Feature","geometry":{"type":"Point","coordinates":[-64.3743852,45.0893889]},"properties":{"crossing":"uncontrolled","crossing:island":"no","crossing:markings":"lines","highway":"crossing","tactile_paving":"no"}},
{"type":"Feature","geometry":{"type":"Point","coordinates":[-64.3743246,45.0894989]},"properties":{"crossing":"uncontrolled","crossing:island":"no","crossing:markings":"zebra","highway":"crossing","tactile_paving":"no"}},
{"type":"Feature","geometry":{"type":"Point","coordinates":[-64.3747275,45.0858753]},"properties":{"crossing":"unmarked","crossing:island":"no","crossing:markings":"no","highway":"crossing","tactile_paving":"no"}},
{"type":"Feature","geometry":{"type":"Point","coordinates":[-64.3749444,45.0866256]},"properties":{"crossing":"unmarked","crossing:island":"no","crossing:markings":"no","highway":"crossing","tactile_paving":"no"}},
{"type":"Feature","geometry":{"type":"Point","coordinates":[-64.3727885,45.0899755]},"properties":{"crossing":"uncontrolled","crossing:island":"no","crossing:markings":"lines","highway":"crossing","tactile_paving":"no"}},
{"type":"Feature","geometry":{"type":"Point","coordinates":[-64.3769124,45.089882]},"properties":{"crossing":"unmarked","crossing:island":"no","crossing:markings":"no","highway":"crossing","tactile_paving":"no"}},
{"type":"Feature","geometry":{"type":"Point","coordinates":[-64.3786783,45.0896159]},"properties":{"crossing":"unmarked","crossing:island":"no","crossing:markings":"no","highway":"crossing","tactile_paving":"no"}},
{"type":"Feature","geometry":{"type":"Point","coordinates":[-64.3769718,45.0881918]},"properties":{"crossing":"uncontrolled","crossing:island":"no","crossing:markings":"zebra","highway":"crossing","tactile_paving":"no"}},
{"type":"Feature","geometry":{"type":"Point","coordinates":[-64.3724437,45.0886013]},"properties":{"crossing":"unmarked","crossing:island":"no","crossing:markings":"no","highway":"crossing","tactile_paving":"no"}},
{"type":"Feature","geometry":{"type":"Point","coordinates":[-64.3723571,45.0883507]},"properties":{"crossing":"unmarked","crossing:island":"no","crossing:markings":"no","highway":"crossing","tactile_paving":"no"}},
{"type":"Feature","geometry":{"type":"Point","coordinates":[-64.3640635,45.092962]},"properties":{"crossing":"unmarked","crossing:island":"no","crossing:markings":"no","highway":"crossing","tactile_paving":"no"}},
{"type":"Feature","geometry":{"type":"Point","coordinates":[-64.3641538,45.093289]},"properties":{"crossing":"unmarked","crossing:island":"no","crossing:markings":"no","highway":"crossing","tactile_paving":"no"}},
{"type":"Feature","geometry":{"type":"Point","coordinates":[-64.3655653,45.0874502]},"properties":{"door":"automatic","entrance":"yes","level":"1","wheelchair":"yes"}},
{"type":"Feature","geometry":{"type":"LineString","coordinates":[[-64.3557058,45.085921],[-64.3560243,45.0857846],[-64.3562207,45.0857134],[-64.3564092,45.0856499],[-64.3565626,45.0856054],[-64.3567554,45.0855726],[-64.3569492,45.0855541],[-64.3571591,45.0855451],[-64.3573976,45.0855422]]},"properties":{"highway":"service","lane_markings":"no","oneway":"no","surface":"asphalt"}},
{"type":"Feature","geometry":{"type":"LineString","coordinates":[[-64.3639726,45.0895642],[-64.3640591,45.0895626],[-64.3641071,45.0895617],[-64.3643294,45.0895548],[-64.3645878,45.0895453],[-64.3648845,45.0895372],[-64.3651321,45.0895273],[-64.3652121,45.0895218],[-64.3653994,45.0895104],[-64.3656201,45.0894963],[-64.365775,45.0894791],[-64.3659391,45.0894521],[-64.3661043,45.0894165],[-64.3661544,45.0893407],[-64.3663989,45.0891405]]},"properties":{"highway":"service","name":"Acadia Street","surface":"asphalt"}},
{"type":"Feature","geometry":{"type":"LineString","coordinates":[[-64.3649508,45.0886454],[-64.3649374,45.0886008],[-64.3648277,45.0882415],[-64.3648055,45.0881647]]},"properties":{"highway":"unclassified","name":"Horton Avenue","surface":"asphalt"}},
{"type":"Feature","geometry":{"type":"LineString","coordinates":[[-64.3675502,45.0872893],[-64.3674504,45.0873048],[-64.3671985,45.0873452],[-64.3669566,45.0873834],[-64.3663074,45.0874879],[-64.3662597,45.0874955],[-64.3661289,45.0875152],[-64.3656309,45.087596],[-64.3648512,45.0877227],[-64.3647726,45.0877414],[-64.3647051,45.0877608]]},"properties":{"highway":"service","name":"Crowell Drive","surface":"asphalt"}},
{"type":"Feature","geometry":{"type":"LineString","coordinates":[[-64.3743029,45.0912868],[-64.3743077,45.0912856],[-64.3743615,45.0912719],[-64.374418,45.0912567],[-64.3744827,45.0912397],[-64.3745575,45.0912208],[-64.3746375,45.0912012],[-64.3747227,45.0911814],[-64.3748095,45.0911622],[-64.3748943,45.0911416],[-64.3749763,45.0911223],[-64.375,45.0911172],[-64.3760237,45.0908665],[-64.3760846,45.0908339],[-64.3761094,45.0908139],[-64.376123,45.0907923],[-64.3761186,45.0907461],[-64.3761065,45.0906906],[-64.3760567,45.090558],[-64.3759922,45.0903325],[-64.3759562,45.0901886],[-64.3759595,45.0901545],[-64.3759718,45.0901251],[-64.3759936,45.0901068],[-64.3760198,45.0900932],[-64.3760784,45.0900687],[-64.3761942,45.0900342],[-64.3765343,45.0899546],[-64.3768338,45.0898937],[-64.3769124,45.089882],[-64.3778061,45.0897499],[-64.3781872,45.0896895],[-64.3786783,45.0896159],[-64.3787343,45.0896075]]},"properties":{"highway":"residential","lanes":"2","name":"Marsh Hawk Drive","oneway":"no","surface":"asphalt"}},
{"type":"Feature","geometry":{"type":"LineString","coordinates":[[-64.3475081,45.0873332],[-64.3475354,45.0873033],[-64.3475795,45.0872921],[-64.3476569,45.0872845],[-64.3477532,45.0872932],[-64.3478549,45.0873117],[-64.3479447,45.0873328],[-64.3480685,45.0873337],[-64.3481729,45.08734],[-64.3482591,45.0873523],[-64.3482994,45.0873753],[-64.3483702,45.0874562],[-64.3484114,45.0875276],[-64.3484889,45.087577],[-64.3485707,45.087589],[-64.3486515,45.0875778],[-64.3487493,45.0875431],[-64.3489005,45.0875316],[-64.3489834,45.0875384],[-64.3490423,45.0875586],[-64.3492321,45.0876702],[-64.3492813,45.0877211],[-64.3493153,45.0877836],[-64.3493596,45.0878345],[-64.3493997,45.0878889],[-64.3494764,45.0879674],[-64.3496079,45.0881739],[-64.3496198,45.0882694],[-64.3496694,45.0883629],[-64.3497099,45.0884509],[-64.3497213,45.0885394],[-64.3497381,45.0886452],[-64.3498389,45.0886929],[-64.3499546,45.0887517],[-64.3500627,45.0888316],[-64.3501156,45.0888876],[-64.3502345,45.0889545],[-64.3504344,45.0890258],[-64.3505813,45.0890727],[-64.3507445,45.0891076],[-64.3508647,45.08914],[-64.350941,45.0891652],[-64.3509953,45.0891966],[-64.3510588,45.0892233],[-64.3511014,45.0892561],[-64.3511534,45.0893058],[-64.351202,45.0893409],[-64.3512451,45.0893795],[-64.3512953,45.0894299],[-64.351335,45.0894713],[-64.3513966,45.0895737],[-64.3514486,45.0896609],[-64.3514568,45.0897108],[-64.351468,45.0897624],[-64.3515171,45.0898276],[-64.351575,45.0898819],[-64.3516537,45.0899396],[-64.3517247,45.0899682],[-64.3518065,45.0900036],[-64.3518816,45.0901675],[-64.3519082,45.0902365],[-64.3519528,45.0903069],[-64.3520472,45.0903591]]},"properties":{"bicycle":"designated","foot":"designated","highway":"path","name":"Millenium Trail","sac_scale":"hiking","segregated":"no","surface":"ground"}},
{"type":"Feature","geometry":{"type":"LineString","coordinates":[[-64.3667853,45.0849917],[-64.3660325,45.0851403],[-64.3658883,45.0851503],[-64.3657377,45.085145],[-64.3656428,45.0851314],[-64.3654925,45.0850853],[-64.3652452,45.0850342],[-64.3649768,45.0850253],[-64.3645491,45.0850423],[-64.3642245,45.0850917],[-64.3640029,45.0851442],[-64.3638492,45.085217],[-64.3637197,45.0853618],[-64.3636614,45.0854395],[-64.3635891,45.0855279],[-64.3634276,45.0855585],[-64.3627737,45.085675],[-64.3627009,45.085688]]},"properties":{"highway":"service","surface":"asphalt"}},
{"type":"Feature","geometry":{"type":"LineString","coordinates":[[-64.3552981,45.0921765],[-64.3553254,45.0922353],[-64.355432,45.0924654],[-64.3554761,45.092593],[-64.3555235,45.0927205],[-64.3555607,45.0928],[-64.3555771,45.0928371],[-64.3556273,45.0929278]]},"properties":{"highway":"track","surface":"unpaved","tracktype":"grade3"}},
{"type":"Feature","geometry":{"type":"LineString","coordinates":[[-64.3580813,45.0926171],[-64.3579628,45.0925756],[-64.3579186,45.0925561],[-64.3578562,45.0925468],[-64.3576779,45.0925581],[-64.3575555,45.0925658],[-64.3569257,45.0926535],[-64.3567871,45.0926539],[-64.3566864,45.0926317],[-64.3566368,45.0926208],[-64.3566113,45.0926135]]},"properties":{"bicycle":"designated","foot":"designated","highway":"cycleway","motor_vehicle":"no","name":"Harvest Moon Trailway/Millenium Trail","segregated":"no","surface":"unpaved"}},
{"type":"Feature","geometry":{"type":"LineString","coordinates":[[-64.3579628,45.0925756],[-64.3579921,45.0925465],[-64.3580257,45.0925309],[-64.3582027,45.0925099],[-64.3582582,45.0925033],[-64.358358,45.0924958],[-64.3585099,45.0924843],[-64.358819,45.0924609],[-64.3589129,45.0924551],[-64.3589519,45.0924527],[-64.3590595,45.0924616],[-64.359143,45.0924953]]},"properties":{"highway":"path","source":"Bing","surface":"unpaved"}},
{"type":"Feature","geometry":{"type":"LineString","coordinates":[[-64.3555449,45.0931291],[-64.3555968,45.0930856],[-64.3556452,45.0930574],[-64.3556363,45.0929629]]},"properties":{"bicycle":"yes","foot":"yes","highway":"track","lanes":"1","motor_vehicle":"private","surface":"unpaved","tracktype":"grade2"}},
{"type":"Feature","geometry":{"type":"LineString","coordinates":[[-64.3372592,45.1127014],[-64.3373217,45.112581],[-64.3373632,45.1125189],[-64.3374078,45.1124697],[-64.3374857,45.1124199],[-64.3375804,45.1123479],[-64.3376472,45.1122837],[-64.3376731,45.1122235],[-64.3376769,45.1121488],[-64.337662,45.1120677],[-64.3376352,45.1119909],[-64.3374726,45.1116395],[-64.3373434,45.1113561],[-64.3372655,45.1111861],[-64.3372026,45.1110172],[-64.3371329,45.1107888],[-64.3370416,45.1104448],[-64.3369914,45.1102657],[-64.3369596,45.1101866],[-64.3369061,45.1100993],[-64.3368291,45.1100167],[-64.3367271,45.1099388],[-64.3365733,45.1098491],[-64.336483,45.1097877],[-64.3363927,45.1097134],[-64.3363341,45.1096461],[-64.336299,45.1095823],[-64.3362747,45.1095166],[-64.3362604,45.1094334],[-64.3362345,45.1091633],[-64.3362354,45.1090207],[-64.3362561,45.1089527],[-64.3363376,45.1088427],[-64.3364224,45.1086928],[-64.336725,45.108123],[-64.3368952,45.1078013],[-64.3369781,45.107601],[-64.337011,45.1074873],[-64.3370139,45.1073282],[-64.3369888,45.1072315],[-64.3367772,45.1067791],[-64.3365382,45.1061839],[-64.3363184,45.1056847],[-64.3362427,45.1055353],[-64.3360957,45.1052728],[-64.3358129,45.1046474],[-64.3356338,45.1042939],[-64.3354332,45.1039511],[-64.3352602,45.103672],[-64.3352163,45.1035663],[-64.3352082,45.1035174],[-64.3352194,45.1034807],[-64.3352945,45.1034231],[-64.3354085,45.1033679],[-64.3355442,45.1032953],[-64.3357052,45.1032304],[-64.3358612,45.1031938],[-64.3362878,45.1031388],[-64.3367635,45.1030882],[-64.3373124,45.1030429],[-64.3378168,45.1030084],[-64.3389474,45.1029161],[-64.3393533,45.102878],[-64.33967,45.1028459],[-64.3398179,45.1028204],[-64.3399167,45.1027906],[-64.3400001,45.1027629],[-64.3401287,45.1027055],[-64.3402584,45.1026155],[-64.3403821,45.1024967],[-64.340595,45.1022962],[-64.3408599,45.1020468],[-64.3410952,45.1018313],[-64.3412835,45.1016712],[-64.3413985,45.1016047],[-64.3415179,45.1015554],[-64.3416305,45.1015253],[-64.3417639,45.1015112],[-64.3418787,45.1015187],[-64.3419888,45.1015362],[-64.3422374,45.1016042],[-64.3424296,45.1016445],[-64.3426574,45.101682],[-64.3427697,45.1016942],[-64.342904,45.1017065],[-64.343081,45.1017011],[-64.3431906,45.1016803],[-64.3433752,45.1016343],[-64.3436255,45.1015666],[-64.3445922,45.1013273],[-64.3448824,45.1012673],[-64.3451854,45.101225],[-64.3459555,45.1011407],[-64.3460886,45.1011128],[-64.346228,45.1010715],[-64.3463186,45.1010327],[-64.3464203,45.1009796],[-64.3465901,45.1008787],[-64.347992,45.1000539],[-64.3482615,45.0998967],[-64.3486228,45.0996867],[-64.3494483,45.0992033],[-64.3497133,45.0990441],[-64.3498217,45.0989758],[-64.3500424,45.0988363],[-64.3501843,45.0987354],[-64.350261,45.0986691],[-64.3504047,45.0985344],[-64.3507002,45.0982258],[-64.3509731,45.0979416],[-64.3511076,45.0978246],[-64.3512148,45.0977589],[-64.3513415,45.0976997],[-64.3515008,45.0976386],[-64.3516182,45.0976048],[-64.3517822,45.097566],[-64.3520995,45.0974929],[-64.3523068,45.0974417],[-64.3524653,45.0973933],[-64.3526133,45.0973295],[-64.3527246,45.0972746],[-64.3530381,45.0971014],[-64.353272,45.0969624],[-64.3533761,45.0968764],[-64.3534435,45.0968102],[-64.3534937,45.0967185],[-64.3535087,45.0966516],[-64.3535048,45.0965876],[-64.3534885,45.0965013],[-64.3534898,45.0964124],[-64.3535038,45.0962904],[-64.3535085,45.096188],[-64.3534738,45.0958724],[-64.3534748,45.0957331],[-64.3534959,45.0952369],[-64.3534859,45.0949119],[-64.3534918,45.0947356],[-64.3535074,45.0946156],[-64.3535421,45.0945277],[-64.3535908,45.0944578],[-64.3536594,45.0943911],[-64.3538112,45.0942776],[-64.3542363,45.0939983],[-64.3552755,45.0933219],[-64.3554635,45.0931955],[-64.3555449,45.0931291]]},"properties":{"bicycle":"yes","foot":"yes","highway":"track","lanes":"1","motor_vehicle":"private","surface":"unpaved","tracktype":"grade2"}},
{"type":"Feature","geometry":{"type":"LineString","coordinates":[[-64.3372592,45.1127014],[-64.3373898,45.112629],[-64.3375732,45.1125024],[-64.3376789,45.1124057],[-64.3377659,45.1123217],[-64.3378142,45.1122536],[-64.3378272,45.1122091],[-64.3378197,45.1121344],[-64.33779,45.1120585],[-64.3377473,45.111953],[-64.3375232,45.1114641],[-64.3373296,45.1110627],[-64.3372693,45.1108967],[-64.3370892,45.1102687],[-64.337042,45.1101675],[-64.3369593,45.1100549],[-64.3368766,45.1099716],[-64.3367245,45.1098538],[-64.3365266,45.1097297],[-64.3364646,45.1096693],[-64.336401,45.1095911],[-64.3363694,45.1095205],[-64.3363528,45.1093374],[-64.3363647,45.1090186],[-64.3364083,45.1089075],[-64.3368515,45.1081288],[-64.3370644,45.1077313],[-64.337143,45.1075688],[-64.3371766,45.1074093],[-64.3371442,45.1072559],[-64.3370154,45.1069889],[-64.3367802,45.1064451],[-64.336536,45.1059029],[-64.3361898,45.1053553],[-64.335886,45.1046654],[-64.3354861,45.1038895],[-64.3354333,45.1037752],[-64.3354142,45.1036674],[-64.3354313,45.1035841],[-64.3354829,45.1035195],[-64.3356298,45.1033899],[-64.3357819,45.1033107],[-64.3359886,45.103251],[-64.3367328,45.1031697],[-64.337296,45.103124],[-64.3383128,45.1030498],[-64.3392221,45.1029844],[-64.3396777,45.1029337],[-64.339943,45.1028866],[-64.3400632,45.1028539],[-64.3401923,45.1027847],[-64.3402878,45.1027076],[-64.3409627,45.102085],[-64.341303,45.101781],[-64.3414428,45.1016805],[-64.3415321,45.1016406],[-64.3416378,45.1016149],[-64.341768,45.1016049],[-64.3419334,45.1016256],[-64.3422845,45.1017065],[-64.3425786,45.1017605],[-64.3427858,45.1017887],[-64.3429003,45.101798],[-64.343012,45.1017977],[-64.3431431,45.1017783],[-64.3433176,45.1017398],[-64.3440583,45.1015483],[-64.3445644,45.1014131],[-64.3448527,45.1013591],[-64.3451021,45.1013361],[-64.3452697,45.1013431],[-64.3454047,45.1013398],[-64.3455663,45.1013254],[-64.3457777,45.1012866],[-64.3460835,45.1012129],[-64.3463208,45.1011311],[-64.3465554,45.101021],[-64.3468428,45.100855],[-64.3477854,45.1002942],[-64.3485341,45.0998699],[-64.3493549,45.0993721],[-64.3500211,45.0989709],[-64.3501905,45.0988562],[-64.350311,45.0987571],[-64.3504134,45.098672],[-64.3505056,45.0985883],[-64.3509384,45.0981249],[-64.3511702,45.097906],[-64.3512751,45.0978272],[-64.3513767,45.097775],[-64.3515026,45.0977309],[-64.351656,45.0976855],[-64.3518333,45.097643],[-64.3523415,45.0975224],[-64.3525224,45.0974723],[-64.3527165,45.0973982],[-64.3529431,45.0972831],[-64.3531603,45.097168],[-64.3533468,45.09705],[-64.3535157,45.0969122],[-64.3536118,45.0967902],[-64.3536535,45.0966727],[-64.353657,45.0965264],[-64.3536478,45.0961209],[-64.3536473,45.0959835],[-64.3536568,45.0958058],[-64.3536486,45.0953708],[-64.3536448,45.0952251],[-64.3536366,45.0951019],[-64.3536241,45.0949706],[-64.3536179,45.0948687],[-64.3536274,45.0947032],[-64.3536458,45.0945939],[-64.3536807,45.0945093],[-64.3537886,45.0944147],[-64.3540901,45.0942084],[-64.3545743,45.0938943],[-64.3551498,45.0935356],[-64.355281,45.0934548],[-64.3553942,45.0933907],[-64.355555,45.0932877],[-64.3556273,45.093238],[-64.3556847,45.0931854]]},"properties":{"alt_name":"WIkewire Dyke","embankment":"dyke","highway":"footway","man_made":"dyke","name":"Wickwire Dyke","surface":"grass"}},
{"type":"Feature","geometry":{"type":"LineString","coordinates":[[-64.3667569,45.0885447],[-64.3669854,45.0885216],[-64.3673131,45.0884548],[-64.3675083,45.0883771],[-64.3676847,45.0883046]]},"properties":{"highway":"footway","surface":"asphalt"}},
{"type":"Feature","geometry":{"type":"LineString","coordinates":[[-64.3639931,45.0869612],[-64.3634115,45.0870678]]},"properties":{"highway":"service","service":"parking_aisle","surface":"asphalt"}},
{"type":"Feature","geometry":{"type":"LineString","coordinates":[[-64.3670691,45.0882611],[-64.3670124,45.0880401],[-64.3669999,45.0879549]]},"properties":{"highway":"footway","surface":"concrete"}},
{"type":"Feature","geometry":{"type":"LineString","coordinates":[[-64.3676029,45.0879737],[-64.3676168,45.0880275],[-64.3676357,45.0881046],[-64.3676847,45.0883046]]},"properties":{"highway":"service","service":"driveway","surface":"asphalt"}},
{"type":"Feature","geometry":{"type":"LineString","coordinates":[[-64.3663777,45.0881294],[-64.3663184,45.0879492],[-64.3662947,45.087877400000007],[-64.3662864,45.0878548]]},"properties":{"highway":"footway","surface":"asphalt"}},
{"type":"Feature","geometry":{"type":"LineString","coordinates":[[-64.3670533,45.0876773],[-64.3669566,45.0873834]]},"properties":{"highway":"footway","surface":"asphalt"}},
{"type":"Feature","geometry":{"type":"LineString","coordinates":[[-64.3675671,45.0886382],[-64.3673062,45.0887769],[-64.3671349,45.0888875]]},"properties":{"highway":"footway","surface":"concrete"}},
{"type":"Feature","geometry":{"type":"LineString","coordinates":[[-64.3677813,45.0880003],[-64.3676168,45.0880275],[-64.3674626,45.0882477],[-64.3673131,45.0884548],[-64.3671553,45.088653],[-64.3668824,45.0889212]]},"properties":{"highway":"footway","surface":"asphalt"}},
{"type":"Feature","geometry":{"type":"LineString","coordinates":[[-64.3673356,45.0882246],[-64.3670691,45.0882611]]},"properties":{"highway":"footway","surface":"asphalt"}},
{"type":"Feature","geometry":{"type":"LineString","coordinates":[[-64.3663923,45.0889946],[-64.3665624,45.0887944],[-64.3667569,45.0885447],[-64.3668588,45.0884236],[-64.366984,45.0882711]]},"properties":{"highway":"footway","surface":"asphalt"}},
{"type":"Feature","geometry":{"type":"LineString","coordinates":[[-64.3655093,45.0889966],[-64.3656167,45.0890137],[-64.3657727,45.0890085],[-64.3661293,45.0889782],[-64.3662052,45.0889105],[-64.3662809,45.0888492],[-64.3663334,45.0887919],[-64.3664004,45.0887224]]},"properties":{"highway":"footway","surface":"asphalt"}},
{"type":"Feature","geometry":{"type":"LineString","coordinates":[[-64.3667569,45.0885447],[-64.3663801,45.0886493],[-64.3663425,45.0886556]]},"properties":{"highway":"footway","surface":"concrete"}},
{"type":"Feature","geometry":{"type":"LineString","coordinates":[[-64.3667062,45.0883079],[-64.3668242,45.0882898],[-64.366984,45.0882711],[-64.3670691,45.0882611],[-64.3673131,45.0884548],[-64.3674477,45.0885307],[-64.3675671,45.0886382]]},"properties":{"highway":"footway","surface":"concrete"}},
{"type":"Feature","geometry":{"type":"LineString","coordinates":[[-64.3673131,45.0884548],[-64.3673356,45.0882246]]},"properties":{"highway":"footway","surface":"asphalt"}},
{"type":"Feature","geometry":{"type":"LineString","coordinates":[[-64.3669357,45.0890381],[-64.3669255,45.0890059],[-64.3668824,45.0889212],[-64.3667569,45.0885447],[-64.3667062,45.0883079]]},"properties":{"highway":"footway","surface":"asphalt"}},
{"type":"Feature","geometry":{"type":"LineString","coordinates":[[-64.3674153,45.0888796],[-64.3673062,45.0887769],[-64.3671553,45.088653],[-64.3669854,45.0885216],[-64.3668588,45.0884236],[-64.3667062,45.0883079],[-64.3663777,45.0881294],[-64.3662404,45.0880869],[-64.3660576,45.0880615],[-64.3659652,45.0880639],[-64.3657686,45.0880541]]},"properties":{"highway":"footway","surface":"asphalt"}},
{"type":"Feature","geometry":{"type":"LineString","coordinates":[[-64.3634686,45.0872159],[-64.3634115,45.0870678],[-64.3633638,45.0869093],[-64.3639381,45.0867985],[-64.3639931,45.0869612],[-64.3640503,45.0871205]]},"properties":{"highway":"service","service":"parking_aisle","surface":"asphalt"}},
{"type":"Feature","geometry":{"type":"LineString","coordinates":[[-64.367674,45.087664],[-64.3674046,45.0877052],[-64.367074,45.0877491],[-64.3670023,45.0877592],[-64.3668724,45.0877747]]},"properties":{"highway":"footway","surface":"concrete"}},
{"type":"Feature","geometry":{"type":"LineString","coordinates":[[-64.3641487,45.0878727],[-64.3645971,45.087785],[-64.364634,45.0877772]]},"properties":{"highway":"service","surface":"asphalt"}},
{"type":"Feature","geometry":{"type":"LineString","coordinates":[[-64.364019,45.087757],[-64.3640266,45.0876655],[-64.3640281,45.0876587],[-64.3640339,45.0876319],[-64.3640579,45.0875917],[-64.3640881,45.0875637],[-64.3641287,45.0875341]]},"properties":{"highway":"footway","surface":"concrete"}},
{"type":"Feature","geometry":{"type":"LineString","coordinates":[[-64.3648055,45.0881647],[-64.3655016,45.0880526],[-64.3656456,45.0880277],[-64.3657489,45.088019]]},"properties":{"highway":"service","service":"driveway","surface":"asphalt"}},
{"type":"Feature","geometry":{"type":"LineString","coordinates":[[-64.3674177,45.0868837],[-64.3671129,45.0869343],[-64.3663251,45.0870624],[-64.3661029,45.087099],[-64.3660968,45.0871313],[-64.366073,45.087161],[-64.3660643,45.0871906],[-64.3660612,45.0872498],[-64.3660979,45.0873936],[-64.3661289,45.0875152]]},"properties":{"highway":"service","service":"driveway","surface":"asphalt"}},
{"type":"Feature","geometry":{"type":"LineString","coordinates":[[-64.3639313,45.0887577],[-64.3639883,45.0889228],[-64.3642605,45.0888839],[-64.3642508,45.08885],[-64.3642123,45.0887154],[-64.3639313,45.0887577],[-64.3638491,45.088768],[-64.3638359,45.0887696],[-64.3637504,45.0887784]]},"properties":{"highway":"service","service":"parking_aisle","surface":"asphalt"}},
{"type":"Feature","geometry":{"type":"LineString","coordinates":[[-64.3644849,45.087313],[-64.364082,45.0873834],[-64.3640358,45.087395]]},"properties":{"highway":"footway","surface":"concrete"}},
{"type":"Feature","geometry":{"type":"LineString","coordinates":[[-64.3665667,45.0890052],[-64.3663923,45.0889946],[-64.3661293,45.0889782]]},"properties":{"highway":"footway","surface":"asphalt"}},
{"type":"Feature","geometry":{"type":"LineString","coordinates":[[-64.365211,45.0894904],[-64.3653695,45.0894757],[-64.3656932,45.0894446],[-64.3659294,45.0894222],[-64.3659839,45.0894128],[-64.3660167,45.0893995],[-64.3660584,45.0893692],[-64.3660944,45.0893298],[-64.3662629,45.0891297]]},"properties":{"footway":"sidewalk","highway":"footway","is_sidepath:of:name":"Acadia Street","surface":"concrete"}},
{"type":"Feature","geometry":{"type":"LineString","coordinates":[[-64.3646209,45.0877279],[-64.3645776,45.0877237],[-64.3645367,45.0877152],[-64.3644906,45.0877048],[-64.3643882,45.087674],[-64.3642937,45.0876306],[-64.3641934,45.0875847],[-64.3641421,45.087548],[-64.3641287,45.0875341],[-64.3640993,45.087478]]},"properties":{"highway":"footway","surface":"asphalt"}},
{"type":"Feature","geometry":{"type":"LineString","coordinates":[[-64.365846,45.0892038],[-64.3659021,45.0891882]]},"properties":{"highway":"footway","surface":"concrete"}},
{"type":"Feature","geometry":{"type":"LineString","coordinates":[[-64.3637474,45.0876199],[-64.3634774,45.0876508],[-64.3633868,45.0876612]]},"properties":{"highway":"service","service":"parking_aisle","surface":"asphalt"}},
{"type":"Feature","geometry":{"type":"LineString","coordinates":[[-64.3656309,45.087596],[-64.3657481,45.0879689],[-64.3657489,45.088019],[-64.3657686,45.0880541],[-64.3658102,45.0881913],[-64.3658489,45.0883475],[-64.3659243,45.0885446],[-64.3659316,45.088586],[-64.3659241,45.0886425],[-64.3658848,45.0886766],[-64.3657938,45.0887203],[-64.3657289,45.0887401],[-64.3656185,45.0887806],[-64.3655572,45.0888212],[-64.3655365,45.0888622],[-64.3655348,45.0889453],[-64.3655093,45.0889966],[-64.3654581,45.0890183],[-64.3653962,45.0890376],[-64.3653275,45.089054]]},"properties":{"foot":"yes","highway":"service","oneway":"no","service":"driveway","surface":"asphalt"}},
{"type":"Feature","geometry":{"type":"LineString","coordinates":[[-64.3656932,45.0894446],[-64.3657998,45.0893082],[-64.3658238,45.0892855],[-64.3658389,45.0892737],[-64.3658642,45.0892609],[-64.3658842,45.0892462],[-64.3658937,45.0892286],[-64.3659021,45.0891882],[-64.3659194,45.089159],[-64.3661293,45.0889782]]},"properties":{"highway":"footway","surface":"concrete"}},
{"type":"Feature","geometry":{"type":"LineString","coordinates":[[-64.3646523,45.0896641],[-64.3646906,45.0896547],[-64.3648741,45.0895941]]},"properties":{"highway":"footway","surface":"concrete"}},
{"type":"Feature","geometry":{"type":"LineString","coordinates":[[-64.366073,45.087161],[-64.3655146,45.0872436],[-64.3654948,45.0872469],[-64.3651117,45.0873101],[-64.3645887,45.0873955],[-64.3645199,45.0874081]]},"properties":{"highway":"service","service":"driveway","surface":"asphalt"}},
{"type":"Feature","geometry":{"type":"LineString","coordinates":[[-64.3638878,45.0854658],[-64.3639296,45.085558],[-64.3640034,45.0857423],[-64.3641897,45.0862788]]},"properties":{"highway":"service","service":"parking_aisle","surface":"unpaved"}},
{"type":"Feature","geometry":{"type":"LineString","coordinates":[[-64.3660576,45.0880615],[-64.3659556,45.0879981]]},"properties":{"highway":"footway","surface":"asphalt"}},
{"type":"Feature","geometry":{"type":"LineString","coordinates":[[-64.3671129,45.0869343],[-64.3671597,45.0870761],[-64.3671913,45.0871138],[-64.367378,45.0872352],[-64.3674504,45.0873048]]},"properties":{"highway":"footway","surface":"asphalt"}},
{"type":"Feature","geometry":{"type":"LineString","coordinates":[[-64.3674478,45.0894509],[-64.3675049,45.0893443],[-64.3675176,45.0892009]]},"properties":{"highway":"service","service":"driveway","surface":"asphalt"}},
{"type":"Feature","geometry":{"type":"LineString","coordinates":[[-64.3648845,45.0895372],[-64.3648741,45.0895941],[-64.3649723,45.08969],[-64.3647831,45.0897049]]},"properties":{"highway":"footway","surface":"concrete"}},
{"type":"Feature","geometry":{"type":"LineString","coordinates":[[-64.3655844,45.0855668],[-64.3655785,45.0854063],[-64.3655818,45.0852372],[-64.3656428,45.0851314]]},"properties":{"highway":"service","service":"parking_aisle","surface":"unpaved"}},
{"type":"Feature","geometry":{"type":"LineString","coordinates":[[-64.3671553,45.088653],[-64.3674477,45.0885307],[-64.3675433,45.088509]]},"properties":{"highway":"footway","surface":"concrete"}},
{"type":"Feature","geometry":{"type":"LineString","coordinates":[[-64.3676028,45.0889319],[-64.3679403,45.0889266],[-64.3680791,45.0889116]]},"properties":{"highway":"footway","surface":"concrete"}},
{"type":"Feature","geometry":{"type":"LineString","coordinates":[[-64.3632771,45.0851898],[-64.3634276,45.0855585]]},"properties":{"highway":"service","service":"parking_aisle","surface":"asphalt"}},
{"type":"Feature","geometry":{"type":"LineString","coordinates":[[-64.3668824,45.0889212],[-64.3665624,45.0887944],[-64.3664004,45.0887224],[-64.3663801,45.0886493],[-64.3662872,45.0885541],[-64.3661915,45.088493],[-64.3660868,45.0884407],[-64.3660425,45.0883247],[-64.3660101,45.0882037],[-64.3659652,45.0880639],[-64.3659556,45.0879981],[-64.3659394,45.0879379],[-64.3659306,45.0879143]]},"properties":{"highway":"footway","surface":"asphalt"}},
{"type":"Feature","geometry":{"type":"LineString","coordinates":[[-64.3678051,45.0893643],[-64.3676428,45.0892883],[-64.3675176,45.0892009],[-64.3674153,45.0888796]]},"properties":{"highway":"service","service":"driveway","surface":"asphalt"}},
{"type":"Feature","geometry":{"type":"LineString","coordinates":[[-64.365877,45.0861998],[-64.366012,45.0859936],[-64.3662155,45.0857624],[-64.3663845,45.0855841]]},"properties":{"highway":"service","service":"driveway","surface":"asphalt"}},
{"type":"Feature","geometry":{"type":"LineString","coordinates":[[-64.3654943,45.0866884],[-64.365558,45.0868734],[-64.3657344,45.0869435],[-64.3659896,45.0870669],[-64.3661029,45.087099]]},"properties":{"highway":"footway","surface":"asphalt"}},
{"type":"Feature","geometry":{"type":"LineString","coordinates":[[-64.3671045,45.0895919],[-64.3670487,45.0893698],[-64.3670232,45.0892981]]},"properties":{"foot":"designated","highway":"steps","incline":"up","surface":"concrete"}},
{"type":"Feature","geometry":{"type":"LineString","coordinates":[[-64.3647726,45.0877414],[-64.3647838,45.0877103],[-64.364807,45.0876736],[-64.3651117,45.0873101]]},"properties":{"highway":"footway","surface":"asphalt"}},
{"type":"Feature","geometry":{"type":"LineString","coordinates":[[-64.3648551,45.089837],[-64.3649723,45.08969],[-64.3650683,45.0895881],[-64.3651321,45.0895273]]},"properties":{"highway":"footway","surface":"concrete"}},
{"type":"Feature","geometry":{"type":"LineString","coordinates":[[-64.3635891,45.0855279],[-64.3638878,45.0854658],[-64.3639758,45.0854472],[-64.3640219,45.0854407],[-64.3641095,45.085451],[-64.3641976,45.0854701],[-64.3642395,45.085493]]},"properties":{"highway":"service","surface":"asphalt"}},
{"type":"Feature","geometry":{"type":"LineString","coordinates":[[-64.3680799,45.089321],[-64.3676028,45.0889319],[-64.367543,45.088921],[-64.3674153,45.0888796]]},"properties":{"highway":"footway","surface":"asphalt"}},
{"type":"Feature","geometry":{"type":"LineString","coordinates":[[-64.3636614,45.0854395],[-64.3636102,45.0854047],[-64.3635428,45.0851548],[-64.3632771,45.0851898],[-64.3626646,45.0852704],[-64.3626085,45.0852838],[-64.3625212,45.0853046]]},"properties":{"highway":"service","service":"parking_aisle","surface":"asphalt"}},
{"type":"Feature","geometry":{"type":"LineString","coordinates":[[-64.3650683,45.0895881],[-64.3653317,45.0895853],[-64.365703,45.0895697],[-64.3658477,45.0895574],[-64.3660111,45.0895347],[-64.366413,45.0894577],[-64.3666486,45.0894206],[-64.3670487,45.0893698],[-64.3671867,45.0893507]]},"properties":{"highway":"footway","surface":"asphalt"}},
{"type":"Feature","geometry":{"type":"LineString","coordinates":[[-64.3658883,45.0851503],[-64.3658136,45.0852486],[-64.3657694,45.0853315],[-64.3657419,45.0854328],[-64.3657203,45.0855771],[-64.3657127,45.0856544],[-64.3657251,45.0857847],[-64.3658026,45.0860525],[-64.365877,45.0861998],[-64.3659156,45.0864749],[-64.3659277,45.0865492],[-64.3659607,45.0866666],[-64.3660072,45.0868044],[-64.3660965,45.0870614],[-64.3661029,45.087099]]},"properties":{"highway":"service","service":"driveway","surface":"asphalt"}},
{"type":"Feature","geometry":{"type":"LineString","coordinates":[[-64.3643294,45.0895548],[-64.3644546,45.0896095],[-64.3646523,45.0896641],[-64.3647831,45.0897049],[-64.3648551,45.089837]]},"properties":{"highway":"footway","surface":"concrete"}},
{"type":"Feature","geometry":{"type":"LineString","coordinates":[[-64.3664591,45.0910093],[-64.366437,45.0909459],[-64.3663807,45.0907286],[-64.3663545,45.0905008],[-64.3663679,45.0903335],[-64.3664235,45.0901709],[-64.3664717,45.090089999999999],[-64.3665515,45.0900071],[-64.3667748,45.0898207],[-64.3669998,45.0896601],[-64.3671045,45.0895919],[-64.3672734,45.0895101],[-64.3674478,45.0894509],[-64.3678051,45.0893643],[-64.3680799,45.089321],[-64.3682114,45.0893027]]},"properties":{"highway":"service","name":"Perkin Way","surface":"asphalt"}},
{"type":"Feature","geometry":{"type":"LineString","coordinates":[[-64.3735218,45.0991673],[-64.3735957,45.0992018],[-64.373889,45.0992832],[-64.3741683,45.0993551],[-64.3742931,45.0993802],[-64.3744481,45.0993927],[-64.3746068,45.0993887],[-64.3749022,45.099354],[-64.3757734,45.0992295],[-64.3767613,45.0991013],[-64.3776012,45.0989979],[-64.3779536,45.0989538],[-64.3788805,45.0988681],[-64.3806364,45.0986812],[-64.3809256,45.0986437],[-64.3811879,45.0985659],[-64.3820126,45.098129],[-64.3831551,45.0975331],[-64.384271,45.0969393],[-64.3845242,45.0968149],[-64.3847952,45.0966773],[-64.385051,45.0965277],[-64.3852082,45.0963957],[-64.3853015,45.0962743],[-64.3853549,45.0961651],[-64.3853867,45.0959564],[-64.3854453,45.0957833],[-64.3855427,45.0956046],[-64.3859272,45.0951416],[-64.3865456,45.0944577],[-64.3872376,45.0937006],[-64.3873901,45.0934984],[-64.3875388,45.0933257],[-64.3876612,45.0932122],[-64.3879073,45.0930464],[-64.3883578,45.0928027],[-64.389973,45.0919722],[-64.3902322,45.0918144],[-64.3903812,45.0916641],[-64.39044,45.0914767],[-64.3904791,45.0910942],[-64.3905067,45.0905662],[-64.3905318,45.0904847],[-64.3905762,45.0904227],[-64.3906543,45.0903569],[-64.3908167,45.0902996],[-64.3910088,45.0902632],[-64.3913459,45.0902321],[-64.3916395,45.090227],[-64.3918209,45.090257],[-64.3920812,45.0903253],[-64.3922975,45.090445],[-64.3925467,45.0906599],[-64.3928373,45.0911712],[-64.3929666,45.091318],[-64.3931321,45.0914277],[-64.3934109,45.0915034],[-64.3940285,45.0916186],[-64.3943522,45.0916411],[-64.3946907,45.0916293],[-64.3951494,45.09157],[-64.3953943,45.0915537],[-64.3955829,45.0915952],[-64.3957386,45.0916692],[-64.3961021,45.0919215],[-64.3963087,45.0919966],[-64.3966258,45.0920539],[-64.3970845,45.0921112],[-64.3973409,45.0921583],[-64.3975842,45.0922565],[-64.3980433,45.0926784],[-64.398527,45.0931548],[-64.3991494,45.0937377],[-64.3994034,45.0939247],[-64.3997858,45.0941904],[-64.4008959,45.0949549],[-64.4010944,45.0950847],[-64.4012666,45.0951679],[-64.4014879,45.0952537],[-64.4018375,45.0953658],[-64.4022181,45.0954582],[-64.4025612,45.0954963],[-64.4030962,45.0955082],[-64.4033687,45.0954919],[-64.4037,45.0954516],[-64.4042885,45.0953385],[-64.4046707,45.095257],[-64.4049646,45.0951656],[-64.4052132,45.0950392],[-64.4055129,45.0948134],[-64.405711,45.0946692],[-64.405855,45.0945382],[-64.4059554,45.0944239]]},"properties":{"bicycle":"yes","embankment":"yes","foot":"yes","highway":"path","man_made":"dyke","name":"Bishop-Beckwith Dyke","segregated":"no","surface":"dirt"}},
{"type":"Feature","geometry":{"type":"LineString","coordinates":[[-64.3639613,45.0924394],[-64.3638996,45.0924426],[-64.3637632,45.0924498],[-64.3636926,45.0924538],[-64.3635736,45.0924626],[-64.3634614,45.0924762],[-64.3634241,45.0924791],[-64.363294,45.0924937],[-64.3631416,45.0925039],[-64.3629883,45.0924943],[-64.362847,45.0924801],[-64.3627,45.0924654],[-64.3626008,45.0924552],[-64.3625103,45.092451],[-64.3624371,45.0924521],[-64.3623873,45.0924587],[-64.3623017,45.0924916]]},"properties":{"highway":"service","surface":"asphalt"}},
{"type":"Feature","geometry":{"type":"LineString","coordinates":[[-64.361314,45.0915475],[-64.3613036,45.0914951],[-64.3612809,45.0913775],[-64.3612494,45.0912332],[-64.3612443,45.0911933],[-64.3612422,45.0911722],[-64.361241,45.0911603],[-64.3612236,45.091054],[-64.361212,45.0910401],[-64.36118,45.0910314],[-64.361124,45.0910308]]},"properties":{"highway":"service","service":"driveway","surface":"asphalt"}},
{"type":"Feature","geometry":{"type":"LineString","coordinates":[[-64.3636926,45.0924538],[-64.3636239,45.0920876],[-64.3636141,45.0920359]]},"properties":{"highway":"service","service":"parking_aisle","surface":"asphalt"}},
{"type":"Feature","geometry":{"type":"LineString","coordinates":[[-64.3634614,45.0924762],[-64.3634237,45.0922717],[-64.3633935,45.0921078],[-64.3633845,45.0920589]]},"properties":{"highway":"service","service":"parking_aisle","surface":"asphalt"}},
{"type":"Feature","geometry":{"type":"LineString","coordinates":[[-64.362847,45.0924801],[-64.3628265,45.0923734],[-64.3627865,45.0921657],[-64.3627773,45.092120799999999]]},"properties":{"highway":"service","service":"parking_aisle","surface":"asphalt"}},
{"type":"Feature","geometry":{"type":"LineString","coordinates":[[-64.3640356,45.0926807],[-64.3639758,45.0926735],[-64.3639498,45.0926703],[-64.3638668,45.0926626],[-64.3638262,45.0926554],[-64.363795,45.0926377],[-64.3637726,45.0925769],[-64.3637709,45.0925539],[-64.3637632,45.0924498]]},"properties":{"highway":"service","service":"parking_aisle","surface":"asphalt"}},
{"type":"Feature","geometry":{"type":"LineString","coordinates":[[-64.3645224,45.0937264],[-64.3645706,45.0938442],[-64.3645903,45.0938921],[-64.3646361,45.0939199],[-64.3648867,45.0940779],[-64.3651666,45.0940324]]},"properties":{"highway":"service","surface":"asphalt"}},
{"type":"Feature","geometry":{"type":"LineString","coordinates":[[-64.3646361,45.0939199],[-64.364347,45.0939611],[-64.3641833,45.0939845],[-64.3642375,45.0941679],[-64.3648867,45.0940779]]},"properties":{"highway":"service","service":"parking_aisle","surface":"asphalt"}},
{"type":"Feature","geometry":{"type":"LineString","coordinates":[[-64.3565396,45.092465],[-64.3565602,45.0924836],[-64.3565872,45.0924903],[-64.3566101,45.0924899],[-64.3570071,45.0924505],[-64.3574572,45.0923996],[-64.3574335,45.0922385],[-64.3564906,45.0923292]]},"properties":{"highway":"service","service":"parking_aisle","surface":"asphalt"}},
{"type":"Feature","geometry":{"type":"LineString","coordinates":[[-64.3599419,45.0927093],[-64.3598929,45.092716],[-64.3598542,45.0927211],[-64.359838,45.0927233],[-64.3597886,45.0927344],[-64.3597642,45.0927536],[-64.3597479,45.0927784],[-64.3597407,45.0928317],[-64.3597458,45.0928688],[-64.3597555,45.0929133],[-64.3597733,45.0929502],[-64.3598078,45.0929856],[-64.3598424,45.0930095],[-64.3599136,45.0930325],[-64.3599749,45.093036]]},"properties":{"highway":"service","service":"parking_aisle","surface":"asphalt"}},
{"type":"Feature","geometry":{"type":"LineString","coordinates":[[-64.359912,45.092555],[-64.3599993,45.0925579],[-64.3601568,45.0925631],[-64.3604673,45.0925777],[-64.3606148,45.0925846],[-64.3610838,45.0926125],[-64.3615032,45.0926416],[-64.3616288,45.0926716],[-64.3616898,45.092702]]},"properties":{"highway":"service","service":"driveway","surface":"asphalt"}},
{"type":"Feature","geometry":{"type":"LineString","coordinates":[[-64.3616898,45.092702],[-64.3616808,45.092834],[-64.362211,45.0928165],[-64.3624304,45.092814]]},"properties":{"highway":"service","service":"parking_aisle","surface":"asphalt"}},
{"type":"Feature","geometry":{"type":"LineString","coordinates":[[-64.3623403,45.0914439],[-64.3623237,45.0913801],[-64.362294,45.0912626],[-64.3619776,45.0912728],[-64.3616492,45.0913299],[-64.3616541,45.091452],[-64.3616549,45.0915116]]},"properties":{"highway":"service","oneway":"yes","service":"parking_aisle","surface":"asphalt"}},
{"type":"Feature","geometry":{"type":"LineString","coordinates":[[-64.36494449999999,45.0911741],[-64.3649608,45.0912302],[-64.3649945,45.0913463],[-64.3650723,45.0916001],[-64.3651179,45.0917535],[-64.3651716,45.0918595],[-64.3653057,45.0918595],[-64.365413,45.0918216],[-64.3653472,45.0917156],[-64.3652574,45.091405],[-64.3652261,45.0912592],[-64.3652115,45.0912037],[-64.3651962,45.0911455]]},"properties":{"highway":"service","service":"parking_aisle","surface":"asphalt"}},
{"type":"Feature","geometry":{"type":"LineString","coordinates":[[-64.3656635,45.0926738],[-64.3656302,45.0924446],[-64.3655605,45.0921625],[-64.3654988,45.091903],[-64.365413,45.0918216]]},"properties":{"highway":"service","service":"driveway","surface":"asphalt"}},
{"type":"Feature","geometry":{"type":"LineString","coordinates":[[-64.3592289,45.091761],[-64.3592389,45.0918326],[-64.3592752,45.0920915],[-64.35961,45.092094],[-64.3597182,45.0920839],[-64.3597591,45.0920799],[-64.3598326,45.0920726]]},"properties":{"highway":"service","service":"parking_aisle","surface":"asphalt"}},
{"type":"Feature","geometry":{"type":"LineString","coordinates":[[-64.35961,45.092094],[-64.3596483,45.0922845],[-64.3596534,45.0923005],[-64.3596681,45.0923138],[-64.3596863,45.0923206],[-64.3597148,45.0923216],[-64.3598035,45.0923161],[-64.3598691,45.092312]]},"properties":{"highway":"service","service":"parking_aisle","surface":"asphalt"}},
{"type":"Feature","geometry":{"type":"LineString","coordinates":[[-64.3539739,45.0910518],[-64.3539206,45.0910164],[-64.3537925,45.0909271],[-64.3536243,45.0908415],[-64.3534806,45.0908235],[-64.3533311,45.0908201],[-64.3531851,45.0908119],[-64.3530686,45.0907872],[-64.352871,45.0907315],[-64.3525909,45.0906459],[-64.3524454,45.0905996],[-64.3523255,45.0905475],[-64.3521707,45.0904773]]},"properties":{"bicycle":"designated","foot":"designated","highway":"path","name":"Millenium Trail","segregated":"no","surface":"gravel"}},
{"type":"Feature","geometry":{"type":"LineString","coordinates":[[-64.3521707,45.0904773],[-64.3521769,45.090554],[-64.3521774,45.090632],[-64.3521638,45.0907217],[-64.35207,45.0909602]]},"properties":{"highway":"service","service":"parking_aisle","surface":"unpaved"}},
{"type":"Feature","geometry":{"type":"LineString","coordinates":[[-64.3687424,45.0907059],[-64.3687739,45.0907459],[-64.3688358,45.0908029],[-64.3689097,45.0908599],[-64.3689394,45.0908926],[-64.3689904,45.0909961],[-64.3689857,45.091161],[-64.3689597,45.0913241],[-64.3689605,45.0913651]]},"properties":{"highway":"footway","surface":"asphalt"}},
{"type":"Feature","geometry":{"type":"LineString","coordinates":[[-64.3692374,45.0916941],[-64.3691197,45.0917188],[-64.3689338,45.091751],[-64.3688554,45.0917645]]},"properties":{"highway":"footway","surface":"concrete"}},
{"type":"Feature","geometry":{"type":"LineString","coordinates":[[-64.3693093,45.0919226],[-64.3692146,45.0918929],[-64.3692068,45.0918898],[-64.3689818,45.0917735],[-64.3689338,45.091751]]},"properties":{"highway":"footway","surface":"asphalt"}},
{"type":"Feature","geometry":{"type":"LineString","coordinates":[[-64.3689864,45.0905966],[-64.3690091,45.0906614],[-64.3690776,45.0908568],[-64.3691352,45.0910654],[-64.3690464,45.091217],[-64.3690745,45.0913456],[-64.3692374,45.0916941],[-64.369266,45.0917575]]},"properties":{"highway":"service","surface":"asphalt"}},
{"type":"Feature","geometry":{"type":"LineString","coordinates":[[-64.3664591,45.0910093],[-64.3664868,45.0910695],[-64.3665235,45.0911419],[-64.3665644,45.0911852],[-64.3666179,45.0912106],[-64.3666876,45.091214],[-64.3667588,45.0912019],[-64.3667877,45.0911967],[-64.3669489,45.0911672],[-64.3672182,45.0911243],[-64.3674797,45.0911255],[-64.3676823,45.09109],[-64.3679162,45.0910469],[-64.3681381,45.0910162],[-64.3683528,45.0909821],[-64.3685035,45.0909512],[-64.368574,45.090933],[-64.3686098,45.0909312],[-64.36864,45.0909503],[-64.3686637,45.0910305],[-64.3686848,45.0910948],[-64.368728,45.0911462],[-64.3687954,45.0911939],[-64.3688673,45.0912345],[-64.3689597,45.0913241],[-64.3690745,45.0913456]]},"properties":{"highway":"service","service":"driveway","surface":"asphalt"}},
{"type":"Feature","geometry":{"type":"LineString","coordinates":[[-64.3682624,45.0874675],[-64.3682572,45.0874527],[-64.3682441,45.087411]]},"properties":{"highway":"footway","surface":"unpaved"}},
{"type":"Feature","geometry":{"type":"LineString","coordinates":[[-64.3683787,45.0873177],[-64.3683061,45.0873293],[-64.3682618,45.087336]]},"properties":{"highway":"footway","surface":"unpaved"}},
{"type":"Feature","geometry":{"type":"LineString","coordinates":[[-64.3681853,45.0873489],[-64.368141,45.087356],[-64.3680767,45.0873663]]},"properties":{"highway":"footway","surface":"unpaved"}},
{"type":"Feature","geometry":{"type":"LineString","coordinates":[[-64.3682154,45.0873161],[-64.3682007,45.0872707],[-64.3681748,45.0871909],[-64.3681635,45.087156],[-64.3681605,45.0871468],[-64.3680684,45.0868284]]},"properties":{"highway":"footway","surface":"unpaved"}},
{"type":"Feature","geometry":{"type":"LineString","coordinates":[[-64.3681605,45.0871468],[-64.3678865,45.0871892],[-64.367783,45.086845],[-64.3680257,45.0868096]]},"properties":{"highway":"footway","surface":"unpaved"}},
{"type":"Feature","geometry":{"type":"LineString","coordinates":[[-64.3681605,45.0871468],[-64.368426,45.0871041],[-64.3683725,45.0869296],[-64.3683555,45.0868736],[-64.3683218,45.0867688],[-64.3680992,45.0867976]]},"properties":{"highway":"footway","surface":"unpaved"}},
{"type":"Feature","geometry":{"type":"LineString","coordinates":[[-64.3680537,45.0867761],[-64.3680182,45.0866954],[-64.3680413,45.0866421],[-64.3680429,45.0866214],[-64.3680167,45.086591],[-64.3680013,45.0865312],[-64.3680274,45.0864496],[-64.3680413,45.0863735],[-64.3681353,45.086343],[-64.3681984,45.0862821],[-64.3682154,45.0862092],[-64.3682046,45.0861222],[-64.368163,45.0860689],[-64.3681045,45.0860461],[-64.3680506,45.0860385],[-64.3679889,45.0860482],[-64.3679366,45.086083],[-64.3678919,45.0861331],[-64.3678826,45.0861875],[-64.3678919,45.0862516],[-64.3679227,45.0863071],[-64.3679643,45.0863495],[-64.3680074,45.0863637],[-64.3680413,45.0863735]]},"properties":{"highway":"footway","surface":"unpaved"}},
{"type":"Feature","geometry":{"type":"LineString","coordinates":[[-64.3680551,45.0859953],[-64.3680526,45.0859742],[-64.3680105,45.0859743],[-64.3679289,45.0859656],[-64.3678688,45.0859482],[-64.3678287,45.0859221],[-64.3678151,45.0858676],[-64.3677995,45.0858072]]},"properties":{"highway":"footway","surface":"unpaved"}},
{"type":"Feature","geometry":{"type":"LineString","coordinates":[[-64.3668553,45.0852113],[-64.3667766,45.0852659],[-64.3667446,45.0852864],[-64.3667162,45.0853091],[-64.3666979,45.0853317],[-64.3666841,45.0853725],[-64.3666881,45.0853991],[-64.3666958,45.0854225],[-64.3667058,45.0854362],[-64.3667412,45.0854595],[-64.3667688,45.0854696],[-64.3668111,45.0854808],[-64.3668756,45.085479],[-64.3669425,45.0854604]]},"properties":{"highway":"service","service":"driveway","surface":"asphalt"}},
{"type":"Feature","geometry":{"type":"LineString","coordinates":[[-64.3677628,45.087947],[-64.3676029,45.0879737],[-64.3674559,45.0878853],[-64.3673681,45.0878572],[-64.3672987,45.0878506],[-64.3672307,45.0878482],[-64.3671237,45.0878619],[-64.3670633,45.0878814],[-64.3670497,45.0878972],[-64.3669999,45.0879549],[-64.3669443,45.0879814],[-64.3669209,45.0879857]]},"properties":{"highway":"service","service":"driveway","surface":"asphalt"}},
{"type":"Feature","geometry":{"type":"LineString","coordinates":[[-64.3649374,45.0886008],[-64.3649927,45.0885877],[-64.3650368,45.0885737],[-64.3651061,45.0885357],[-64.3651714,45.0884894],[-64.365204,45.0884619],[-64.3652142,45.0884292],[-64.365212,45.0883922],[-64.3652038,45.0883566],[-64.365202,45.0883141],[-64.3652281,45.0882772],[-64.3652848,45.0882295],[-64.3653824,45.0881796],[-64.3654474,45.0881457],[-64.3654806,45.0881175],[-64.3654995,45.0880841],[-64.3655016,45.0880526]]},"properties":{"highway":"service","service":"driveway","surface":"asphalt"}},
{"type":"Feature","geometry":{"type":"LineString","coordinates":[[-64.3637218,45.0879474],[-64.36359,45.0879687],[-64.3635088,45.0879818]]},"properties":{"highway":"service","surface":"asphalt"}},
{"type":"Feature","geometry":{"type":"LineString","coordinates":[[-64.3637218,45.0879474],[-64.3637131,45.0879203],[-64.3641387,45.0878461],[-64.3641487,45.0878727],[-64.3641966,45.0880131],[-64.3637689,45.0880823],[-64.3637218,45.0879474]]},"properties":{"highway":"service","service":"parking_aisle","surface":"asphalt"}},
{"type":"Feature","geometry":{"type":"LineString","coordinates":[[-64.3641387,45.0878461],[-64.3641007,45.0877432],[-64.364019,45.087757],[-64.3636746,45.0878142],[-64.3637131,45.0879203]]},"properties":{"highway":"service","service":"parking_aisle","surface":"asphalt"}},
{"type":"Feature","geometry":{"type":"LineString","coordinates":[[-64.366012,45.0859936],[-64.3658026,45.0860525],[-64.3655285,45.0860462],[-64.3653716,45.0860491],[-64.365209,45.0860616],[-64.3650597,45.0860897],[-64.3649202,45.08613],[-64.3648258,45.0861922],[-64.3647435,45.086275],[-64.3646938,45.0863859],[-64.3646566,45.0865511]]},"properties":{"highway":"service","service":"driveway","surface":"asphalt"}},
{"type":"Feature","geometry":{"type":"LineString","coordinates":[[-64.3648862,45.0869877],[-64.364813,45.0869469],[-64.3647586,45.0868618],[-64.3647263,45.0867632],[-64.3646566,45.0865511],[-64.3645573,45.0864129],[-64.3645341,45.0863309],[-64.3644941,45.0861898],[-64.3644232,45.0859129],[-64.3643868,45.085817],[-64.3643569,45.0857549],[-64.3643274,45.0856833],[-64.3642395,45.085493]]},"properties":{"highway":"footway","surface":"asphalt","width":"1"}},
{"type":"Feature","geometry":{"type":"LineString","coordinates":[[-64.368535,45.0932273],[-64.3686188,45.0933327],[-64.3686566,45.093397],[-64.3686687,45.0934478],[-64.3686733,45.0934985],[-64.3689374,45.0943073],[-64.3690554,45.0946672]]},"properties":{"highway":"footway","surface":"unpaved"}},
{"type":"Feature","geometry":{"type":"LineString","coordinates":[[-64.3723499,45.0886204],[-64.3724208,45.0886069],[-64.3724437,45.0886013],[-64.3724867,45.0885798],[-64.3725114,45.0885645],[-64.3725381,45.0885371],[-64.3725574,45.0885041],[-64.3725643,45.088463],[-64.3725424,45.0884106],[-64.3724891,45.0883738],[-64.372423,45.0883538],[-64.3723571,45.0883507],[-64.3723076,45.0883559],[-64.3722619,45.088362]]},"properties":{"highway":"service","surface":"asphalt"}},
{"type":"Feature","geometry":{"type":"LineString","coordinates":[[-64.3720962,45.0878995],[-64.3721893,45.0878824],[-64.3726792,45.0877842],[-64.3727306,45.0879271],[-64.3727823,45.0880331],[-64.3728492,45.0880541],[-64.3729051,45.0880518],[-64.372969,45.088034],[-64.3730201,45.0879896],[-64.3730291,45.0879391],[-64.372984,45.0877844],[-64.3728716,45.0877426],[-64.3726792,45.0877842]]},"properties":{"highway":"service","service":"parking_aisle","surface":"asphalt"}},
{"type":"Feature","geometry":{"type":"LineString","coordinates":[[-64.3707968,45.0871229],[-64.3707774,45.0870873],[-64.3706701,45.0868071],[-64.3704475,45.0868487],[-64.3705655,45.0871195]]},"properties":{"highway":"service","service":"parking_aisle","surface":"asphalt"}},
{"type":"Feature","geometry":{"type":"LineString","coordinates":[[-64.371019,45.087275],[-64.3708727,45.0868121]]},"properties":{"highway":"service","service":"driveway","surface":"asphalt"}},
{"type":"Feature","geometry":{"type":"LineString","coordinates":[[-64.3701044,45.0928817],[-64.3701377,45.0928757],[-64.3704711,45.0928073],[-64.37112,45.0926532],[-64.373093,45.0921892],[-64.3736171,45.0920675],[-64.3744256,45.0918618],[-64.3755668,45.091564],[-64.3771615,45.0911659],[-64.3772106,45.0911536]]},"properties":{"abandoned:railway":"rail","bicycle":"designated","foot":"designated","highway":"cycleway","motor_vehicle":"no","name":"Kierian Pathway","railway":"abandoned","segregated":"no","surface":"unpaved"}},
{"type":"Feature","geometry":{"type":"LineString","coordinates":[[-64.3497681,45.0894521],[-64.3497823,45.0894287],[-64.3497997,45.0894197],[-64.3498531,45.0894138],[-64.3499238,45.0894215],[-64.3499831,45.089422],[-64.3500099,45.0894048],[-64.3500204,45.089361],[-64.3499802,45.0893109],[-64.3498918,45.0892494],[-64.3497866,45.0891837],[-64.349665,45.0891103],[-64.3495302,45.0890335],[-64.3494193,45.0889672],[-64.3493614,45.0889343],[-64.349317,45.0888977],[-64.3492942,45.0888769],[-64.3492392,45.0888172],[-64.3492876,45.0887912],[-64.3493007,45.0887857]]},"properties":{"bicycle":"designated","foot":"designated","highway":"path","name":"Millenium Trail","sac_scale":"hiking","segregated":"no","surface":"ground"}},
{"type":"Feature","geometry":{"type":"LineString","coordinates":[[-64.3655016,45.0900288],[-64.3654825,45.0901254],[-64.3654384,45.0902034],[-64.3654086,45.0902131],[-64.3653769,45.0902234],[-64.3651416,45.0902324],[-64.3649551,45.0902197]]},"properties":{"highway":"service","service":"driveway","surface":"asphalt"}},
{"type":"Feature","geometry":{"type":"LineString","coordinates":[[-64.3654086,45.0902131],[-64.3654573,45.0902595],[-64.3654889,45.0902986],[-64.3655136,45.0903956],[-64.3656481,45.0907899],[-64.365669,45.0908695],[-64.3657021,45.0910245],[-64.3657117,45.0910881]]},"properties":{"highway":"service","service":"driveway","surface":"asphalt"}},
{"type":"Feature","geometry":{"type":"LineString","coordinates":[[-64.3696958,45.0851087],[-64.3697245,45.0850599],[-64.3696765,45.0849246],[-64.3696651,45.0848261],[-64.3696492,45.0847455],[-64.3696645,45.0847103],[-64.3696963,45.0846661],[-64.3697307,45.0846212],[-64.369754,45.0845794],[-64.3697918,45.0845562],[-64.3698087,45.084519],[-64.3698511,45.0844796],[-64.3698972,45.084445],[-64.3699046,45.0843817],[-64.3698975,45.0843031],[-64.3699239,45.0842677],[-64.369948,45.0842086],[-64.369959,45.084174],[-64.3699565,45.0841393],[-64.3699759,45.0841184],[-64.3699994,45.0840569],[-64.3699555,45.0839768],[-64.369934,45.0838961],[-64.3699098,45.0838361],[-64.3698605,45.0837056],[-64.3698314,45.0836589],[-64.3698117,45.0836061],[-64.3697801,45.0835868],[-64.3697229,45.0835792],[-64.3696581,45.0835832],[-64.3695105,45.0835996],[-64.3694402,45.0836025],[-64.3693662,45.0836087],[-64.3693167,45.0836251],[-64.3692921,45.0836309],[-64.3692764,45.0836322]]},"properties":{"bicycle":"designated","foot":"designated","highway":"path","incline":"up","name":"Acadia University Woodlands Trail","sac_scale":"hiking","segregated":"no","surface":"ground"}},
{"type":"Feature","geometry":{"type":"LineString","coordinates":[[-64.3644425,45.0908132],[-64.3645582,45.0906685],[-64.36463379999999,45.090569]]},"properties":{"highway":"footway","surface":"concrete"}},
{"type":"Feature","geometry":{"type":"LineString","coordinates":[[-64.3642137,45.0913143],[-64.3641807,45.0913651],[-64.3641326,45.0914384],[-64.36395,45.0916819],[-64.3639112,45.0917412],[-64.3638933,45.0917686],[-64.363853,45.0918118]]},"properties":{"highway":"footway","source":"bing","surface":"unpaved"}},
{"type":"Feature","geometry":{"type":"LineString","coordinates":[[-64.3641326,45.0914384],[-64.3642329,45.091472],[-64.3642785,45.0915004],[-64.364308,45.0915383],[-64.3643147,45.0915785],[-64.364308,45.0916159],[-64.3642973,45.0916443],[-64.3642712,45.0916762],[-64.3642579,45.0916862],[-64.3642399,45.0916959],[-64.3641873,45.0917144],[-64.3641176,45.0917239],[-64.3640344,45.0917352],[-64.3639112,45.0917412]]},"properties":{"highway":"footway","source":"bing","surface":"unpaved"}},
{"type":"Feature","geometry":{"type":"LineString","coordinates":[[-64.3614834,45.0912324],[-64.3615121,45.0912276],[-64.36196,45.0911781],[-64.3621045,45.0911633],[-64.3623097,45.0911445],[-64.362395,45.0911389],[-64.3624281,45.0911342],[-64.3624493,45.0911253],[-64.3624839,45.0911108],[-64.3625475,45.0911013],[-64.3626225,45.0910924]]},"properties":{"highway":"footway","source":"bing","surface":"gravel"}},
{"type":"Feature","geometry":{"type":"LineString","coordinates":[[-64.3611957,45.0912468],[-64.3612235,45.0913506],[-64.3612396,45.091415],[-64.3612423,45.0914491],[-64.3612369,45.0914756],[-64.3612267,45.0915032]]},"properties":{"highway":"footway","source":"bing","surface":"concrete"}},
{"type":"Feature","geometry":{"type":"LineString","coordinates":[[-64.3609916,45.0912773],[-64.3609634,45.0912976],[-64.3609392,45.0913128],[-64.3609231,45.0913393],[-64.3609231,45.0913715],[-64.3609285,45.0914074],[-64.3609397,45.0914504],[-64.3609055,45.0914526],[-64.3609185,45.0915103],[-64.3609242,45.0915301]]},"properties":{"highway":"footway","source":"bing","surface":"concrete"}},
{"type":"Feature","geometry":{"type":"LineString","coordinates":[[-64.361058,45.0912651],[-64.3610468,45.091196]]},"properties":{"highway":"steps","source":"bing","surface":"concrete"}},
{"type":"Feature","geometry":{"type":"LineString","coordinates":[[-64.3614075,45.0909949],[-64.3614557,45.0911729],[-64.3614667,45.0912093],[-64.3614834,45.0912324]]},"properties":{"highway":"footway","source":"bing","surface":"ground"}},
{"type":"Feature","geometry":{"type":"LineString","coordinates":[[-64.3611957,45.0912468],[-64.3612433,45.0912347],[-64.3612494,45.0912332],[-64.3612812,45.0912253],[-64.3613107,45.0912225],[-64.3613308,45.0912291],[-64.3613724,45.0912338],[-64.361414,45.0912329],[-64.3614834,45.0912324]]},"properties":{"highway":"footway","source":"bing","surface":"concrete"}},
{"type":"Feature","geometry":{"type":"LineString","coordinates":[[-64.3620173,45.0922359],[-64.3620261,45.0922635],[-64.3620614,45.0924378],[-64.3620745,45.0925048],[-64.362081,45.0925284]]},"properties":{"highway":"footway","source":"bing","surface":"concrete"}},
{"type":"Feature","geometry":{"type":"LineString","coordinates":[[-64.3612647,45.0916262],[-64.3613059,45.0918106]]},"properties":{"highway":"footway","source":"bing","surface":"paving_stones"}},
{"type":"Feature","geometry":{"type":"LineString","coordinates":[[-64.3634241,45.0924791],[-64.3634351,45.0925461],[-64.3634153,45.0925672]]},"properties":{"highway":"footway","source":"bing","surface":"concrete"}},
{"type":"Feature","geometry":{"type":"LineString","coordinates":[[-64.3636681,45.0925631],[-64.3635833,45.0925653],[-64.3635273,45.0925559],[-64.3634853,45.0925565],[-64.3634351,45.0925461]]},"properties":{"highway":"footway","source":"bing","surface":"concrete"}},
{"type":"Feature","geometry":{"type":"LineString","coordinates":[[-64.3632961,45.0922832],[-64.3631373,45.0922901]]},"properties":{"highway":"footway","source":"bing","surface":"gravel"}},
{"type":"Feature","geometry":{"type":"LineString","coordinates":[[-64.3631092,45.0920866],[-64.3631156,45.0921328],[-64.3631373,45.0922901],[-64.3631094,45.0923211],[-64.3630041,45.0923336],[-64.3629927,45.0923368],[-64.3629847,45.0923428],[-64.3629802,45.0923518],[-64.3629797,45.0923603],[-64.362961,45.092363],[-64.3629232,45.0923656],[-64.3628822,45.09237]]},"properties":{"highway":"footway","source":"bing","surface":"gravel"}},
{"type":"Feature","geometry":{"type":"LineString","coordinates":[[-64.3543885,45.0880296],[-64.3547374,45.0880817],[-64.3550995,45.0881839],[-64.3553299,45.0882802],[-64.3554337,45.0883591]]},"properties":{"bicycle":"designated","foot":"designated","highway":"path","segregated":"no","surface":"unpaved"}},
{"type":"Feature","geometry":{"type":"LineString","coordinates":[[-64.3663989,45.0891405],[-64.3664497,45.0891434],[-64.3664883,45.0891528],[-64.3665179,45.0891761],[-64.3665281,45.0892032],[-64.3665278,45.0892415],[-64.3665193,45.0892677],[-64.3665041,45.0892865],[-64.3664653,45.089325],[-64.3664227,45.089349],[-64.3663133,45.0893779],[-64.3661043,45.0894165]]},"properties":{"highway":"service","name":"Acadia Street","surface":"asphalt"}},
{"type":"Feature","geometry":{"type":"LineString","coordinates":[[-64.3664299,45.0895575],[-64.3664678,45.0898496],[-64.3664627,45.0899477],[-64.3664466,45.0900026],[-64.3664717,45.090089999999999]]},"properties":{"highway":"footway","surface":"asphalt"}},
{"type":"Feature","geometry":{"type":"LineString","coordinates":[[-64.3695493,45.0884267],[-64.3690541,45.0885047],[-64.3688203,45.0885441],[-64.368658,45.088574],[-64.3687486,45.0888627],[-64.3687765,45.0888815],[-64.3688273,45.088888],[-64.3691451,45.0888385],[-64.3696578,45.0887553]]},"properties":{"highway":"service","service":"driveway","surface":"asphalt"}},
{"type":"Feature","geometry":{"type":"LineString","coordinates":[[-64.3690825,45.0874338],[-64.3690488,45.087324],[-64.368987,45.0871183],[-64.3689806,45.0870964],[-64.3689629,45.0870804],[-64.3689377,45.0870721],[-64.3689098,45.0870726],[-64.3687806,45.0870935],[-64.3686458,45.0871154],[-64.3684956,45.0871392]]},"properties":{"highway":"footway","surface":"unpaved"}},
{"type":"Feature","geometry":{"type":"LineString","coordinates":[[-64.3683555,45.0868736],[-64.3684258,45.0868989],[-64.3685934,45.0869521]]},"properties":{"highway":"footway","surface":"unpaved"}},
{"type":"Feature","geometry":{"type":"LineString","coordinates":[[-64.3662629,45.0891297],[-64.3659021,45.0891882]]},"properties":{"highway":"footway","surface":"concrete"}},
{"type":"Feature","geometry":{"type":"LineString","coordinates":[[-64.3658232,45.0868339],[-64.3657344,45.0869435],[-64.3656264,45.0871002],[-64.365551,45.0871796],[-64.3655146,45.0872436]]},"properties":{"highway":"footway","surface":"asphalt"}},
{"type":"Feature","geometry":{"type":"LineString","coordinates":[[-64.3668724,45.0877747],[-64.3669833,45.0878395],[-64.3670633,45.0878814]]},"properties":{"highway":"footway","surface":"asphalt"}},
{"type":"Feature","geometry":{"type":"LineString","coordinates":[[-64.3660072,45.0868044],[-64.3658232,45.0868339],[-64.365558,45.0868734],[-64.3650775,45.0869719],[-64.3648862,45.0869877],[-64.3648023,45.0869947],[-64.3646317,45.0870429],[-64.3645584,45.0870636],[-64.3644387,45.0870821]]},"properties":{"highway":"service","service":"driveway","surface":"asphalt"}},
{"type":"Feature","geometry":{"type":"LineString","coordinates":[[-64.3690866,45.0901458],[-64.369138,45.0900841],[-64.3691801,45.090025],[-64.3692165,45.0899607],[-64.369254,45.0898815],[-64.369286,45.0897851],[-64.3692978,45.089694],[-64.3692952,45.0896201],[-64.3692764,45.089516],[-64.3692458,45.0891767],[-64.3692433,45.089149],[-64.3692241,45.0890876]]},"properties":{"highway":"service","surface":"asphalt"}},
{"type":"Feature","geometry":{"type":"LineString","coordinates":[[-64.3686458,45.0871154],[-64.3685934,45.0869521],[-64.3685677,45.0868722],[-64.3685262,45.0867429]]},"properties":{"highway":"footway","surface":"unpaved"}},
{"type":"Feature","geometry":{"type":"LineString","coordinates":[[-64.3683819,45.0878507],[-64.368368,45.0878051],[-64.3683205,45.0876493]]},"properties":{"highway":"footway","surface":"asphalt"}},
{"type":"Feature","geometry":{"type":"LineString","coordinates":[[-64.3687834,45.0884089],[-64.3687659,45.0883565],[-64.3687508,45.0883116],[-64.3687397,45.08828],[-64.3687104,45.0881649],[-64.3686687,45.0880383],[-64.3686528,45.088019],[-64.3686353,45.088003],[-64.3685942,45.0879989],[-64.3685379,45.0880084],[-64.368488,45.0880133],[-64.3684342,45.0880207],[-64.3683736,45.0880281],[-64.3681111,45.0880674],[-64.3680752,45.0880755],[-64.3680541,45.0880913],[-64.368047,45.0881113],[-64.3680465,45.0881408],[-64.368054,45.0881635]]},"properties":{"highway":"footway","surface":"asphalt"}},
{"type":"Feature","geometry":{"type":"LineString","coordinates":[[-64.3680167,45.086591],[-64.3679916,45.0865769],[-64.3679621,45.0865732],[-64.3679004,45.0865732],[-64.3678387,45.0865845]]},"properties":{"highway":"footway","surface":"unpaved"}},
{"type":"Feature","geometry":{"type":"LineString","coordinates":[[-64.3623626,45.0896315],[-64.3622832,45.0896332],[-64.3621981,45.0896352],[-64.361834,45.0896438],[-64.3616172,45.0896492],[-64.3613444,45.0896589],[-64.3610717,45.0896674],[-64.3608079,45.0896756],[-64.3602284,45.089692],[-64.3596608,45.0897073],[-64.3593687,45.0897162],[-64.3593123,45.0897208],[-64.359244,45.0897263]]},"properties":{"highway":"residential","lanes":"2","name":"Acadia Street","oneway":"yes","surface":"asphalt"}},
{"type":"Feature","geometry":{"type":"LineString","coordinates":[[-64.3623626,45.0896315],[-64.3624846,45.0896246],[-64.3628688,45.0896084],[-64.3638986,45.0895672],[-64.3639726,45.0895642]]},"properties":{"highway":"residential","lanes":"2","name":"Acadia Street","surface":"asphalt"}},
{"type":"Feature","geometry":{"type":"LineString","coordinates":[[-64.3705955,45.0914481],[-64.3706071,45.0914569],[-64.3708478,45.0921148]]},"properties":{"highway":"residential","lanes":"2","name":"Balcom Drive","source":"NRCan-CanVec-10.0","surface":"asphalt"}},
{"type":"Feature","geometry":{"type":"LineString","coordinates":[[-64.370184,45.0904056],[-64.3702097,45.0904721],[-64.3702811,45.0906571],[-64.3704312,45.0910611],[-64.3705058,45.0912592],[-64.3705955,45.0914481]]},"properties":{"highway":"residential","lanes":"2","name":"Balcom Drive","surface":"asphalt"}},
{"type":"Feature","geometry":{"type":"LineString","coordinates":[[-64.3600172,45.0870505],[-64.3600625,45.0870401],[-64.3610902,45.0868655],[-64.3613952,45.0868124],[-64.3617131,45.0867672],[-64.3620181,45.086714],[-64.362323,45.08666],[-64.3628895,45.0865712],[-64.3629359,45.0865633],[-64.3629773,45.0865569],[-64.3630131,45.0865501]]},"properties":{"highway":"residential","lanes":"2","name":"Bay Street","surface":"asphalt"}},
{"type":"Feature","geometry":{"type":"LineString","coordinates":[[-64.35671,45.0898297],[-64.3565887,45.0896824],[-64.3564278,45.0894941],[-64.3562803,45.0893185],[-64.3561226,45.0891393],[-64.3559654,45.0889564],[-64.35555,45.0884897],[-64.3554337,45.0883591]]},"properties":{"highway":"residential","lanes":"2","name":"Blomidon Terrace","oneway":"no","surface":"asphalt"}},
{"type":"Feature","geometry":{"type":"LineString","coordinates":[[-64.3743029,45.0912868],[-64.374277,45.0912362],[-64.374217,45.0911192],[-64.3742405,45.0911108],[-64.3742666,45.0910982],[-64.3742912,45.0910836],[-64.3743102,45.0910713],[-64.3743213,45.0910619],[-64.3743312,45.0910515],[-64.3743425,45.0910353],[-64.3743496,45.0910178],[-64.3743527,45.0909997],[-64.3743517,45.0909815],[-64.3743468,45.0909636],[-64.3743379,45.0909466],[-64.3743255,45.0909306],[-64.3742992,45.090907],[-64.3742667,45.0908878],[-64.3742292,45.0908738],[-64.3741884,45.0908656],[-64.3741461,45.0908636],[-64.3741041,45.0908678],[-64.3740643,45.0908782],[-64.3740395,45.090889],[-64.3740108,45.0909074],[-64.3739931,45.0909237],[-64.3739756,45.0909482],[-64.3739667,45.0909725],[-64.3739651,45.0909976],[-64.373971,45.0910224],[-64.373984,45.0910458],[-64.3740035,45.0910667],[-64.3740288,45.0910843],[-64.3740509,45.0910949],[-64.3740723,45.0911032],[-64.3740949,45.0911099],[-64.3741303,45.0911167],[-64.3741545,45.0911191],[-64.3741789,45.0911196],[-64.374217,45.0911192]]},"properties":{"highway":"residential","lanes":"2","name":"Blue Heron Court","source":"NRCan-CanVec-10.0","surface":"asphalt"}},
{"type":"Feature","geometry":{"type":"LineString","coordinates":[[-64.3708478,45.0921148],[-64.3718257,45.0919806]]},"properties":{"highway":"residential","lanes":"2","name":"Braemar Drive","source":"NRCan-CanVec-10.0","surface":"asphalt"}},
{"type":"Feature","geometry":{"type":"LineString","coordinates":[[-64.3505964,45.0874465],[-64.3513587,45.0873304],[-64.3517138,45.0873037],[-64.3520574,45.0872681],[-64.352274,45.0872412],[-64.3522867,45.087242]]},"properties":{"highway":"residential","lanes":"2","name":"Cape View Drive","surface":"asphalt"}},
{"type":"Feature","geometry":{"type":"LineString","coordinates":[[-64.3623881,45.0851786],[-64.3624648,45.0851382],[-64.3625015,45.0851188],[-64.3625396,45.0850986],[-64.3625654,45.0850836],[-64.3625889,45.0850667],[-64.3626098,45.0850482],[-64.3626278,45.0850283],[-64.3626427,45.0850071],[-64.3626545,45.084985],[-64.3626629,45.0849515],[-64.3626655,45.0849323],[-64.3626661,45.0849007],[-64.362662,45.0848669],[-64.3626529,45.0848334],[-64.3626428,45.0848118],[-64.3626128,45.0847453],[-64.3622941,45.084239],[-64.3618283,45.0831721],[-64.3610819,45.0833173],[-64.360576,45.0834463]]},"properties":{"access":"permissive","highway":"residential","lanes":"2","name":"Catherine Court","surface":"asphalt"}},
{"type":"Feature","geometry":{"type":"LineString","coordinates":[[-64.3617495,45.0915028],[-64.361765,45.0915651],[-64.3617768,45.0916106],[-64.3618708,45.0919568],[-64.3619207,45.0921408],[-64.3619356,45.0921957]]},"properties":{"highway":"residential","lanes":"1","name":"Central Avenue","oneway":"yes","source":"NRCan-CanVec-10.0","surface":"paving_stones"}},
{"type":"Feature","geometry":{"type":"LineString","coordinates":[[-64.3744198,45.0894589],[-64.3743852,45.0893889],[-64.3743732,45.0893646],[-64.3741964,45.0889329],[-64.3740189,45.0885272],[-64.3739301,45.0883204],[-64.3738425,45.0881135],[-64.3737791,45.0879063],[-64.3736531,45.0875279],[-64.3736026,45.0873305],[-64.3735502,45.0871413],[-64.373474,45.086856]]},"properties":{"highway":"residential","lanes":"2","name":"Chestnut Avenue","surface":"asphalt"}},
{"type":"Feature","geometry":{"type":"LineString","coordinates":[[-64.373474,45.086856],[-64.3733248,45.0863941],[-64.3732743,45.0861957],[-64.3732427,45.08607]]},"properties":{"highway":"residential","lanes":"2","name":"Chestnut Avenue","surface":"asphalt"}},
{"type":"Feature","geometry":{"type":"LineString","coordinates":[[-64.3732427,45.08607],[-64.373224,45.0860064],[-64.3731735,45.085809],[-64.3731103,45.0856108],[-64.3730473,45.0854216],[-64.3728937,45.0849317],[-64.3728755,45.0848686],[-64.3728637,45.0848033],[-64.3728535,45.0847373]]},"properties":{"highway":"residential","lanes":"2","name":"Chestnut Avenue","surface":"asphalt"}},
{"type":"Feature","geometry":{"type":"LineString","coordinates":[[-64.3639389,45.093806],[-64.3641356,45.0937792],[-64.3642826,45.0937591],[-64.3643291,45.0937527]]},"properties":{"highway":"residential","lanes":"2","name":"Dykeland Street","source":"NRCan-CanVec-10.0","surface":"asphalt"}},
{"type":"Feature","geometry":{"type":"LineString","coordinates":[[-64.3643291,45.0937527],[-64.3645224,45.0937264],[-64.3645833,45.0937181],[-64.3647396,45.0936968],[-64.3650221,45.0936582],[-64.3655798,45.0935821],[-64.3656015,45.0935707],[-64.3656639,45.0934246]]},"properties":{"highway":"residential","lanes":"2","name":"Dykeland Street","source":"NRCan-CanVec-10.0","surface":"asphalt"}},
{"type":"Feature","geometry":{"type":"LineString","coordinates":[[-64.3719941,45.0902089],[-64.3719688,45.0901276],[-64.3715921,45.088912],[-64.3715281,45.0887318],[-64.3714526,45.0885518],[-64.3713645,45.0883075],[-64.3713504,45.0882727],[-64.3713191,45.0881812],[-64.3712571,45.0880024],[-64.3711967,45.0878344],[-64.3711269,45.0876369],[-64.371065,45.0875033],[-64.370985,45.0873307]]},"properties":{"highway":"residential","lanes":"2","name":"Earnscliffe Avenue","surface":"asphalt"}},
{"type":"Feature","geometry":{"type":"LineString","coordinates":[[-64.3638198,45.0920169],[-64.3639613,45.0924394]]},"properties":{"highway":"residential","lanes":"2","name":"Elm Avenue","source":"NRCan-CanVec-10.0","surface":"asphalt"}},
{"type":"Feature","geometry":{"type":"LineString","coordinates":[[-64.3639613,45.0924394],[-64.3640057,45.0925815],[-64.3640114,45.0926009]]},"properties":{"highway":"residential","lanes":"2","name":"Elm Avenue","source":"NRCan-CanVec-10.0","surface":"asphalt"}},
{"type":"Feature","geometry":{"type":"LineString","coordinates":[[-64.3636427,45.0913134],[-64.3636579,45.0913773],[-64.3637799,45.09189],[-64.3638013,45.0919612],[-64.3638198,45.0920169]]},"properties":{"highway":"residential","lanes":"2","name":"Elm Avenue","source":"NRCan-CanVec-10.0","surface":"asphalt"}},
{"type":"Feature","geometry":{"type":"LineString","coordinates":[[-64.3640114,45.0926009],[-64.3640356,45.0926807],[-64.3640715,45.092786],[-64.3640914,45.0928532],[-64.3641288,45.0929688],[-64.3642079,45.0932782],[-64.3643291,45.0937527]]},"properties":{"highway":"residential","lanes":"2","name":"Elm Avenue","source":"NRCan-CanVec-10.0","surface":"asphalt"}},
{"type":"Feature","geometry":{"type":"LineString","coordinates":[[-64.3597707,45.086306],[-64.3598251,45.0862962],[-64.3604691,45.0861807],[-64.3626438,45.08581],[-64.3626665,45.0858062],[-64.3627388,45.0857927]]},"properties":{"highway":"residential","lanes":"2","name":"Fairfield Street","surface":"asphalt"}},
{"type":"Feature","geometry":{"type":"LineString","coordinates":[[-64.3539865,45.0853241],[-64.3540547,45.0852621],[-64.3540685,45.0852492],[-64.3540887,45.0852307],[-64.3541149,45.0852054],[-64.3541478,45.0851747],[-64.3541867,45.0851402],[-64.3542297,45.0851031],[-64.3542752,45.0850662],[-64.3543225,45.0850301],[-64.3543749,45.0849943],[-64.3544318,45.0849595],[-64.3544955,45.0849268],[-64.3545627,45.0848976],[-64.3546338,45.0848732],[-64.3547064,45.0848525],[-64.3547824,45.0848352],[-64.3548609,45.0848189],[-64.3549418,45.0848038],[-64.3550253,45.0847894],[-64.3551081,45.0847747],[-64.3551897,45.0847615],[-64.3552721,45.0847481],[-64.3553547,45.0847339],[-64.3554347,45.08472],[-64.3555127,45.0847068],[-64.3555912,45.0846934],[-64.3556707,45.0846797],[-64.3557504,45.0846653],[-64.3558287,45.0846517],[-64.3559055,45.0846384],[-64.3559803,45.0846253],[-64.3560535,45.0846128],[-64.3561251,45.0846004],[-64.3561958,45.0845878],[-64.3562658,45.0845756],[-64.3563337,45.0845643],[-64.3563979,45.0845538],[-64.3564587,45.0845435],[-64.3565185,45.0845339],[-64.3565781,45.0845243],[-64.3566376,45.0845146],[-64.3566962,45.0845046],[-64.3567532,45.0844951],[-64.3568089,45.0844861],[-64.356862,45.0844773],[-64.3569126,45.0844694],[-64.3569602,45.0844619],[-64.3570053,45.0844555],[-64.3570484,45.0844493],[-64.3570931,45.0844423],[-64.3571403,45.0844348],[-64.3571873,45.0844279],[-64.3572327,45.0844217]]},"properties":{"highway":"residential","lanes":"2","name":"Fowler Street","oneway":"no","surface":"asphalt"}},
{"type":"Feature","geometry":{"type":"LineString","coordinates":[[-64.3598824,45.0923923],[-64.3599741,45.0923838],[-64.360309,45.0923529],[-64.360766,45.0923064],[-64.3611137,45.0922707],[-64.3613044,45.0922511],[-64.3614057,45.0922414],[-64.3619046,45.0921993],[-64.3619356,45.0921957]]},"properties":{"highway":"residential","lanes":"2","name":"Front Street","source":"NRCan-CanVec-10.0","surface":"asphalt"}},
{"type":"Feature","geometry":{"type":"LineString","coordinates":[[-64.3619356,45.0921957],[-64.361998,45.0921903],[-64.3625394,45.0921432],[-64.3627773,45.092120799999999]]},"properties":{"highway":"residential","lanes":"2","name":"Front Street","source":"NRCan-CanVec-10.0","surface":"asphalt"}},
{"type":"Feature","geometry":{"type":"LineString","coordinates":[[-64.3627773,45.092120799999999],[-64.3631092,45.0920866],[-64.3633845,45.0920589],[-64.3636141,45.0920359],[-64.3637547,45.0920217],[-64.3638198,45.0920169]]},"properties":{"highway":"residential","lanes":"2","name":"Front Street","source":"NRCan-CanVec-10.0","surface":"asphalt"}},
{"type":"Feature","geometry":{"type":"LineString","coordinates":[[-64.3590532,45.0892202],[-64.3588541,45.0886166]]},"properties":{"highway":"tertiary","lanes":"2","name":"Gaspereau Avenue","surface":"asphalt"}},
{"type":"Feature","geometry":{"type":"LineString","coordinates":[[-64.3588541,45.0886166],[-64.3588127,45.0885094],[-64.3587625,45.0883866]]},"properties":{"highway":"tertiary","lanes":"2","name":"Gaspereau Avenue","surface":"asphalt"}},
{"type":"Feature","geometry":{"type":"LineString","coordinates":[[-64.359244,45.0897263],[-64.3592216,45.0896677],[-64.3592091,45.0896352],[-64.3590532,45.0892202]]},"properties":{"highway":"tertiary","lanes":"2","name":"Gaspereau Avenue","surface":"asphalt"}},
{"type":"Feature","geometry":{"type":"LineString","coordinates":[[-64.3593866,45.0901561],[-64.3593309,45.089987],[-64.3592668,45.0897929],[-64.359244,45.0897263]]},"properties":{"highway":"tertiary","lanes":"2","name":"Gaspereau Avenue","surface":"asphalt"}},
{"type":"Feature","geometry":{"type":"LineString","coordinates":[[-64.3586746,45.0880098],[-64.3586744,45.087922],[-64.3586891,45.0876584],[-64.3586912,45.0875247],[-64.3586948,45.0874202],[-64.358676,45.0873041],[-64.3586505,45.0872105],[-64.3586042,45.0870921],[-64.3585591,45.086997],[-64.3583348,45.0865743],[-64.3583126,45.0865423],[-64.358288,45.0865112],[-64.3582612,45.086481],[-64.3582322,45.0864519],[-64.3582011,45.0864238],[-64.358168,45.086397],[-64.3581329,45.0863715],[-64.3580984,45.0863492],[-64.3580248,45.0863087],[-64.3579542,45.0862772],[-64.3579041,45.0862586],[-64.3578182,45.086233],[-64.3577739,45.0862226],[-64.3577289,45.0862139],[-64.3576521,45.0861967],[-64.3574466,45.08616],[-64.3570031,45.086106],[-64.3567881,45.0860775],[-64.3564569,45.0860414],[-64.3563117,45.0860226],[-64.3557058,45.085921],[-64.3556323,45.0859107],[-64.3554342,45.0858725],[-64.3552391,45.0858271],[-64.3550476,45.0857744],[-64.3549708,45.085751],[-64.3547557,45.0856764],[-64.3545131,45.0855799],[-64.3543435,45.085504],[-64.3541476,45.0854065],[-64.3540825,45.0853717],[-64.354044,45.0853542],[-64.3540311,45.0853453],[-64.3539865,45.0853241]]},"properties":{"highway":"tertiary","lanes":"2","name":"Gaspereau Avenue","surface":"asphalt"}},
{"type":"Feature","geometry":{"type":"LineString","coordinates":[[-64.3587625,45.0883866],[-64.3587614,45.0883839],[-64.3587239,45.0882485],[-64.3586903,45.088129],[-64.3586746,45.0880098]]},"properties":{"highway":"tertiary","lanes":"2","name":"Gaspereau Avenue","surface":"asphalt"}},
{"type":"Feature","geometry":{"type":"LineString","coordinates":[[-64.3595813,45.0907241],[-64.3595337,45.0905767],[-64.3594695,45.0903941],[-64.3594091,45.0902257],[-64.3593866,45.0901561]]},"properties":{"highway":"tertiary","lanes":"2","name":"Gaspereau Avenue","surface":"asphalt"}},
{"type":"Feature","geometry":{"type":"LineString","coordinates":[[-64.3539865,45.0853241],[-64.3539553,45.0853093],[-64.3538023,45.0852364],[-64.3535749,45.0851284],[-64.3533332,45.0850115],[-64.3531152,45.0849084]]},"properties":{"highway":"tertiary","lanes":"2","name":"Gaspereau Avenue","oneway":"no","surface":"asphalt"}},
{"type":"Feature","geometry":{"type":"LineString","coordinates":[[-64.3597807,45.0917081],[-64.35978,45.0916568],[-64.3597798,45.0916385],[-64.3597791,45.0915864],[-64.3597796,45.0914409],[-64.3597824,45.0913673],[-64.3597759,45.0913042],[-64.3597611,45.0912412],[-64.3596292,45.0908614],[-64.3595813,45.0907241]]},"properties":{"highway":"tertiary","lanes":"2","name":"Gaspereau Avenue","surface":"asphalt"}},
{"type":"Feature","geometry":{"type":"LineString","coordinates":[[-64.3598824,45.0923923],[-64.3598916,45.09245],[-64.3598971,45.0924784],[-64.359904,45.0925139]]},"properties":{"alt_name":"Gaspereau Extension","highway":"residential","lanes":"2","name":"Harbourside Drive","source":"NRCan-CanVec-10.0","surface":"asphalt"}},
{"type":"Feature","geometry":{"type":"LineString","coordinates":[[-64.3599894,45.0929539],[-64.3599813,45.0929864],[-64.3599781,45.0930108],[-64.3599749,45.093036],[-64.3599717,45.0930622],[-64.3599685,45.0930892],[-64.3599637,45.0931315],[-64.3599607,45.0931901],[-64.359962,45.0932068]]},"properties":{"alt_name":"Gaspereau Extension","highway":"residential","lanes":"2","name":"Harbourside Drive","source":"NRCan-CanVec-10.0","surface":"asphalt"}},
{"type":"Feature","geometry":{"type":"LineString","coordinates":[[-64.3597807,45.0917081],[-64.359792,45.0917873],[-64.3598326,45.0920726],[-64.3598691,45.092312],[-64.3598745,45.0923445],[-64.3598824,45.0923923]]},"properties":{"alt_name":"Gaspereau Extension","highway":"residential","lanes":"2","name":"Harbourside Drive","source":"NRCan-CanVec-10.0","surface":"asphalt"}},
{"type":"Feature","geometry":{"type":"LineString","coordinates":[[-64.3608702,45.0929112],[-64.3606333,45.0929214],[-64.3602634,45.0929437],[-64.3601018,45.0929515],[-64.3600624,45.0929534],[-64.3599894,45.0929539]]},"properties":{"alt_name":"Gaspereau Extension","highway":"residential","lanes":"2","name":"Harbourside Drive","source":"NRCan-CanVec-10.0","surface":"asphalt"}},
{"type":"Feature","geometry":{"type":"LineString","coordinates":[[-64.3637367,45.0887312],[-64.3636527,45.0884436],[-64.3636027,45.0882632],[-64.363547,45.0880872],[-64.3635088,45.0879818],[-64.3634794,45.0879048],[-64.3634209,45.0877524],[-64.3633868,45.0876612],[-64.3633421,45.0875491],[-64.363278,45.0873708],[-64.3632396,45.0872509]]},"properties":{"highway":"tertiary","lanes":"2","name":"Highland Avenue","surface":"asphalt"}},
{"type":"Feature","geometry":{"type":"LineString","coordinates":[[-64.3627388,45.0857927],[-64.3627009,45.085688],[-64.3626825,45.0856387],[-64.3626646,45.0855891],[-64.362643,45.0855264],[-64.3626267,45.085492],[-64.362601,45.0854447],[-64.3625817,45.0854019],[-64.3625561,45.0853554],[-64.3625212,45.0853046],[-64.3624712,45.0852501],[-64.3624507,45.0852315],[-64.3624269,45.0852098],[-64.3623881,45.0851786]]},"properties":{"highway":"tertiary","lanes":"2","name":"Highland Avenue","surface":"asphalt"}},
{"type":"Feature","geometry":{"type":"LineString","coordinates":[[-64.3623881,45.0851786],[-64.3620658,45.0849688],[-64.3617695,45.0847669],[-64.3614951,45.0845468],[-64.3612372,45.0843169],[-64.3611425,45.08423],[-64.3610701,45.0841504],[-64.3609936,45.0840605],[-64.36091330000001,45.083955],[-64.3608411,45.0838512],[-64.3607712,45.0837499],[-64.3607064,45.0836447],[-64.3606256,45.0835187],[-64.360576,45.0834463]]},"properties":{"highway":"tertiary","lanes":"2","name":"Highland Avenue","surface":"asphalt"}},
{"type":"Feature","geometry":{"type":"LineString","coordinates":[[-64.3630131,45.0865501],[-64.3627827,45.0859069],[-64.3627388,45.0857927]]},"properties":{"highway":"tertiary","lanes":"2","name":"Highland Avenue","surface":"asphalt"}},
{"type":"Feature","geometry":{"type":"LineString","coordinates":[[-64.3639726,45.0895642],[-64.3639537,45.0895001],[-64.3638822,45.0892168],[-64.3637504,45.0887784],[-64.3637367,45.0887312]]},"properties":{"highway":"tertiary","lanes":"2","name":"Highland Avenue","surface":"asphalt"}},
{"type":"Feature","geometry":{"type":"LineString","coordinates":[[-64.3632396,45.0872509],[-64.3632216,45.0871973],[-64.3631648,45.0870148],[-64.3631125,45.0868353],[-64.3630503,45.0866546],[-64.3630131,45.0865501]]},"properties":{"highway":"tertiary","lanes":"2","name":"Highland Avenue","surface":"asphalt"}},
{"type":"Feature","geometry":{"type":"LineString","coordinates":[[-64.3644713,45.0912218],[-64.3644564,45.0911656],[-64.3644443,45.0911195],[-64.3642917,45.0905736],[-64.3642376,45.0904091],[-64.3641716,45.0902205],[-64.3641335,45.0901104],[-64.3640951,45.0899863],[-64.3640335,45.0897778],[-64.3639979,45.0896517],[-64.3639897,45.0896233],[-64.3639726,45.0895642]]},"properties":{"highway":"tertiary","lanes":"2","name":"Highland Avenue","surface":"asphalt"}},
{"type":"Feature","geometry":{"type":"LineString","coordinates":[[-64.3597707,45.086306],[-64.3597371,45.086215],[-64.3596777,45.0860368],[-64.3596081,45.0858438],[-64.3595366,45.0856421],[-64.3594714,45.0854469],[-64.3594061,45.0852472],[-64.3593394,45.0850477],[-64.3590637,45.0842343],[-64.3589911,45.0840298],[-64.3589201,45.0838227],[-64.3588453,45.0836167],[-64.358768,45.0834082],[-64.3586317,45.0830258],[-64.3586081,45.0829579]]},"properties":{"highway":"residential","lanes":"2","name":"Hillside Avenue","surface":"asphalt"}},
{"type":"Feature","geometry":{"type":"LineString","coordinates":[[-64.3600172,45.0870505],[-64.3599955,45.0869794],[-64.3598799,45.0866412],[-64.3597707,45.086306]]},"properties":{"highway":"residential","lanes":"2","name":"Hillside Avenue","surface":"asphalt"}},
{"type":"Feature","geometry":{"type":"LineString","coordinates":[[-64.36052,45.0886939],[-64.3603916,45.0882672],[-64.360339,45.0880905],[-64.3602613,45.0878453],[-64.360194,45.0876478],[-64.3601247,45.0874008],[-64.3600618,45.0872012],[-64.3600172,45.0870505]]},"properties":{"highway":"residential","lanes":"2","name":"Hillside Avenue","surface":"asphalt"}},
{"type":"Feature","geometry":{"type":"LineString","coordinates":[[-64.3531152,45.0849084],[-64.3530994,45.084923],[-64.3530767,45.084946],[-64.3530609,45.0849648],[-64.3530567,45.0849775],[-64.3530508,45.0849965],[-64.3530467,45.0850216],[-64.3530506,45.0850869],[-64.3530589,45.085125],[-64.3530716,45.0851657],[-64.3530881,45.085208],[-64.3531071,45.085252],[-64.3531288,45.0852978],[-64.353152,45.0853446],[-64.3531751,45.0853916],[-64.3531974,45.0854382],[-64.3532191,45.0854842],[-64.3532402,45.0855297],[-64.3532604,45.0855754],[-64.3532774,45.0856202],[-64.3532928,45.0856621],[-64.3533068,45.0857007],[-64.3533201,45.0857384],[-64.3533324,45.0857737],[-64.3533434,45.0858052],[-64.3533528,45.0858324],[-64.3533615,45.0858586],[-64.3533709,45.0858884],[-64.3533836,45.0859263],[-64.3534076,45.0860066],[-64.3534173,45.0860456],[-64.3534257,45.0860839],[-64.3534318,45.0861215],[-64.3534355,45.0861578],[-64.3534367,45.0861923],[-64.3534363,45.0862251],[-64.3534349,45.0862559],[-64.3534314,45.0862849],[-64.3534283,45.0863112]]},"properties":{"highway":"residential","lanes":"2","name":"Iona Road","oneway":"no","surface":"asphalt"}},
{"type":"Feature","geometry":{"type":"LineString","coordinates":[[-64.3750246,45.0866131],[-64.3749521,45.0863541],[-64.3749021,45.0861782],[-64.3748438,45.0859879],[-64.3748067,45.0858649]]},"properties":{"highway":"residential","lanes":"2","name":"Kent Avenue","surface":"asphalt"}},
{"type":"Feature","geometry":{"type":"LineString","coordinates":[[-64.3748067,45.0858649],[-64.3747871,45.0858012],[-64.3747375,45.0856111],[-64.3742877,45.0841228],[-64.3742302,45.083934],[-64.374173,45.0837418],[-64.3740679,45.0833896],[-64.3740349,45.083289]]},"properties":{"highway":"residential","lanes":"2","name":"Kent Avenue","surface":"asphalt"}},
{"type":"Feature","geometry":{"type":"LineString","coordinates":[[-64.3546772,45.0905356],[-64.355007,45.090474],[-64.3553667,45.090404],[-64.3555367,45.0903715],[-64.3556829,45.0903408],[-64.3557792,45.0903153],[-64.3558557,45.0902934],[-64.3559233,45.0902713],[-64.3559958,45.090241],[-64.3560692,45.0902031],[-64.356209,45.090119],[-64.35671,45.0898297]]},"properties":{"highway":"residential","lanes":"2","name":"King Street","surface":"asphalt"}},
{"type":"Feature","geometry":{"type":"LineString","coordinates":[[-64.3520472,45.0903591],[-64.3521681,45.0903889],[-64.3526964,45.0904913],[-64.3530012,45.0905363],[-64.353307,45.0905722],[-64.3536239,45.090591],[-64.3539293,45.090609],[-64.3540945,45.0906097],[-64.3541326,45.0906093],[-64.354281,45.0905956],[-64.3544381,45.090574],[-64.3545843,45.0905492],[-64.3546772,45.0905356]]},"properties":{"highway":"residential","lanes":"2","name":"King Street","surface":"asphalt"}},
{"type":"Feature","geometry":{"type":"LineString","coordinates":[[-64.3525264,45.0878555],[-64.3525388,45.087852],[-64.3525856,45.0878433],[-64.3526298,45.0878338],[-64.3526729,45.087827],[-64.3527235,45.0878192],[-64.3527767,45.0878123],[-64.3528299,45.0878053],[-64.3528818,45.0877966],[-64.352935,45.087787],[-64.3529907,45.0877773],[-64.3530451,45.0877686],[-64.35310080000001,45.0877589],[-64.3531565,45.0877502],[-64.353211,45.0877432],[-64.3532655,45.087739],[-64.3533175,45.0877357],[-64.3533721,45.0877341],[-64.3534293,45.0877352],[-64.3534891,45.087739],[-64.353549,45.0877464],[-64.3536103,45.0877592],[-64.3536692,45.0877765],[-64.3537269,45.0877983],[-64.353786,45.0878237],[-64.3538451,45.0878509],[-64.3539016,45.08788],[-64.3539569,45.0879072],[-64.3540109,45.0879318],[-64.354066,45.0879527],[-64.3541249,45.08797],[-64.3541862,45.0879855],[-64.3541934,45.0879867],[-64.3542446,45.0879987],[-64.3542851,45.0880082],[-64.3543222,45.0880163],[-64.3543562,45.088023],[-64.3543885,45.0880296]]},"properties":{"highway":"residential","lanes":"2","name":"Kinley Close","surface":"asphalt"}},
{"type":"Feature","geometry":{"type":"LineString","coordinates":[[-64.3625256,45.090404],[-64.3624806,45.0902149],[-64.3623742,45.0896888],[-64.3623626,45.0896315]]},"properties":{"highway":"residential","lanes":"2","name":"Linden Avenue","oneway":"yes","surface":"asphalt"}},
{"type":"Feature","geometry":{"type":"LineString","coordinates":[[-64.3627729,45.0914022],[-64.3627557,45.0913361],[-64.3627142,45.0911615],[-64.3626683,45.0909713],[-64.3626267,45.0907827],[-64.3625825,45.0905941],[-64.3625256,45.090404]]},"properties":{"highway":"residential","lanes":"2","name":"Linden Avenue","oneway":"yes","surface":"asphalt"}},
{"type":"Feature","geometry":{"type":"LineString","coordinates":[[-64.3717313,45.0871671],[-64.3717354,45.0871477],[-64.3717373,45.0871276],[-64.3717365,45.087101],[-64.3717278,45.0870618],[-64.37171,45.0870231],[-64.3716894,45.0869851],[-64.371666,45.0869479],[-64.3716399,45.0869117],[-64.3716111,45.0868764],[-64.3715798,45.0868423],[-64.3715326,45.0867973],[-64.371355,45.0866527],[-64.3712029,45.0865087],[-64.3710506,45.0863557],[-64.3710191,45.0863248],[-64.3709899,45.0862927],[-64.3709632,45.0862596],[-64.3709389,45.0862256],[-64.3709172,45.0861907],[-64.3709044,45.0861725],[-64.3708945,45.0861534],[-64.3708849,45.0861236]]},"properties":{"access":"destination","highway":"service","lanes":"1","name":"Little Brook Lane","surface":"asphalt"}},
{"type":"Feature","geometry":{"type":"LineString","coordinates":[[-64.3717313,45.0871671],[-64.3716766,45.0871598],[-64.371576,45.0871689],[-64.3711149,45.087254],[-64.3710555,45.0872653],[-64.371019,45.087275],[-64.3709992,45.0872891]]},"properties":{"highway":"residential","lanes":"2","name":"Little Road","surface":"asphalt"}},
{"type":"Feature","geometry":{"type":"LineString","coordinates":[[-64.3719616,45.0874261],[-64.3719292,45.0873989],[-64.3718054,45.0872193],[-64.3717867,45.0871934],[-64.371759,45.0871767],[-64.3717313,45.0871671]]},"properties":{"highway":"residential","lanes":"2","name":"Little Road","surface":"asphalt"}},
{"type":"Feature","geometry":{"type":"LineString","coordinates":[[-64.3583497,45.090525],[-64.3582794,45.0902467],[-64.3582762,45.0901973]]},"properties":{"highway":"residential","lanes":"2","name":"Locust Avenue","surface":"asphalt"}},
{"type":"Feature","geometry":{"type":"LineString","coordinates":[[-64.3587395,45.0918072],[-64.3587204,45.0917425],[-64.3586397,45.0914701],[-64.3585891,45.091299],[-64.3585389,45.0911105],[-64.3584762,45.0909303],[-64.3584259,45.090741],[-64.3583632,45.0905608],[-64.3583497,45.090525]]},"properties":{"highway":"residential","lanes":"2","name":"Locust Avenue","surface":"asphalt"}},
{"type":"Feature","geometry":{"type":"LineString","coordinates":[[-64.3705955,45.0914481],[-64.3712449,45.0913421],[-64.3714968,45.0913013],[-64.3716373,45.0912789]]},"properties":{"highway":"residential","lanes":"2","name":"Lynwood Drive","source":"NRCan-CanVec-10.0","surface":"asphalt"}},
{"type":"Feature","geometry":{"type":"LineString","coordinates":[[-64.3644713,45.0912218],[-64.3645655,45.0912123],[-64.36494449999999,45.0911741],[-64.3651962,45.0911455],[-64.3654253,45.0911205],[-64.3657117,45.0910881],[-64.3659847,45.0910602],[-64.3662508,45.0910325],[-64.3664591,45.0910093],[-64.3665643,45.0909956],[-64.3668038,45.0909649],[-64.3671174,45.0909139],[-64.3673184,45.0908792],[-64.3674476,45.0908575],[-64.3675982,45.0908332],[-64.3678905,45.0907792],[-64.3681703,45.0907345],[-64.3684574,45.0906838],[-64.3686038,45.0906581],[-64.368717,45.0906412],[-64.3689864,45.0905966],[-64.3696066,45.0904841],[-64.3698726,45.0904485],[-64.3701272,45.0904131],[-64.370184,45.0904056],[-64.3702722,45.090395],[-64.3703995,45.0903796],[-64.3706567,45.090348],[-64.370936,45.0903174],[-64.3712107,45.0902916],[-64.3719941,45.0902089],[-64.3720902,45.0901967],[-64.3721507,45.0901889],[-64.3722475,45.090176],[-64.3723293,45.0901654],[-64.3724106,45.0901529],[-64.3724907,45.0901388],[-64.3725697,45.0901224],[-64.3726473,45.0901019],[-64.3727232,45.0900807],[-64.3728132,45.0900512],[-64.3730252,45.0899811],[-64.3733058,45.089883],[-64.3735166,45.0898049],[-64.3737824,45.0897101],[-64.3740438,45.0896115],[-64.374305,45.0895071],[-64.3743246,45.0894989],[-64.3744198,45.0894589],[-64.3746492,45.089368],[-64.3749841,45.0892255]]},"properties":{"highway":"primary","lane_markings":"yes","lanes":"2","lanes:backward":"1","lanes:forward":"1","maxheight":"4.1","name":"Main Street","surface":"asphalt"}},
{"type":"Feature","geometry":{"type":"LineString","coordinates":[[-64.3452415,45.0932548],[-64.3452994,45.0932409],[-64.3454885,45.0931956],[-64.3455503,45.0931808],[-64.3457784,45.0931165],[-64.3459244,45.0930747],[-64.346027,45.0930416],[-64.3462796,45.0929576],[-64.3465177,45.0928738],[-64.3467486,45.092788],[-64.3469746,45.0926911],[-64.3472104,45.0925916],[-64.3477148,45.0923638],[-64.34802380000001,45.0922319],[-64.348227,45.0921451],[-64.3482992,45.0921175],[-64.3483806,45.0920885],[-64.3484422,45.0920697],[-64.3484887,45.0920576],[-64.3485441,45.0920467],[-64.3486069,45.0920378],[-64.3486811,45.0920294],[-64.3487658,45.0920278],[-64.3488374,45.0920319],[-64.3490474,45.0920528],[-64.3492515,45.0920774],[-64.3494996,45.0921075],[-64.3496665,45.0921272],[-64.3497716,45.0921383],[-64.3499135,45.0921528],[-64.3500372,45.0921669],[-64.35028,45.0921912],[-64.3504971,45.0922134],[-64.3506971,45.0922333],[-64.3507997,45.092243],[-64.3511304,45.0922737],[-64.3516012,45.0923163],[-64.3521654,45.0923627],[-64.3522921,45.0923721],[-64.3524258,45.0923803],[-64.3526789,45.0923899],[-64.3529331,45.0923896],[-64.3532,45.0923901],[-64.3534539,45.0923817],[-64.3537079,45.0923654],[-64.3539856,45.0923497],[-64.3542638,45.0923191],[-64.354554,45.0922885],[-64.354833,45.0922555],[-64.3550601,45.0922217],[-64.3551212,45.0922105],[-64.3551924,45.0921975],[-64.3552981,45.0921765],[-64.3556453,45.0920913],[-64.3560498,45.0919738],[-64.3563047,45.0919047],[-64.3564354,45.0918677],[-64.3565135,45.0918448],[-64.3565925,45.0918332],[-64.3567099,45.0918215],[-64.3568324,45.0918185],[-64.3569651,45.0918216],[-64.3570932,45.0918232],[-64.3572325,45.0918282],[-64.3573646,45.0918305],[-64.3574618,45.0918328],[-64.3576339,45.0918375],[-64.3579117,45.0918424],[-64.358113,45.0918397],[-64.3582721,45.0918376],[-64.3584704,45.0918268],[-64.3585422,45.0918229],[-64.3585816,45.0918208],[-64.3587395,45.0918072],[-64.3588804,45.0917942],[-64.3592289,45.091761],[-64.3594777,45.0917412],[-64.3596817,45.0917195],[-64.3597807,45.0917081]]},"properties":{"highway":"primary","lane_markings":"yes","lanes":"2","lanes:backward":"1","lanes:forward":"1","maxheight":"4.1","name":"Main Street","source":"NRCan-CanVec-10.0","surface":"asphalt"}},
{"type":"Feature","geometry":{"type":"LineString","coordinates":[[-64.3597807,45.0917081],[-64.3599114,45.0916944],[-64.3599353,45.0916919],[-64.360426,45.0916424],[-64.3608888,45.0915993],[-64.361247,45.0915548],[-64.361314,45.0915475],[-64.3614223,45.0915362],[-64.3616018,45.0915172],[-64.3616549,45.0915116],[-64.3617495,45.0915028],[-64.3619621,45.0914795],[-64.3622165,45.0914566],[-64.3623403,45.0914439],[-64.3625054,45.0914288],[-64.3626844,45.0914108],[-64.3627729,45.0914022],[-64.363036,45.0913756],[-64.3632992,45.0913484],[-64.3635861,45.0913197],[-64.3636427,45.0913134],[-64.3637629,45.091301],[-64.3642386,45.0912488],[-64.3643633,45.0912339],[-64.3644713,45.0912218]]},"properties":{"highway":"primary","lane_markings":"yes","lanes":"2","lanes:backward":"1","lanes:forward":"1","maxheight":"4.1","name":"Main Street","source":"NRCan-CanVec-10.0","surface":"asphalt"}},
{"type":"Feature","geometry":{"type":"LineString","coordinates":[[-64.3725677,45.0916088],[-64.3726395,45.091614],[-64.3726988,45.0916116],[-64.3727541,45.0916062],[-64.3728017,45.0915995],[-64.3728424,45.0915935],[-64.3728834,45.0915874],[-64.3729327,45.0915805],[-64.3729962,45.0915711],[-64.373073,45.0915584],[-64.3731554,45.0915428],[-64.373238,45.0915263],[-64.3733191,45.0915106],[-64.3733988,45.0914936],[-64.3734804,45.0914753],[-64.3735616,45.0914567],[-64.3736397,45.0914381],[-64.3737171,45.091422],[-64.3737922,45.0914043],[-64.3738648,45.0913872],[-64.3739354,45.0913713],[-64.3740044,45.0913557],[-64.3740718,45.0913399],[-64.3741345,45.0913239],[-64.3741945,45.0913107],[-64.3742528,45.0912985],[-64.3743029,45.0912868]]},"properties":{"highway":"residential","lanes":"2","name":"Marsh Hawk Drive","oneway":"no","source":"NRCan-CanVec-10.0","surface":"asphalt"}},
{"type":"Feature","geometry":{"type":"LineString","coordinates":[[-64.3528222,45.0889085],[-64.3528238,45.0889004],[-64.3528255,45.0888691],[-64.3528226,45.0888379],[-64.3528165,45.0887833],[-64.3528063,45.088729],[-64.3527921,45.0886752],[-64.3527664,45.0886026],[-64.3527148,45.0884206],[-64.3525264,45.0878555]]},"properties":{"highway":"residential","lanes":"2","name":"Minas View Drive","surface":"asphalt"}},
{"type":"Feature","geometry":{"type":"LineString","coordinates":[[-64.3518053,45.0857961],[-64.3518377,45.0856386],[-64.3518537,45.0855701],[-64.3518389,45.0855325],[-64.3518213,45.0855187],[-64.351793,45.0855022],[-64.3517378,45.0854996]]},"properties":{"highway":"residential","lanes":"2","name":"Minas View Drive","surface":"asphalt"}},
{"type":"Feature","geometry":{"type":"LineString","coordinates":[[-64.3526695,45.0892067],[-64.3526251,45.0891967],[-64.3525887,45.0891672],[-64.3525726,45.0891254],[-64.3525805,45.0891008],[-64.3526044,45.0890826],[-64.3526753,45.0890409],[-64.3527538,45.0889834],[-64.3528222,45.0889085]]},"properties":{"highway":"residential","lanes":"2","name":"Minas View Drive","surface":"asphalt"}},
{"type":"Feature","geometry":{"type":"LineString","coordinates":[[-64.3525264,45.0878555],[-64.3524509,45.0876289],[-64.3523617,45.087404],[-64.3522867,45.087242]]},"properties":{"highway":"residential","lanes":"2","name":"Minas View Drive","surface":"asphalt"}},
{"type":"Feature","geometry":{"type":"LineString","coordinates":[[-64.3526695,45.0892067],[-64.3527085,45.0892006],[-64.3527465,45.089192],[-64.3527832,45.0891749],[-64.3528141,45.0891384],[-64.3528344,45.0890791],[-64.3528566,45.0889943],[-64.3528222,45.0889085]]},"properties":{"highway":"residential","lanes":"2","name":"Minas View Drive","surface":"asphalt"}},
{"type":"Feature","geometry":{"type":"LineString","coordinates":[[-64.3518053,45.0857961],[-64.3516667,45.0856191],[-64.3516571,45.0855961],[-64.3516499,45.0855626],[-64.3516611,45.0855406],[-64.3516817,45.0855186],[-64.3517106,45.0855066],[-64.3517378,45.0854996]]},"properties":{"highway":"residential","lanes":"2","name":"Minas View Drive","surface":"asphalt"}},
{"type":"Feature","geometry":{"type":"LineString","coordinates":[[-64.3522867,45.087242],[-64.3522611,45.0871784],[-64.3521605,45.0867916],[-64.3520846,45.0865935],[-64.352009,45.0864045],[-64.3519332,45.0862064],[-64.3518701,45.0860083],[-64.3518053,45.0857961]]},"properties":{"highway":"residential","lanes":"2","name":"Minas View Drive","surface":"asphalt"}},
{"type":"Feature","geometry":{"type":"LineString","coordinates":[[-64.35165,45.090878],[-64.3516202,45.0907907],[-64.3516146,45.0907773],[-64.3516118,45.0907589],[-64.3516145,45.0907404],[-64.3516201,45.090727],[-64.3516319,45.0907104],[-64.3517242,45.0906275],[-64.3519576,45.0904394],[-64.3519812,45.0904251],[-64.3520089,45.0904037],[-64.3520298,45.0903825],[-64.3520472,45.0903591]]},"properties":{"highway":"residential","lanes":"2","name":"Orchard Avenue","surface":"asphalt"}},
{"type":"Feature","geometry":{"type":"LineString","coordinates":[[-64.3520472,45.0903591],[-64.3520554,45.0903458],[-64.3520616,45.090327],[-64.3520626,45.0903124],[-64.3520597,45.090296],[-64.3519859,45.0901314],[-64.3518691,45.0899123],[-64.3517422,45.0897102],[-64.3516155,45.0894942],[-64.3515187,45.0893197],[-64.3514168,45.089148],[-64.3513289,45.0889771],[-64.351241,45.0888063],[-64.3511518,45.0886354],[-64.3510764,45.0884553],[-64.3509881,45.0882655],[-64.350886,45.0880858],[-64.3507976,45.0878969],[-64.350722,45.0877079],[-64.3506337,45.0875181],[-64.3505964,45.0874465]]},"properties":{"highway":"residential","lanes":"2","name":"Orchard Avenue","surface":"asphalt"}},
{"type":"Feature","geometry":{"type":"LineString","coordinates":[[-64.3521654,45.0923627],[-64.3521378,45.0922819],[-64.3519082,45.0916083],[-64.3518182,45.0913704],[-64.3517436,45.0911455],[-64.35165,45.090878]]},"properties":{"highway":"residential","lanes":"2","name":"Orchard Avenue","surface":"asphalt"}},
{"type":"Feature","geometry":{"type":"LineString","coordinates":[[-64.3505964,45.0874465],[-64.3505241,45.0872999],[-64.3504323,45.0871136],[-64.3503683,45.0869334],[-64.3503185,45.0867621],[-64.3502558,45.0865819],[-64.3501919,45.0864017],[-64.3501294,45.0862305],[-64.3500667,45.0860512],[-64.3498936,45.0854968]]},"properties":{"highway":"residential","lanes":"2","name":"Orchard Avenue","surface":"asphalt"}},
{"type":"Feature","geometry":{"type":"LineString","coordinates":[[-64.3686647,45.0856867],[-64.3681808,45.0857492],[-64.3678714,45.0857963],[-64.3677995,45.0858072]]},"properties":{"highway":"residential","lanes":"2","name":"Park Street","surface":"asphalt"}},
{"type":"Feature","geometry":{"type":"LineString","coordinates":[[-64.373474,45.086856],[-64.3737408,45.0868172],[-64.3740353,45.0867726],[-64.37434,45.0867228],[-64.3748202,45.086645],[-64.3749444,45.0866256],[-64.3750246,45.0866131]]},"properties":{"highway":"residential","lanes":"2","name":"Prince Street","surface":"asphalt"}},
{"type":"Feature","geometry":{"type":"LineString","coordinates":[[-64.36052,45.0886939],[-64.3605947,45.0887054],[-64.3606454,45.0887134],[-64.360871,45.0887429],[-64.3611177,45.0887637],[-64.361364,45.0887752],[-64.3616046,45.0887775],[-64.3618886,45.088773],[-64.3622272,45.0887654],[-64.3625561,45.0887594],[-64.363238,45.0887471],[-64.3636261,45.0887353],[-64.3636591,45.0887341],[-64.3637367,45.0887312]]},"properties":{"highway":"residential","lanes":"2","name":"Prospect Street","oneway":"yes","surface":"asphalt"}},
{"type":"Feature","geometry":{"type":"LineString","coordinates":[[-64.3588541,45.0886166],[-64.3589393,45.0886147],[-64.3590648,45.0886149],[-64.3593295,45.0886277],[-64.359694,45.088644],[-64.3600577,45.0886628],[-64.36052,45.0886939]]},"properties":{"highway":"residential","lanes":"2","name":"Prospect Street","surface":"asphalt"}},
{"type":"Feature","geometry":{"type":"LineString","coordinates":[[-64.3732427,45.08607],[-64.3747275,45.0858753],[-64.3748067,45.0858649]]},"properties":{"highway":"residential","lanes":"2","name":"Queen Street","surface":"asphalt"}},
{"type":"Feature","geometry":{"type":"LineString","coordinates":[[-64.3719941,45.0902089],[-64.372017,45.0902762],[-64.3722731,45.0910273],[-64.3723539,45.0912714],[-64.3724408,45.0915223],[-64.3724518,45.0915394],[-64.372471,45.0915645],[-64.3724907,45.0915797],[-64.3725143,45.0915933],[-64.3725677,45.0916088]]},"properties":{"highway":"residential","lanes":"2","name":"Robie Tufts Drive","surface":"asphalt"}},
{"type":"Feature","geometry":{"type":"LineString","coordinates":[[-64.3576339,45.0918375],[-64.3576431,45.0917741],[-64.357677,45.0915411],[-64.3577923,45.0907495],[-64.3578005,45.0906847],[-64.3578011,45.0906679],[-64.3578042,45.0906396],[-64.3578073,45.0906205],[-64.3578117,45.0906023],[-64.357826,45.0905849],[-64.3578398,45.0905735],[-64.3578674,45.0905614],[-64.3578946,45.0905535],[-64.3579328,45.0905479],[-64.3579621,45.0905475],[-64.3582861,45.0905281],[-64.3583369,45.0905251],[-64.3583497,45.090525]]},"properties":{"highway":"residential","lanes":"1","name":"Seaview Avenue","surface":"asphalt"}},
{"type":"Feature","geometry":{"type":"LineString","coordinates":[[-64.3582762,45.0901973],[-64.3583817,45.0901909],[-64.3589231,45.0901725],[-64.3593253,45.0901574],[-64.3593866,45.0901561]]},"properties":{"highway":"residential","lanes":"1","name":"Starr Street","oneway":"yes","surface":"asphalt"}},
{"type":"Feature","geometry":{"type":"LineString","coordinates":[[-64.3595813,45.0907241],[-64.3596361,45.0907174],[-64.3601216,45.0906661],[-64.3604847,45.0906276],[-64.3607507,45.0905999],[-64.3610299,45.0905685],[-64.3612982,45.0905376],[-64.3615644,45.090511],[-64.3624505,45.0904128],[-64.3625256,45.090404]]},"properties":{"highway":"residential","lanes":"2","name":"Summer Street","surface":"asphalt"}},
{"type":"Feature","geometry":{"type":"LineString","coordinates":[[-64.3587625,45.0883866],[-64.3587665,45.088383],[-64.3587862,45.0883566],[-64.3588009,45.0883322],[-64.3588156,45.0883095],[-64.3588279,45.0882904],[-64.3588349,45.0882642],[-64.3588356,45.0882408],[-64.3588363,45.0882165],[-64.358837,45.088194],[-64.3588363,45.0881661],[-64.3588382,45.0881355],[-64.3588402,45.0881166],[-64.3588424,45.0880985],[-64.3588444,45.0880778],[-64.3588465,45.0880571],[-64.3588524,45.088039],[-64.358862,45.0880173],[-64.3588743,45.0879973],[-64.3588878,45.0879765],[-64.3589039,45.087961],[-64.3589201,45.0879464],[-64.3589388,45.0879326],[-64.3589576,45.0879189],[-64.3589801,45.0879042],[-64.3590039,45.0878905],[-64.3590278,45.0878794],[-64.3590554,45.0878673],[-64.3590844,45.0878553],[-64.3591108,45.0878451],[-64.3591386,45.0878375],[-64.3591664,45.0878327],[-64.3592183,45.087824],[-64.3592588,45.0878163],[-64.3592916,45.087806],[-64.3593295,45.0877966],[-64.35935979999999,45.0877863],[-64.3593875,45.087777],[-64.3594054,45.087756]]},"properties":{"access":"destination","highway":"residential","lanes":"1","name":"Toye Lane","oneway":"no","surface":"asphalt"}},
{"type":"Feature","geometry":{"type":"LineString","coordinates":[[-64.3686038,45.0906581],[-64.3685874,45.0905919],[-64.3684792,45.0901553],[-64.3684222,45.0899752],[-64.3683788,45.0898382],[-64.3683648,45.0897939],[-64.3683076,45.0896132],[-64.3682508,45.0894337],[-64.3682114,45.0893027],[-64.3681913,45.0892403],[-64.3680791,45.0889116],[-64.3680694,45.0888847],[-64.3679591,45.0885827],[-64.3679345,45.0885108],[-64.3678458,45.0882343],[-64.3677813,45.0880003],[-64.3677628,45.087947],[-64.367738,45.0878595],[-64.3676951,45.0877292],[-64.367674,45.087664],[-64.3676402,45.0875626]]},"properties":{"highway":"residential","lanes":"2","name":"University Avenue","surface":"asphalt"}},
{"type":"Feature","geometry":{"type":"LineString","coordinates":[[-64.3670974,45.085912],[-64.3670764,45.085847],[-64.3670124,45.0856668],[-64.3669425,45.0854604],[-64.3668867,45.0852975],[-64.3668553,45.0852113],[-64.3668239,45.0851173],[-64.3667976,45.0850316],[-64.3667853,45.0849917],[-64.3667342,45.0848469],[-64.3665087,45.0842083],[-64.3664458,45.0840191],[-64.3663699,45.0838211],[-64.3663069,45.0836319],[-64.3662437,45.0834337],[-64.3661776,45.0832432],[-64.3660741,45.0829694],[-64.3659182,45.0824952],[-64.3658939,45.0824353],[-64.3658879,45.0824232],[-64.3658619,45.0823708]]},"properties":{"highway":"residential","lanes":"2","name":"University Avenue","surface":"asphalt"}},
{"type":"Feature","geometry":{"type":"LineString","coordinates":[[-64.3676402,45.0875626],[-64.3676075,45.0874633],[-64.3675574,45.0873113],[-64.3675502,45.0872893]]},"properties":{"highway":"residential","lanes":"2","name":"University Avenue","surface":"asphalt"}},
{"type":"Feature","geometry":{"type":"LineString","coordinates":[[-64.3675502,45.0872893],[-64.3674812,45.0870781],[-64.3674177,45.0868837],[-64.3671916,45.0862123],[-64.3671332,45.0860272],[-64.3670974,45.085912]]},"properties":{"highway":"residential","lanes":"2","name":"University Avenue","surface":"asphalt"}},
{"type":"Feature","geometry":{"type":"LineString","coordinates":[[-64.3551924,45.0921975],[-64.3551764,45.0921454],[-64.3551034,45.0919072],[-64.3550532,45.0917101],[-64.3550051,45.091535],[-64.354946,45.0913603],[-64.3549147,45.0912707],[-64.3548815,45.0911732],[-64.354859,45.0911034],[-64.3547825,45.0908494],[-64.3546879,45.0905736],[-64.3546772,45.0905356]]},"properties":{"highway":"residential","lanes":"2","name":"Victoria Avenue","surface":"asphalt"}},
{"type":"Feature","geometry":{"type":"LineString","coordinates":[[-64.3632396,45.0872509],[-64.36318,45.08726],[-64.3631265,45.0872671],[-64.362829,45.0873134],[-64.3625504,45.0873531],[-64.3622707,45.0873978],[-64.3619897,45.0874367],[-64.3617406,45.0874702]]},"properties":{"highway":"residential","lanes":"2","name":"Wallace Place","surface":"asphalt"}},
{"type":"Feature","geometry":{"type":"LineString","coordinates":[[-64.370184,45.0904056],[-64.3701613,45.0903414],[-64.3701107,45.0901985],[-64.370042,45.089991499999999],[-64.3699762,45.0897829],[-64.3699055,45.0895685],[-64.3698405,45.0893609],[-64.3697526,45.0890676],[-64.3696578,45.0887553],[-64.3696129,45.0886299],[-64.3695903,45.0885664],[-64.3695594,45.0884679],[-64.3695493,45.0884267],[-64.3694823,45.088203],[-64.369413,45.087991],[-64.3693585,45.0878118],[-64.3693404,45.0877679],[-64.3692799,45.0875716],[-64.3692534,45.0874828],[-64.3692325,45.0874126]]},"properties":{"highway":"residential","lanes":"2","name":"Westwood Avenue","surface":"asphalt"}},
{"type":"Feature","geometry":{"type":"LineString","coordinates":[[-64.3692325,45.0874126],[-64.3689792,45.0866308],[-64.3689185,45.0864448],[-64.3688452,45.0862311],[-64.3687957,45.0860943],[-64.3687346,45.0858887],[-64.3686647,45.0856867]]},"properties":{"highway":"residential","lanes":"2","name":"Westwood Avenue","surface":"asphalt"}},
{"type":"Feature","geometry":{"type":"LineString","coordinates":[[-64.3686647,45.0856867],[-64.3684375,45.0848906]]},"properties":{"highway":"residential","lanes":"2","name":"Westwood Avenue","surface":"asphalt"}},
{"type":"Feature","geometry":{"type":"LineString","coordinates":[[-64.3728132,45.0900512],[-64.3727885,45.0899755],[-64.3725947,45.0893356],[-64.3724558,45.0889484],[-64.3723926,45.0887502],[-64.3723499,45.0886204],[-64.3723296,45.088562],[-64.3722619,45.088362],[-64.3721908,45.0881747],[-64.3720962,45.0878995],[-64.3719772,45.087579],[-64.3719535,45.0875101],[-64.3719498,45.0874693],[-64.3719616,45.0874261]]},"properties":{"highway":"residential","lanes":"2","name":"Wickwire Avenue","surface":"asphalt"}},
{"type":"Feature","geometry":{"type":"LineString","coordinates":[[-64.3719616,45.0874261],[-64.3719755,45.0874095],[-64.3719842,45.0873998],[-64.3720072,45.0873842],[-64.3721108,45.0873494],[-64.3722636,45.0873085],[-64.3723196,45.0872928],[-64.3723469,45.0872798],[-64.372384,45.0872566],[-64.3724154,45.0872297],[-64.3724329,45.0872099],[-64.3724534,45.0871781],[-64.3724631,45.0871557],[-64.3724692,45.0871136],[-64.3724744,45.0870763],[-64.3724724,45.0870407],[-64.3724644,45.0870082],[-64.3724465,45.086969],[-64.3722203,45.0863299],[-64.3721442,45.0861229],[-64.372068,45.0859159],[-64.3720046,45.0857087],[-64.3719298,45.0855016],[-64.3718664,45.0852945],[-64.3717316,45.0849023],[-64.3717275,45.0848532]]},"properties":{"highway":"residential","lanes":"2","name":"Wickwire Avenue","surface":"asphalt"}},
{"type":"Feature","geometry":{"type":"LineString","coordinates":[[-64.3565135,45.0918448],[-64.3565004,45.0917815],[-64.3564894,45.0917288],[-64.3564867,45.0916546],[-64.3565138,45.0914427],[-64.3565552,45.0912221],[-64.3565628,45.0910967],[-64.3565847,45.0908995],[-64.3566066,45.0908131],[-64.356668,45.0906145],[-64.3567028,45.0905131],[-64.3567332,45.0904551],[-64.3567517,45.0904084],[-64.3567988,45.0902033],[-64.356806,45.0900122],[-64.3567916,45.0899497],[-64.3567452,45.0898815],[-64.35671,45.0898297]]},"properties":{"highway":"residential","lanes":"2","name":"Willow Avenue","surface":"asphalt"}},
{"type":"Feature","geometry":{"type":"LineString","coordinates":[[-64.3586746,45.0880098],[-64.3586019,45.0880101],[-64.3585395,45.0880107],[-64.358454,45.0880118],[-64.3583971,45.0880154],[-64.3583531,45.0880222],[-64.358321,45.0880322],[-64.3583094,45.0880375],[-64.358301,45.0880437],[-64.3582887,45.0880516],[-64.3582652,45.0880726],[-64.3582259,45.0881529],[-64.3582003,45.0882319],[-64.3581664,45.0883158],[-64.358142,45.0884088],[-64.3581081,45.0884872],[-64.3580593,45.0885499],[-64.3580022,45.0886167],[-64.3579481,45.0886803],[-64.357901,45.0887364],[-64.3578572,45.0887972],[-64.3577322,45.0889441],[-64.3576167,45.0891218],[-64.3575881,45.0891644],[-64.3575376,45.0892504]]},"properties":{"highway":"residential","lanes":"1","name":"Willow Avenue","oneway":"yes","surface":"asphalt"}},
{"type":"Feature","geometry":{"type":"LineString","coordinates":[[-64.35671,45.0898297],[-64.3567782,45.0897826],[-64.356817,45.0897532],[-64.3568623,45.089717],[-64.3569688,45.0896308],[-64.35735,45.089363],[-64.3573999,45.0893264],[-64.3574393,45.0893031],[-64.3575376,45.0892504]]},"properties":{"highway":"residential","lanes":"2","name":"Willow Avenue","surface":"asphalt"}},
{"type":"Feature","geometry":{"type":"LineString","coordinates":[[-64.3575376,45.0892504],[-64.3575852,45.0892419],[-64.3576318,45.0892388],[-64.3578113,45.0892334],[-64.3582025,45.0892262],[-64.3589846,45.0892207],[-64.3590532,45.0892202]]},"properties":{"highway":"residential","lanes":"2","name":"Winter Street","oneway":"yes","surface":"asphalt"}},
{"type":"Feature","geometry":{"type":"LineString","coordinates":[[-64.3510634,45.0903865],[-64.3511235,45.0907343],[-64.3511424,45.0907764],[-64.3511782,45.0908092],[-64.3512198,45.0908277],[-64.3512327,45.0908325],[-64.3512783,45.0908495],[-64.3514659,45.0908783],[-64.3515823,45.090881],[-64.35165,45.090878]]},"properties":{"highway":"residential","lanes":"1","name":"Wright Lane","surface":"unpaved"}},
{"type":"Feature","geometry":{"type":"LineString","coordinates":[[-64.3682441,45.087411],[-64.3682314,45.0873704]]},"properties":{"highway":"footway","surface":"unpaved"}},
{"type":"Feature","geometry":{"type":"LineString","coordinates":[[-64.3708478,45.0921148],[-64.370075,45.0922544],[-64.3700353,45.0922845],[-64.3700023,45.0923176],[-64.3700036,45.0923695],[-64.3701257,45.0926814]]},"properties":{"access":"permissive","highway":"residential","lanes":"2","source":"NRCan-CanVec-10.0","surface":"asphalt"}},
{"type":"Feature","geometry":{"type":"LineString","coordinates":[[-64.3705955,45.0914481],[-64.3704679,45.0914679],[-64.3704073,45.0914953],[-64.3703706,45.0915048],[-64.3703203,45.0915252],[-64.3702836,45.0915319],[-64.3702456,45.0915378],[-64.3702077,45.0915445],[-64.3701684,45.0915522],[-64.3701279,45.091559],[-64.3700887,45.0915667],[-64.3700508,45.0915743],[-64.3700116,45.091582],[-64.3699723,45.0915888],[-64.3699344,45.0915964],[-64.3698965,45.0916041],[-64.3698547,45.0916127],[-64.3698117,45.0916213],[-64.36977,45.0916308],[-64.3697308,45.0916376],[-64.3696916,45.0916452],[-64.3696523,45.091652],[-64.3696131,45.0916597],[-64.3695739,45.0916673],[-64.3695347,45.091675],[-64.3694942,45.0916836],[-64.3694575,45.0916903],[-64.3694246,45.0916952],[-64.3693917,45.0917019],[-64.3693652,45.0917068],[-64.3693247,45.0917162],[-64.3693007,45.0917219],[-64.3692732,45.0917421],[-64.369266,45.0917575],[-64.3692652,45.0917764],[-64.3692682,45.0917961],[-64.3692751,45.0918186],[-64.3692832,45.091841],[-64.3692955,45.091875],[-64.3693024,45.0918984],[-64.3693093,45.0919226],[-64.3693163,45.0919477],[-64.3693259,45.0919764],[-64.3693367,45.092006],[-64.3693476,45.0920337],[-64.3693597,45.0920615],[-64.3693879,45.0921269],[-64.3694027,45.0921618],[-64.3694162,45.092194],[-64.3694298,45.092229],[-64.3694446,45.0922657],[-64.3694595,45.0923024],[-64.3694743,45.0923401],[-64.3694892,45.0923786],[-64.3695015,45.0924136],[-64.36951379999999,45.0924467],[-64.3695247,45.0924799],[-64.3695344,45.0925113],[-64.3695414,45.0925409],[-64.3695459,45.0925706],[-64.3695441,45.0926012],[-64.3695334,45.0926319],[-64.36951379999999,45.0926601],[-64.3694851,45.0926829],[-64.3694525,45.0927022],[-64.369416,45.0927171],[-64.3693757,45.092731],[-64.3693315,45.0927433],[-64.3692873,45.0927537],[-64.3692455,45.0927614],[-64.3692075,45.0927682],[-64.3691683,45.092774],[-64.369129,45.092779],[-64.3690859,45.092784],[-64.3690416,45.0927891],[-64.368996,45.0927959],[-64.3689491,45.0928037],[-64.3688972,45.0928124],[-64.3688479,45.0928202],[-64.3687997,45.0928262],[-64.3687515,45.0928312],[-64.3687021,45.0928363],[-64.3686514,45.0928414],[-64.3685982,45.0928475],[-64.3685449,45.0928517],[-64.368489,45.0928551],[-64.3684358,45.0928584],[-64.3683837,45.0928591],[-64.3683354,45.0928614],[-64.3682834,45.092863],[-64.3682348,45.0928626],[-64.368169,45.0928652],[-64.3681055,45.092866],[-64.3680432,45.0928649],[-64.3679759,45.0928648],[-64.3679085,45.0928656],[-64.3678437,45.0928664],[-64.3677776,45.0928663],[-64.3677115,45.0928635],[-64.367648,45.0928652],[-64.3675818,45.0928606],[-64.3675191,45.0928586],[-64.3674583,45.0928521],[-64.3674032,45.0928455],[-64.3673499,45.0928372],[-64.3672926,45.0928298],[-64.3672364,45.0928206],[-64.3671828,45.0928086],[-64.3671291,45.0927967],[-64.3670755,45.0927874],[-64.3670245,45.092779],[-64.3669773,45.0927724],[-64.3669365,45.0927666],[-64.3668983,45.0927625],[-64.3668677,45.0927575],[-64.3668243,45.0927517],[-64.3667772,45.0927478],[-64.3667467,45.0927481],[-64.3667149,45.0927458],[-64.3666831,45.0927435],[-64.3666512,45.0927394],[-64.3666194,45.0927371],[-64.3665863,45.0927347],[-64.3665532,45.0927324],[-64.36652,45.0927292],[-64.3664857,45.092726999999999],[-64.3664513,45.0927247],[-64.3664221,45.0927232],[-64.3663839,45.092721],[-64.3663119,45.0927128],[-64.3662374,45.0927065],[-64.366203,45.0927033],[-64.3661674,45.0927011],[-64.3661317,45.092697],[-64.366096,45.0926947],[-64.3660604,45.0926915],[-64.3660247,45.0926884],[-64.3659865,45.0926861],[-64.3659496,45.0926839],[-64.3659102,45.0926825],[-64.365872,45.0926794],[-64.3658364,45.092678],[-64.3658046,45.0926766],[-64.3657779,45.092676],[-64.3657257,45.0926748],[-64.3656952,45.0926743],[-64.3656635,45.0926738]]},"properties":{"bicycle":"yes","foot":"yes","highway":"service","motor_vehicle":"yes","source":"NRCan-CanVec-10.0","surface":"asphalt"}},
{"type":"Feature","geometry":{"type":"LineString","coordinates":[[-64.3599014,45.0916261],[-64.3609242,45.0915301],[-64.3611004,45.0915134],[-64.3612267,45.0915032]]},"properties":{"footway":"sidewalk","highway":"footway","is_sidepath:of:name":"Main Street","surface":"concrete"}},
{"type":"Feature","geometry":{"type":"LineString","coordinates":[[-64.3575163,45.0887147],[-64.3574647,45.0887873],[-64.3574143,45.0888591],[-64.3573512,45.0889309],[-64.3572866,45.0889938],[-64.3572741,45.089003],[-64.3572672,45.0890091],[-64.3572618,45.0890211],[-64.3572562,45.0890262],[-64.3572534,45.0890359],[-64.3572485,45.0890474],[-64.3572487,45.0890564],[-64.3572489,45.0890654],[-64.3572491,45.0890744],[-64.357248,45.0890834],[-64.3572483,45.0890924],[-64.3572485,45.0891014],[-64.3572924,45.0891635],[-64.3573404,45.0892198],[-64.3574393,45.0893031]]},"properties":{"highway":"service","lanes":"1","oneway":"no","service":"driveway","surface":"unpaved"}},
{"type":"Feature","geometry":{"type":"LineString","coordinates":[[-64.3677663,45.087542],[-64.3676996,45.0875518],[-64.3676402,45.0875626]]},"properties":{"highway":"footway","surface":"paving_stones"}},
{"type":"Feature","geometry":{"type":"LineString","coordinates":[[-64.3692325,45.0874126],[-64.3691449,45.087424],[-64.3690825,45.0874338],[-64.3688932,45.0874634]]},"properties":{"highway":"service","lanes":"2","service":"driveway","surface":"asphalt"}},
{"type":"Feature","geometry":{"type":"LineString","coordinates":[[-64.3680767,45.0873663],[-64.3681117,45.0874759],[-64.3682572,45.0874527],[-64.3684137,45.0874279],[-64.3683787,45.0873177],[-64.3683319,45.0871666],[-64.3681748,45.0871909],[-64.3680292,45.0872134],[-64.3680767,45.0873663]]},"properties":{"highway":"footway","surface":"unpaved"}},
{"type":"Feature","geometry":{"type":"LineString","coordinates":[[-64.3682441,45.087411],[-64.3683277,45.087398],[-64.3683061,45.0873293],[-64.3682834,45.0872576],[-64.3682007,45.0872707],[-64.3681183,45.0872836],[-64.368141,45.087356],[-64.3681619,45.0874237],[-64.3682441,45.087411]]},"properties":{"highway":"footway","surface":"unpaved"}},
{"type":"Feature","geometry":{"type":"LineString","coordinates":[[-64.3682314,45.0873704],[-64.3682476,45.0873653],[-64.3682578,45.0873571],[-64.3682626,45.0873475],[-64.3682618,45.087336],[-64.3682552,45.0873265],[-64.3682455,45.08732],[-64.3682315,45.087316],[-64.3682154,45.0873161],[-64.3682025,45.0873199],[-64.3681922,45.0873267],[-64.3681857,45.0873364],[-64.3681853,45.0873489],[-64.368191,45.0873585],[-64.368204,45.0873671],[-64.3682171,45.0873705],[-64.3682314,45.0873704]]},"properties":{"highway":"footway","surface":"unpaved"}},
{"type":"Feature","geometry":{"type":"LineString","coordinates":[[-64.3680684,45.0868284],[-64.3680547,45.0868283],[-64.3680419,45.0868247],[-64.3680318,45.0868182],[-64.3680257,45.0868096],[-64.3680245,45.0867988],[-64.3680294,45.0867886],[-64.3680397,45.0867807],[-64.3680537,45.0867761],[-64.3680689,45.086776],[-64.3680829,45.08678],[-64.3680937,45.0867876],[-64.3680992,45.0867976],[-64.3680987,45.086808],[-64.3680928,45.0868175],[-64.3680821,45.0868247],[-64.3680684,45.0868284]]},"properties":{"highway":"footway","surface":"unpaved"}},
{"type":"Feature","geometry":{"type":"LineString","coordinates":[[-64.3645341,45.0863309],[-64.3641897,45.0862788]]},"properties":{"highway":"footway","surface":"asphalt"}},
{"type":"Feature","geometry":{"type":"LineString","coordinates":[[-64.3713645,45.0883075],[-64.3712754,45.0883103],[-64.3711351,45.0883034],[-64.3710027,45.088294],[-64.3709294,45.0882888],[-64.3709026,45.0883273],[-64.3708972,45.0883785],[-64.3709652,45.0885845],[-64.3710524,45.0885782],[-64.3711532,45.0885664],[-64.3712127,45.088551],[-64.3711891,45.0884776],[-64.3711351,45.0883034]]},"properties":{"highway":"service","service":"parking_aisle","surface":"asphalt"}},
{"type":"Feature","geometry":{"type":"LineString","coordinates":[[-64.3710032,45.0849601],[-64.370957,45.084966],[-64.3708855,45.0849664],[-64.3708449,45.0849396],[-64.3708052,45.0849413],[-64.3707165,45.0849611],[-64.3706698,45.0849743],[-64.3706231,45.0849693],[-64.3705811,45.0849776],[-64.3705507,45.0850386],[-64.3705133,45.0850897],[-64.370455,45.0851358],[-64.3703732,45.0851754],[-64.3703219,45.0851952],[-64.3702425,45.0852331],[-64.3702145,45.0852529],[-64.3701701,45.0853287],[-64.3701327,45.0853798],[-64.3700954,45.0854029],[-64.3700604,45.085426],[-64.3699903,45.0854837],[-64.3699296,45.08552],[-64.3698946,45.0855331],[-64.369848,45.0855459]]},"properties":{"bicycle":"designated","foot":"designated","highway":"path","horse":"no","incline":"up","name":"Acadia University Woodlands Trail","sac_scale":"hiking","segregated":"no","surface":"ground","trail_visibility":"good","width":"1"}},
{"type":"Feature","geometry":{"type":"LineString","coordinates":[[-64.3706701,45.0868071],[-64.3705892,45.0866962],[-64.370462,45.0864366],[-64.3704328,45.0863649],[-64.3704024,45.086336],[-64.3703452,45.0863204],[-64.3702915,45.0862956],[-64.3702063,45.0862907],[-64.3701339,45.0862989],[-64.3701082,45.0862965],[-64.3700767,45.0862791],[-64.370016,45.0862256],[-64.3699518,45.0861736],[-64.3698929,45.0861103]]},"properties":{"bicycle":"designated","foot":"designated","highway":"path","horse":"no","name":"Acadia University Woodlands Trail","sac_scale":"hiking","segregated":"no","surface":"ground","trail_visibility":"excellent","width":"1"}},
{"type":"Feature","geometry":{"type":"LineString","coordinates":[[-64.3530609,45.0849648],[-64.3529916,45.0849518],[-64.3529631,45.0849511],[-64.3529362,45.0849526],[-64.3527942,45.0849916],[-64.3525555,45.0850712],[-64.352455,45.0851034],[-64.3523093,45.0851542],[-64.352275,45.0851728],[-64.3522318,45.0852013],[-64.3521327,45.0852827],[-64.3520456,45.0853561],[-64.3518389,45.0855325]]},"properties":{"bicycle":"designated","foot":"designated","highway":"path","horse":"no","incline":"1%","name":"Kendall Pathway","segregated":"no","surface":"asphalt","width":"1"}},
{"type":"Feature","geometry":{"type":"LineString","coordinates":[[-64.3556273,45.0929278],[-64.3556363,45.0929629]]},"properties":{"highway":"track","surface":"unpaved","tracktype":"grade2"}},
{"type":"Feature","geometry":{"type":"LineString","coordinates":[[-64.367074,45.0877491],[-64.3670533,45.0876773]]},"properties":{"handrail":"yes","highway":"steps","incline":"up","step_count":"15","surface":"concrete"}},
{"type":"Feature","geometry":{"type":"LineString","coordinates":[[-64.3671985,45.0873452],[-64.3672719,45.0875859]]},"properties":{"highway":"service","service":"driveway","surface":"asphalt"}},
{"type":"Feature","geometry":{"type":"LineString","coordinates":[[-64.3678327,45.0875789],[-64.3678453,45.0876187],[-64.3678569,45.0876555]]},"properties":{"highway":"footway","surface":"paving_stones"}},
{"type":"Feature","geometry":{"type":"LineString","coordinates":[[-64.3676951,45.0877292],[-64.3677536,45.0877198],[-64.3677928,45.0877139]]},"properties":{"highway":"footway","surface":"paving_stones"}},
{"type":"Feature","geometry":{"type":"LineString","coordinates":[[-64.3677928,45.0877139],[-64.3678716,45.087702],[-64.3678569,45.0876555]]},"properties":{"foot":"designated","highway":"steps","incline":"up","surface":"stone"}},
{"type":"Feature","geometry":{"type":"LineString","coordinates":[[-64.3678453,45.0876187],[-64.3678729,45.0876143],[-64.3679257,45.0876059]]},"properties":{"highway":"footway","surface":"paving_stones"}},
{"type":"Feature","geometry":{"type":"LineString","coordinates":[[-64.3678327,45.0875789],[-64.3678186,45.0875344],[-64.3677663,45.087542]]},"properties":{"foot":"designated","highway":"steps","incline":"down","surface":"stone"}},
{"type":"Feature","geometry":{"type":"LineString","coordinates":[[-64.3683725,45.0869296],[-64.3684258,45.0868989]]},"properties":{"highway":"footway","surface":"unpaved"}},
{"type":"Feature","geometry":{"type":"LineString","coordinates":[[-64.3683218,45.0867688],[-64.3683204,45.0865621],[-64.3682748,45.0864923],[-64.3681798,45.0864056],[-64.3681353,45.086343]]},"properties":{"highway":"footway","surface":"unpaved"}},
{"type":"Feature","geometry":{"type":"LineString","coordinates":[[-64.3680506,45.0860385],[-64.368052,45.086025]]},"properties":{"highway":"footway","surface":"unpaved"}},
{"type":"Feature","geometry":{"type":"LineString","coordinates":[[-64.368052,45.086025],[-64.3680551,45.0859953]]},"properties":{"bridge":"yes","highway":"footway","surface":"wood"}},
{"type":"Feature","geometry":{"type":"LineString","coordinates":[[-64.367783,45.086845],[-64.3677029,45.0869073]]},"properties":{"highway":"footway","surface":"ground"}},
{"type":"Feature","geometry":{"type":"LineString","coordinates":[[-64.3678287,45.0859221],[-64.3676577,45.0859374],[-64.3675366,45.0859751],[-64.3674315,45.0860384],[-64.3674202,45.086062]]},"properties":{"highway":"footway","surface":"ground"}},
{"type":"Feature","geometry":{"type":"LineString","coordinates":[[-64.3677061,45.0865953],[-64.3676374,45.0865763]]},"properties":{"highway":"footway","surface":"ground"}},
{"type":"Feature","geometry":{"type":"LineString","coordinates":[[-64.3676825,45.0866759],[-64.3676922,45.0867129]]},"properties":{"highway":"steps","incline":"down","step_count":"4","surface":"wood"}},
{"type":"Feature","geometry":{"type":"LineString","coordinates":[[-64.3674378,45.0861645],[-64.3674318,45.0861989],[-64.3674841,45.0862869],[-64.3675762,45.0863393],[-64.3676227,45.0864019]]},"properties":{"highway":"footway","surface":"mulch"}},
{"type":"Feature","geometry":{"type":"LineString","coordinates":[[-64.3678372,45.0860244],[-64.3678374,45.0860695]]},"properties":{"bridge":"yes","highway":"footway","surface":"wood"}},
{"type":"Feature","geometry":{"type":"LineString","coordinates":[[-64.3676922,45.0867129],[-64.3676817,45.0868286],[-64.3677029,45.0869073],[-64.3677251,45.0869973],[-64.3677109,45.087081],[-64.3677517,45.0871464],[-64.3678223,45.0871814],[-64.3678865,45.0871892]]},"properties":{"highway":"footway","surface":"ground"}},
{"type":"Feature","geometry":{"type":"LineString","coordinates":[[-64.3676227,45.0864019],[-64.3675966,45.086468],[-64.3676159,45.0865351],[-64.3676374,45.0865763],[-64.3676666,45.0866324],[-64.3676825,45.0866759]]},"properties":{"highway":"footway","surface":"ground"}},
{"type":"Feature","geometry":{"type":"LineString","coordinates":[[-64.3678919,45.0861331],[-64.3678221,45.0861109]]},"properties":{"handrail":"no","highway":"steps","step_count":"9","surface":"wood"}},
{"type":"Feature","geometry":{"type":"LineString","coordinates":[[-64.3678374,45.0860695],[-64.3677674,45.0860554],[-64.3676331,45.0860542],[-64.3675482,45.0860744],[-64.3674469,45.0861224],[-64.3674378,45.0861645]]},"properties":{"highway":"footway","surface":"ground"}},
{"type":"Feature","geometry":{"type":"LineString","coordinates":[[-64.3676785,45.0863564],[-64.367622,45.0863535],[-64.3675762,45.0863393]]},"properties":{"highway":"footway","surface":"ground"}},
{"type":"Feature","geometry":{"type":"LineString","coordinates":[[-64.3678374,45.0860695],[-64.3678221,45.0861109],[-64.3677767,45.0861974],[-64.3677413,45.0862974],[-64.3676785,45.0863564],[-64.3676227,45.0864019]]},"properties":{"highway":"footway","surface":"ground"}},
{"type":"Feature","geometry":{"type":"LineString","coordinates":[[-64.3676666,45.0866324],[-64.3677061,45.0865953],[-64.3678387,45.0865845]]},"properties":{"highway":"footway","surface":"ground"}},
{"type":"Feature","geometry":{"type":"LineString","coordinates":[[-64.3678688,45.0859482],[-64.3678388,45.0859822],[-64.3678372,45.0860244]]},"properties":{"highway":"footway","surface":"unpaved"}},
{"type":"Feature","geometry":{"type":"LineString","coordinates":[[-64.368426,45.0871041],[-64.3684297,45.0871142]]},"properties":{"highway":"footway","surface":"stone"}},
{"type":"Feature","geometry":{"type":"LineString","coordinates":[[-64.3675502,45.0872893],[-64.3676156,45.0872804],[-64.3677903,45.0872513],[-64.3678535,45.0872412]]},"properties":{"highway":"footway","surface":"paving_stones"}},
{"type":"Feature","geometry":{"type":"LineString","coordinates":[[-64.3668824,45.0889212],[-64.3671349,45.0888875],[-64.3672718,45.088885],[-64.3674153,45.0888796],[-64.3674398,45.0888524],[-64.3676232,45.0886868],[-64.3677118,45.0886365],[-64.3679031,45.088591],[-64.3679591,45.0885827]]},"properties":{"highway":"service","service":"driveway","surface":"asphalt"}},
{"type":"Feature","geometry":{"type":"LineString","coordinates":[[-64.3644387,45.0870821],[-64.3642299,45.0870941],[-64.3641366,45.0871078],[-64.3640503,45.0871205],[-64.3639858,45.0871328],[-64.3634686,45.0872159],[-64.3633222,45.0872396],[-64.3632396,45.0872509]]},"properties":{"highway":"service","service":"parking_aisle","surface":"asphalt"}},
{"type":"Feature","geometry":{"type":"LineString","coordinates":[[-64.3653412,45.0854457],[-64.3655785,45.0854063]]},"properties":{"highway":"service","service":"parking_aisle","surface":"unpaved"}},
{"type":"Feature","geometry":{"type":"LineString","coordinates":[[-64.3652882,45.0852855],[-64.3655818,45.0852372]]},"properties":{"highway":"service","service":"parking_aisle","surface":"unpaved"}},
{"type":"Feature","geometry":{"type":"LineString","coordinates":[[-64.3654102,45.0855885],[-64.3655844,45.0855668]]},"properties":{"highway":"service","service":"parking_aisle","surface":"unpaved"}},
{"type":"Feature","geometry":{"type":"LineString","coordinates":[[-64.3677813,45.0880003],[-64.3678457,45.0879924],[-64.3682562,45.0879458],[-64.3683711,45.087927],[-64.3684035,45.0879216],[-64.3684353,45.0879164],[-64.3685496,45.0878977],[-64.3693258,45.0877703],[-64.3693404,45.0877679]]},"properties":{"highway":"footway","surface":"asphalt"}},
{"type":"Feature","geometry":{"type":"LineString","coordinates":[[-64.3684502,45.0879642],[-64.3684425,45.0879397]]},"properties":{"foot":"designated","highway":"steps","incline":"up","surface":"stone"}},
{"type":"Feature","geometry":{"type":"LineString","coordinates":[[-64.3683736,45.0880281],[-64.3683501,45.08807],[-64.3683446,45.0881374],[-64.3683431,45.088155],[-64.3683591,45.0882347],[-64.3683995,45.0883131],[-64.3684161,45.088334],[-64.368435,45.0883578]]},"properties":{"highway":"footway","surface":"concrete"}},
{"type":"Feature","geometry":{"type":"LineString","coordinates":[[-64.3648277,45.0882415],[-64.3650162,45.0882492],[-64.3651642,45.0882651],[-64.3652281,45.0882772]]},"properties":{"highway":"footway","surface":"unpaved"}},
{"type":"Feature","geometry":{"type":"LineString","coordinates":[[-64.3687806,45.0870935],[-64.3687481,45.0869966],[-64.3687257,45.08693],[-64.3686991,45.0868509],[-64.3686787,45.0867901],[-64.3686556,45.0867212]]},"properties":{"highway":"footway","surface":"unpaved"}},
{"type":"Feature","geometry":{"type":"LineString","coordinates":[[-64.3688219,45.0869841],[-64.3687994,45.0869177],[-64.3687731,45.0868389],[-64.3687532,45.086778],[-64.3686787,45.0867901],[-64.3686048,45.0868023],[-64.3686249,45.0868629],[-64.3686519,45.0869423],[-64.3686747,45.0870091],[-64.3687481,45.0869966],[-64.3688219,45.0869841]]},"properties":{"highway":"footway","surface":"unpaved"}},
{"type":"Feature","geometry":{"type":"LineString","coordinates":[[-64.3686519,45.0869423],[-64.3687257,45.08693],[-64.3687994,45.0869177]]},"properties":{"highway":"footway","surface":"unpaved"}},
{"type":"Feature","geometry":{"type":"LineString","coordinates":[[-64.368368,45.0878051],[-64.3683417,45.0878572],[-64.3683085,45.0879],[-64.3682562,45.0879458]]},"properties":{"highway":"footway","surface":"asphalt"}},
{"type":"Feature","geometry":{"type":"LineString","coordinates":[[-64.368368,45.0878051],[-64.3684243,45.0878438],[-64.3684825,45.0878724],[-64.3685496,45.0878977]]},"properties":{"highway":"footway","surface":"asphalt"}},
{"type":"Feature","geometry":{"type":"LineString","coordinates":[[-64.3684035,45.0879216],[-64.3683929,45.0878866]]},"properties":{"highway":"footway","surface":"asphalt"}},
{"type":"Feature","geometry":{"type":"LineString","coordinates":[[-64.3683929,45.0878866],[-64.3683819,45.0878507]]},"properties":{"foot":"designated","highway":"steps","incline":"up","surface":"stone"}},
{"type":"Feature","geometry":{"type":"LineString","coordinates":[[-64.3683859,45.0879743],[-64.3683781,45.0879496]]},"properties":{"foot":"designated","highway":"steps","incline":"up","surface":"stone"}},
{"type":"Feature","geometry":{"type":"LineString","coordinates":[[-64.3684342,45.0880207],[-64.3684186,45.0879691]]},"properties":{"foot":"designated","highway":"steps","incline":"up","surface":"stone"}},
{"type":"Feature","geometry":{"type":"LineString","coordinates":[[-64.3683859,45.0879743],[-64.3684186,45.0879691],[-64.3684502,45.0879642]]},"properties":{"highway":"footway","surface":"asphalt"}},
{"type":"Feature","geometry":{"type":"LineString","coordinates":[[-64.3684425,45.0879397],[-64.3684353,45.0879164]]},"properties":{"highway":"footway","surface":"asphalt"}},
{"type":"Feature","geometry":{"type":"LineString","coordinates":[[-64.3652121,45.0895218],[-64.365211,45.0894904],[-64.365208,45.0894519]]},"properties":{"highway":"service","name":"Horton Avenue","surface":"asphalt"}},
{"type":"Feature","geometry":{"type":"LineString","coordinates":[[-64.3644387,45.0870821],[-64.3644291,45.0871395],[-64.3644849,45.087313],[-64.3645199,45.0874081],[-64.3646209,45.0877279],[-64.364634,45.0877772],[-64.3647467,45.088108],[-64.3647616,45.0881285],[-64.3648055,45.0881647]]},"properties":{"highway":"service","name":"Horton Avenue","oneway":"yes","surface":"asphalt"}},
{"type":"Feature","geometry":{"type":"LineString","coordinates":[[-64.3648055,45.0881647],[-64.364816,45.0881215],[-64.3648183,45.0881118],[-64.3648157,45.0880938],[-64.3647051,45.0877608],[-64.3646908,45.0877139],[-64.3645887,45.0873955],[-64.3645578,45.0873253],[-64.3645343,45.0872607],[-64.3644819,45.0871301],[-64.3644387,45.0870821]]},"properties":{"highway":"service","name":"Horton Avenue","oneway":"yes","surface":"asphalt"}},
{"type":"Feature","geometry":{"type":"LineString","coordinates":[[-64.3647051,45.0877608],[-64.3646609,45.0877704],[-64.364634,45.0877772]]},"properties":{"highway":"service","surface":"asphalt"}},
{"type":"Feature","geometry":{"type":"LineString","coordinates":[[-64.3649508,45.0886454],[-64.3649334,45.0886977],[-64.3649741,45.0888246],[-64.365003,45.088928],[-64.3650309,45.0890155],[-64.3650936,45.0891985],[-64.3651476,45.089389],[-64.3651563,45.0894068],[-64.3651778,45.0894282],[-64.365208,45.0894519]]},"properties":{"highway":"service","name":"Horton Avenue","oneway":"yes","surface":"asphalt"}},
{"type":"Feature","geometry":{"type":"LineString","coordinates":[[-64.365208,45.0894519],[-64.3652194,45.0894231],[-64.3652223,45.0894006],[-64.3652225,45.0893752],[-64.3651578,45.0891816],[-64.3650563,45.0888547]]},"properties":{"highway":"service","name":"Horton Avenue","oneway":"yes","surface":"asphalt"}},
{"type":"Feature","geometry":{"type":"LineString","coordinates":[[-64.3646317,45.0870429],[-64.3645705,45.0868633]]},"properties":{"highway":"service","service":"driveway","surface":"concrete"}},
{"type":"Feature","geometry":{"type":"LineString","coordinates":[[-64.364813,45.0869469],[-64.3645705,45.0868633]]},"properties":{"highway":"footway","surface":"concrete"}},
{"type":"Feature","geometry":{"type":"LineString","coordinates":[[-64.3647263,45.0867632],[-64.365115,45.0867005]]},"properties":{"highway":"footway","surface":"asphalt"}},
{"type":"Feature","geometry":{"type":"LineString","coordinates":[[-64.3649741,45.0888246],[-64.3649487,45.0888193],[-64.3649282,45.0888167],[-64.3649012,45.0888154],[-64.3648558,45.0888191],[-64.3647286,45.0888233],[-64.3644539,45.0888419],[-64.364311,45.0888501],[-64.3642508,45.08885]]},"properties":{"highway":"footway","surface":"concrete"}},
{"type":"Feature","geometry":{"type":"LineString","coordinates":[[-64.3654675,45.0891534],[-64.3654022,45.0891184],[-64.3653564,45.0890822],[-64.3653275,45.089054],[-64.3652289,45.0889434],[-64.3651851,45.0889085],[-64.3651349,45.0888804],[-64.3650563,45.0888547]]},"properties":{"highway":"footway","surface":"concrete"}},
{"type":"Feature","geometry":{"type":"LineString","coordinates":[[-64.3650936,45.0891985],[-64.3651578,45.0891816],[-64.3652017,45.0891622],[-64.3653275,45.089054],[-64.365344,45.089012],[-64.3653565,45.0889429]]},"properties":{"highway":"service","service":"driveway","surface":"asphalt"}},
{"type":"Feature","geometry":{"type":"LineString","coordinates":[[-64.3652017,45.0891622],[-64.3653175,45.089162],[-64.3654675,45.0891534],[-64.3657303,45.0891176],[-64.3658011,45.0891353],[-64.3658554,45.0891474],[-64.3659021,45.0891882],[-64.3660944,45.0893298],[-64.3661544,45.0893407]]},"properties":{"highway":"footway","surface":"concrete"}},
{"type":"Feature","geometry":{"type":"LineString","coordinates":[[-64.3657481,45.0879689],[-64.3658345,45.0879539],[-64.3659394,45.0879379],[-64.3662947,45.087877400000007],[-64.3664376,45.0878531],[-64.3663986,45.0877431],[-64.366323,45.0875316],[-64.3663074,45.0874879]]},"properties":{"highway":"service","service":"driveway","surface":"asphalt"}},
{"type":"Feature","geometry":{"type":"LineString","coordinates":[[-64.3662597,45.0874955],[-64.3662728,45.0874037],[-64.366289,45.0873674],[-64.36634,45.0873103],[-64.3663639,45.0872333],[-64.3663593,45.0871855],[-64.3663251,45.0870624]]},"properties":{"highway":"footway","surface":"asphalt"}},
{"type":"Feature","geometry":{"type":"LineString","coordinates":[[-64.3659896,45.0870669],[-64.36586,45.0870787],[-64.3656264,45.0871002],[-64.365445,45.0871283],[-64.3654286,45.0871308]]},"properties":{"highway":"footway","surface":"asphalt"}},
{"type":"Feature","geometry":{"type":"LineString","coordinates":[[-64.3647967,45.0872177],[-64.3645343,45.0872607]]},"properties":{"highway":"footway","surface":"concrete"}},
{"type":"Feature","geometry":{"type":"LineString","coordinates":[[-64.3671916,45.0862123],[-64.3667219,45.0862859]]},"properties":{"highway":"service","service":"parking_aisle","surface":"asphalt"}},
{"type":"Feature","geometry":{"type":"LineString","coordinates":[[-64.3680526,45.0859742],[-64.3680965,45.0859736],[-64.3681584,45.0859785],[-64.3682169,45.0859897],[-64.368245,45.0859908],[-64.3682766,45.0859862],[-64.3682945,45.085983],[-64.3683167,45.0859871],[-64.3683545,45.0860092],[-64.3684976,45.0860742],[-64.3685356,45.0860915],[-64.3685864,45.086098],[-64.3687196,45.0861017],[-64.3687957,45.0860943]]},"properties":{"highway":"footway","surface":"unpaved"}},
{"type":"Feature","geometry":{"type":"LineString","coordinates":[[-64.3685262,45.0867429],[-64.3685225,45.0867313]]},"properties":{"highway":"steps","surface":"wood"}},
{"type":"Feature","geometry":{"type":"LineString","coordinates":[[-64.3685225,45.0867313],[-64.3684924,45.0866384],[-64.3684911,45.0866031],[-64.3685009,45.086572],[-64.3685391,45.0865248],[-64.368589,45.0864847],[-64.3686555,45.0864576],[-64.3687053,45.0864169]]},"properties":{"highway":"footway","surface":"unpaved"}},
{"type":"Feature","geometry":{"type":"LineString","coordinates":[[-64.3656635,45.0926738],[-64.3656685,45.0928085],[-64.3657195,45.0928139],[-64.3662543,45.0928507],[-64.3663119,45.0927128]]},"properties":{"highway":"service","service":"parking_aisle","surface":"asphalt"}},
{"type":"Feature","geometry":{"type":"LineString","coordinates":[[-64.3686038,45.0906581],[-64.3686097,45.0907273],[-64.3686201,45.0908487],[-64.3686098,45.0909312]]},"properties":{"highway":"service","service":"driveway","surface":"asphalt"}},
{"type":"Feature","geometry":{"type":"LineString","coordinates":[[-64.3654253,45.0911205],[-64.3654419,45.09118],[-64.3654598,45.0912441],[-64.3654762,45.0912786],[-64.3655042,45.0913173],[-64.3655445,45.0913908],[-64.3656251,45.0917511],[-64.365413,45.0918216]]},"properties":{"highway":"service","oneway":"yes","service":"parking_aisle","surface":"asphalt"}},
{"type":"Feature","geometry":{"type":"LineString","coordinates":[[-64.3680013,45.0865312],[-64.3679546,45.0865569],[-64.3679004,45.0865732]]},"properties":{"highway":"footway","surface":"unpaved"}},
{"type":"Feature","geometry":{"type":"LineString","coordinates":[[-64.3683781,45.0879496],[-64.3683711,45.087927]]},"properties":{"highway":"footway","surface":"asphalt"}},
{"type":"Feature","geometry":{"type":"LineString","coordinates":[[-64.3678865,45.0871892],[-64.3678897,45.0871995]]},"properties":{"highway":"footway","surface":"paving_stones"}},
{"type":"Feature","geometry":{"type":"LineString","coordinates":[[-64.3677903,45.0872513],[-64.367868,45.0875],[-64.3678389,45.0875045],[-64.3678729,45.0876143],[-64.3679066,45.0877231],[-64.3679364,45.0877185],[-64.3679706,45.0878281],[-64.3682196,45.0877896],[-64.3681871,45.0876834]]},"properties":{"highway":"footway","surface":"paving_stones"}},
{"type":"Feature","geometry":{"type":"LineString","coordinates":[[-64.3689098,45.0870726],[-64.3688564,45.0869081],[-64.3687881,45.086699],[-64.3686556,45.0867212],[-64.3685262,45.0867429]]},"properties":{"highway":"footway","surface":"unpaved"}},
{"type":"Feature","geometry":{"type":"LineString","coordinates":[[-64.3671847,45.0859585],[-64.3674347,45.08671],[-64.3676156,45.0872804],[-64.3676996,45.0875518],[-64.3677536,45.0877198],[-64.3678457,45.0879924],[-64.3680152,45.0884968],[-64.3680365,45.088569],[-64.3680594,45.0885971],[-64.3680878,45.0886238],[-64.3681345,45.0887956],[-64.3681642,45.0888931],[-64.3681998,45.0890191],[-64.3682662,45.0892303],[-64.3682894,45.0893111],[-64.3683725,45.0895619],[-64.3684502,45.089827],[-64.3685883,45.0902247],[-64.368696,45.0905765]]},"properties":{"footway":"sidewalk","highway":"footway","is_sidepath:of:name":"University Avenue","surface":"asphalt"}},
{"type":"Feature","geometry":{"type":"LineString","coordinates":[[-64.3679345,45.0885108],[-64.3680152,45.0884968],[-64.3680625,45.0884894],[-64.368153,45.0884754],[-64.3681854,45.0884706]]},"properties":{"highway":"footway","surface":"paving_stones"}},
{"type":"Feature","geometry":{"type":"LineString","coordinates":[[-64.3687731,45.0868389],[-64.3686991,45.0868509],[-64.3686249,45.0868629]]},"properties":{"highway":"footway","surface":"unpaved"}},
{"type":"Feature","geometry":{"type":"LineString","coordinates":[[-64.3660868,45.0884407],[-64.3660986,45.088459],[-64.3661092,45.0884825],[-64.3661203,45.0885479]]},"properties":{"highway":"footway","surface":"concrete"}},
{"type":"Feature","geometry":{"type":"LineString","coordinates":[[-64.3668242,45.0882898],[-64.3667916,45.0881763],[-64.3667665,45.0881238]]},"properties":{"highway":"footway","surface":"concrete"}},
{"type":"Feature","geometry":{"type":"LineString","coordinates":[[-64.3687093,45.0863621],[-64.3686637,45.086313],[-64.3685223,45.0862487],[-64.3684504,45.0862233],[-64.3684312,45.086203],[-64.368436,45.0861607]]},"properties":{"highway":"footway","surface":"unpaved"}},
{"type":"Feature","geometry":{"type":"LineString","coordinates":[[-64.3684627,45.0861233],[-64.3684976,45.0860742],[-64.3685463,45.0860236]]},"properties":{"highway":"footway","surface":"unpaved"}},
{"type":"Feature","geometry":{"type":"LineString","coordinates":[[-64.3687053,45.0864169],[-64.3687093,45.0863621]]},"properties":{"handrail":"no","highway":"steps","incline":"down","step_count":"14","surface":"wood"}},
{"type":"Feature","geometry":{"type":"LineString","coordinates":[[-64.368436,45.0861607],[-64.3684627,45.0861233]]},"properties":{"bridge":"yes","highway":"footway","surface":"wood"}},
{"type":"Feature","geometry":{"type":"LineString","coordinates":[[-64.3683204,45.0865621],[-64.3683967,45.0865541],[-64.3685009,45.086572]]},"properties":{"highway":"footway","surface":"mulch"}},
{"type":"Feature","geometry":{"type":"LineString","coordinates":[[-64.3663425,45.0886556],[-64.366244,45.0886698]]},"properties":{"highway":"steps","surface":"concrete"}},
{"type":"Feature","geometry":{"type":"LineString","coordinates":[[-64.3658102,45.0881913],[-64.3656874,45.0882583],[-64.3657111,45.0883406],[-64.3658489,45.0883475]]},"properties":{"highway":"footway","surface":"concrete"}},
{"type":"Feature","geometry":{"type":"LineString","coordinates":[[-64.3657111,45.0883406],[-64.3657504,45.0884343],[-64.365817,45.0885592],[-64.3658848,45.0886766]]},"properties":{"highway":"footway","surface":"unpaved"}},
{"type":"Feature","geometry":{"type":"LineString","coordinates":[[-64.3675083,45.0883771],[-64.3674635,45.0884448],[-64.3674514,45.0885004],[-64.3674477,45.0885307]]},"properties":{"highway":"footway","surface":"asphalt"}},
{"type":"Feature","geometry":{"type":"LineString","coordinates":[[-64.3664569,45.087977],[-64.3665892,45.0879546]]},"properties":{"bridge":"yes","highway":"footway","surface":"metal"}},
{"type":"Feature","geometry":{"type":"LineString","coordinates":[[-64.3663184,45.0879492],[-64.3664569,45.087977]]},"properties":{"highway":"footway","surface":"asphalt"}},
{"type":"Feature","geometry":{"type":"LineString","coordinates":[[-64.359962,45.0932068],[-64.3599715,45.0932255],[-64.3599853,45.0932389],[-64.3600077,45.0932509],[-64.3600321,45.0932615],[-64.3600695,45.0932734],[-64.3600988,45.0932797],[-64.3601283,45.0932909],[-64.3601538,45.0933062],[-64.3601697,45.09332],[-64.3602284,45.0933832],[-64.3602569,45.0934044],[-64.3603069,45.0934236],[-64.3603431,45.093422]]},"properties":{"alt_name":"Gaspereau Extension","highway":"residential","lanes":"2","name":"Harbourside Drive","source":"NRCan-CanVec-10.0","surface":"unpaved"}},
{"type":"Feature","geometry":{"type":"LineString","coordinates":[[-64.3641807,45.0913651],[-64.3638734,45.0914192],[-64.36395,45.0916819]]},"properties":{"highway":"footway","surface":"concrete"}},
{"type":"Feature","geometry":{"type":"LineString","coordinates":[[-64.3643147,45.0915785],[-64.3643961,45.091571],[-64.3645225,45.0915593]]},"properties":{"highway":"footway","surface":"unpaved"}},
{"type":"Feature","geometry":{"type":"LineString","coordinates":[[-64.3692103,45.0890452],[-64.3691332,45.0890333],[-64.3689978,45.0890215],[-64.3689052,45.0890112],[-64.3688719,45.0889948],[-64.3688522,45.0889697],[-64.3688273,45.088888]]},"properties":{"highway":"footway","surface":"concrete"}},
{"type":"Feature","geometry":{"type":"LineString","coordinates":[[-64.3640335,45.0897778],[-64.3641059,45.0897686],[-64.3645178,45.0897197]]},"properties":{"highway":"service","service":"parking_aisle","surface":"asphalt"}},
{"type":"Feature","geometry":{"type":"LineString","coordinates":[[-64.3697526,45.0890676],[-64.3695252,45.0891052],[-64.3692433,45.089149]]},"properties":{"highway":"service","service":"driveway","surface":"asphalt"}},
{"type":"Feature","geometry":{"type":"LineString","coordinates":[[-64.3695252,45.0891052],[-64.3696201,45.0894123]]},"properties":{"highway":"service","service":"parking_aisle","surface":"asphalt"}},
{"type":"Feature","geometry":{"type":"LineString","coordinates":[[-64.359904,45.0925139],[-64.359912,45.092555],[-64.3599419,45.0927093],[-64.3599894,45.0929539]]},"properties":{"alt_name":"Gaspereau Extension","highway":"residential","lanes":"2","name":"Harbourside Drive","source":"NRCan-CanVec-10.0","surface":"asphalt"}},
{"type":"Feature","geometry":{"type":"LineString","coordinates":[[-64.3657012,45.0930159],[-64.3659647,45.0930452],[-64.3660167,45.0930487],[-64.3665494,45.093084],[-64.3670762,45.093109],[-64.3674323,45.0931137],[-64.3677964,45.0931099],[-64.3681163,45.0931035],[-64.3683737,45.0930871]]},"properties":{"abandoned:railway":"rail","bicycle":"designated","foot":"designated","highway":"cycleway","motor_vehicle":"no","name":"Kierian Pathway","railway":"abandoned","segregated":"no","surface":"unpaved"}},
{"type":"Feature","geometry":{"type":"LineString","coordinates":[[-64.34541,45.0958694],[-64.345612,45.0957876],[-64.3459269,45.0956598],[-64.3462108,45.0955285],[-64.3470054,45.095199],[-64.3474129,45.0950215],[-64.3478204,45.094862],[-64.3482325,45.0946993],[-64.3485958,45.0945694],[-64.348969,45.0944461],[-64.3498183,45.0941798],[-64.3499092,45.0941446],[-64.3500417,45.0941305],[-64.3501049,45.0941489]]},"properties":{"highway":"track","surface":"unpaved","tracktype":"grade5"}},
{"type":"Feature","geometry":{"type":"LineString","coordinates":[[-64.3556273,45.0929278],[-64.3555498,45.0929398],[-64.3548338,45.0930306],[-64.3543773,45.0930894],[-64.3539728,45.0931482],[-64.3532316,45.0932633],[-64.3528611,45.0933247],[-64.3524577,45.0933938],[-64.3520832,45.0934687],[-64.3517032,45.0935474],[-64.3510918,45.0936914],[-64.3504326,45.0938634],[-64.3500105,45.0939808],[-64.3497325,45.0940612],[-64.3493258,45.0941822],[-64.3489089,45.0943128]]},"properties":{"abandoned:railway":"rail","bicycle":"designated","foot":"designated","gauge":"1435","highway":"cycleway","name":"Harvest Moon Trailway","old_railway_operator":"Dominion Atlantic Railway","operator":"Windsor and Hantsport Railway","owner":"Windsor and Hantsport Railway","railway":"abandoned","segregated":"no","surface":"unpaved"}},
{"type":"Feature","geometry":{"type":"LineString","coordinates":[[-64.3556452,45.0930574],[-64.355676,45.0931222],[-64.3556847,45.0931854],[-64.3557294,45.0931883],[-64.3557932,45.093233],[-64.3558631,45.0932869],[-64.3559035,45.0933476],[-64.3559385,45.0934109],[-64.355973,45.0935053],[-64.3560014,45.0935556],[-64.3560438,45.0936043],[-64.3561393,45.0936906],[-64.3562647,45.0937711],[-64.3563328,45.0938076],[-64.3564221,45.0938641],[-64.356499,45.093935],[-64.3565841,45.0940518],[-64.3566668,45.0941234],[-64.3568405,45.0942517],[-64.3569431,45.0943036],[-64.3571074,45.0944152],[-64.3571952,45.0944757],[-64.3572623,45.0945774],[-64.3573196,45.0946385],[-64.3574116,45.094698]]},"properties":{"highway":"footway","surface":"mud"}},
{"type":"Feature","geometry":{"type":"LineString","coordinates":[[-64.359962,45.0932068],[-64.3599613,45.0933789],[-64.3599613,45.0934774],[-64.3599584,45.0935719],[-64.3599397,45.0936852]]},"properties":{"bicycle":"yes","foot":"yes","highway":"path","incline":"up","segregated":"no","surface":"unpaved"}},
{"type":"Feature","geometry":{"type":"LineString","coordinates":[[-64.3656639,45.0934246],[-64.3658931,45.0934377],[-64.3663656,45.0934646],[-64.3665984,45.0941604]]},"properties":{"access":"private","highway":"service","service":"driveway","surface":"asphalt"}},
{"type":"Feature","geometry":{"type":"LineString","coordinates":[[-64.3651666,45.0940324],[-64.3652575,45.0940104],[-64.3654865,45.0939633],[-64.3655941,45.0939441],[-64.3656662,45.093929],[-64.3657383,45.0939139]]},"properties":{"highway":"service","service":"driveway","surface":"asphalt"}},
{"type":"Feature","geometry":{"type":"LineString","coordinates":[[-64.3654865,45.0939633],[-64.3654157,45.0937758],[-64.3650977,45.0938313],[-64.3651666,45.0940324]]},"properties":{"highway":"service","service":"driveway","surface":"asphalt"}},
{"type":"Feature","geometry":{"type":"LineString","coordinates":[[-64.3659276,45.0943889],[-64.3658453,45.0944039],[-64.365763,45.0944188],[-64.3654123,45.094492],[-64.3652026,45.0945558],[-64.3649153,45.0946205],[-64.3648964,45.0946807],[-64.3648585,45.0947341],[-64.3648001,45.0947743],[-64.3646707,45.09483],[-64.3646233,45.0948634],[-64.3645791,45.0949514]]},"properties":{"highway":"service","service":"driveway","surface":"asphalt"}},
{"type":"Feature","geometry":{"type":"LineString","coordinates":[[-64.3685449,45.0928517],[-64.3684439,45.0929486],[-64.3683934,45.0930099],[-64.3683737,45.0930871],[-64.3683678,45.0931379]]},"properties":{"highway":"service","surface":"asphalt","tracktype":"grade1"}},
{"type":"Feature","geometry":{"type":"LineString","coordinates":[[-64.3792539,45.0964055],[-64.3792285,45.0964808],[-64.379203,45.0965302],[-64.3791779,45.0965597],[-64.3791012,45.0966227],[-64.3789618,45.0967132],[-64.3785143,45.0969986],[-64.3784502,45.0970448],[-64.3783903,45.0970832],[-64.3783206,45.0971226],[-64.3782634,45.0971501],[-64.3781621,45.0971936],[-64.3781135,45.0972103],[-64.3780646,45.0972256],[-64.3780218,45.0972377],[-64.3779854,45.0972453],[-64.3779318,45.0972552],[-64.3778523,45.0972686],[-64.3777925,45.0972761],[-64.3777343,45.09728],[-64.3776713,45.0972813],[-64.3776062,45.0972827],[-64.3775498,45.0972801],[-64.3773691,45.097264],[-64.3768964,45.0971918],[-64.376154,45.0970771],[-64.3757317,45.0970041],[-64.3754929,45.0969702],[-64.3753993,45.096958],[-64.3753291,45.0969528],[-64.3752626,45.096952],[-64.375206,45.0969554],[-64.375121,45.0969676],[-64.3750447,45.0969858],[-64.3748564,45.0970467],[-64.3747049,45.0971145],[-64.3746089,45.0971701],[-64.3745338,45.0972214],[-64.374503,45.0972466],[-64.3744833,45.097277],[-64.3744685,45.0973126],[-64.3744611,45.0973474],[-64.3744599,45.0973865],[-64.3744661,45.0974334],[-64.3744956,45.0975186],[-64.3746631,45.0978593],[-64.3747185,45.0979975],[-64.3747369,45.0980461],[-64.3747468,45.0980983],[-64.3747554,45.0982104],[-64.374748,45.0982764],[-64.3747345,45.0983234],[-64.3747098,45.0983651],[-64.3746692,45.0984085],[-64.3745904,45.0984633],[-64.3744833,45.0985145],[-64.3742241,45.0986656],[-64.3741564,45.0987175],[-64.3741219,45.0987541],[-64.3740919,45.0988071],[-64.3740808,45.0988375],[-64.3740796,45.0988757],[-64.3740882,45.098933100000007],[-64.374102,45.0989977],[-64.3741059,45.0990542],[-64.3740926,45.0990952],[-64.374077,45.0991304],[-64.3740535,45.0991583],[-64.3740032,45.0991881]]},"properties":{"highway":"track","lanes":"1","surface":"unpaved","tracktype":"grade3"}},
{"type":"Feature","geometry":{"type":"LineString","coordinates":[[-64.3732559,45.0990906],[-64.3730703,45.0989951],[-64.3729658,45.0989501],[-64.3728797,45.0989129],[-64.3727589,45.0988779],[-64.3725862,45.0988494],[-64.3723476,45.0988243],[-64.3719197,45.0988008],[-64.3715705,45.0987861],[-64.3712841,45.0987713],[-64.3707295,45.0987383]]},"properties":{"highway":"track","lanes":"1","surface":"unpaved","tracktype":"grade3"}},
{"type":"Feature","geometry":{"type":"LineString","coordinates":[[-64.3599397,45.0936852],[-64.3599529,45.0938573],[-64.3600008,45.0940835],[-64.3600835,45.0944182],[-64.3602265,45.0948922],[-64.3603025,45.0950901],[-64.3606031,45.0955372],[-64.3609193,45.0959808],[-64.3610257,45.0960925],[-64.3611645,45.096202],[-64.3612806,45.0962677],[-64.3614205,45.0963339],[-64.3615355,45.0963738],[-64.3616572,45.096409],[-64.3619907,45.0964749],[-64.3623983,45.0965479],[-64.3626769,45.096603],[-64.3637174,45.096822],[-64.3645462,45.0969812],[-64.3649478,45.0970768],[-64.3651351,45.0971365],[-64.3653224,45.097214],[-64.3655175,45.0973124],[-64.3657227,45.0974451],[-64.3657911,45.0975284],[-64.3658661,45.0977755],[-64.3659104,45.0978679],[-64.3659479,45.0979044],[-64.3660384,45.0979433],[-64.366176,45.0979776],[-64.3666408,45.09807],[-64.3670585,45.0981612],[-64.3683127,45.0984413],[-64.3688792,45.0985642],[-64.3694582,45.0987072],[-64.369721,45.0987533],[-64.3699893,45.0987758],[-64.3703474,45.098799],[-64.3709839,45.0988357],[-64.3716162,45.0988723],[-64.3720127,45.098895],[-64.3722744,45.0989097],[-64.3725821,45.0989471],[-64.3728174,45.0989884],[-64.3729998,45.0990237],[-64.3732559,45.0990906]]},"properties":{"bicycle":"yes","embankment":"yes","foot":"yes","highway":"path","man_made":"dyke","name":"Bishop-Beckwith Dyke","segregated":"no","surface":"unpaved"}},
{"type":"Feature","geometry":{"type":"LineString","coordinates":[[-64.3700108,45.0986823],[-64.3697326,45.0986462],[-64.3693042,45.098568],[-64.368879,45.0984785]]},"properties":{"highway":"track","lanes":"1","surface":"grass","tracktype":"grade5"}},
{"type":"Feature","geometry":{"type":"LineString","coordinates":[[-64.3707295,45.0987383],[-64.3702807,45.0987028],[-64.3700108,45.0986823]]},"properties":{"highway":"track","incline":"down","lanes":"1","surface":"unpaved","tracktype":"grade4"}},
{"type":"Feature","geometry":{"type":"LineString","coordinates":[[-64.3735218,45.0991673],[-64.3734009,45.0991422],[-64.3732559,45.0990906]]},"properties":{"bicycle":"yes","embankment":"yes","foot":"yes","highway":"track","man_made":"dyke","name":"Bishop-Beckwith Dyke","segregated":"no","surface":"unpaved","tracktype":"grade2"}},
{"type":"Feature","geometry":{"type":"LineString","coordinates":[[-64.3740032,45.0991881],[-64.3739344,45.0991961],[-64.373841,45.0991962],[-64.3737279,45.0991893],[-64.3736269,45.0991791],[-64.3735218,45.0991673]]},"properties":{"highway":"track","incline":"up","surface":"unpaved","tracktype":"grade2"}},
{"type":"Feature","geometry":{"type":"LineString","coordinates":[[-64.3740032,45.0991881],[-64.3741201,45.099229],[-64.3742283,45.099255],[-64.3743549,45.0992611],[-64.3745603,45.0992524],[-64.3750902,45.0992073],[-64.3755906,45.0991491],[-64.3759423,45.099104],[-64.3766198,45.0990215],[-64.3773255,45.0989443],[-64.3785403,45.0988167],[-64.3795695,45.0987117],[-64.3805113,45.0986066],[-64.3808986,45.0985598],[-64.381056,45.0985199],[-64.3812343,45.0984478],[-64.3814495,45.0983324],[-64.3845912,45.096683]]},"properties":{"highway":"track","surface":"unpaved","tracktype":"grade4"}},
{"type":"Feature","geometry":{"type":"LineString","coordinates":[[-64.3683737,45.0930871],[-64.368535,45.0932273]]},"properties":{"highway":"footway","surface":"unpaved"}},
{"type":"Feature","geometry":{"type":"LineString","coordinates":[[-64.3683678,45.0931379],[-64.3683488,45.0932864],[-64.3683062,45.0934035],[-64.3682548,45.0935383],[-64.3682103,45.0936455]]},"properties":{"highway":"service","surface":"asphalt","tracktype":"grade2"}},
{"type":"Feature","geometry":{"type":"LineString","coordinates":[[-64.3685463,45.0860236],[-64.3685439,45.0860016],[-64.3684983,45.0859576],[-64.3684288,45.0859423],[-64.3683827,45.0859506],[-64.3683167,45.0859871]]},"properties":{"bridge":"boardwalk","highway":"footway","surface":"wood"}},
{"type":"Feature","geometry":{"type":"LineString","coordinates":[[-64.3683725,45.0895619],[-64.3685519,45.0895411]]},"properties":{"highway":"footway","surface":"concrete"}},
{"type":"Feature","geometry":{"type":"LineString","coordinates":[[-64.3683788,45.0898382],[-64.3684502,45.089827],[-64.3686747,45.0898022]]},"properties":{"highway":"footway","surface":"concrete"}},
{"type":"Feature","geometry":{"type":"LineString","coordinates":[[-64.3688759,45.0892238],[-64.3691671,45.0891736]]},"properties":{"highway":"footway","surface":"concrete"}},
{"type":"Feature","geometry":{"type":"LineString","coordinates":[[-64.3682894,45.0893111],[-64.36848,45.0892854],[-64.3686499,45.0892625]]},"properties":{"highway":"footway","surface":"concrete"}},
{"type":"Feature","geometry":{"type":"LineString","coordinates":[[-64.3686499,45.0892625],[-64.3688759,45.0892238]]},"properties":{"highway":"corridor","indoor":"yes","surface":"tiles"}},
{"type":"Feature","geometry":{"type":"LineString","coordinates":[[-64.3674202,45.086062],[-64.3674031,45.08611],[-64.3674378,45.0861645]]},"properties":{"highway":"footway","surface":"ground"}},
{"type":"Feature","geometry":{"type":"LineString","coordinates":[[-64.3744757,45.0893544],[-64.375,45.0891347],[-64.3757563,45.0888019]]},"properties":{"footway":"sidewalk","highway":"footway","is_sidepath:of:name":"Main Street","surface":"asphalt"}},
{"type":"Feature","geometry":{"type":"LineString","coordinates":[[-64.3747058,45.0857911],[-64.374546,45.0852386],[-64.37439380000001,45.0847263],[-64.3742278,45.0841836],[-64.3740925,45.083743],[-64.3739664,45.0833457]]},"properties":{"footway":"sidewalk","highway":"footway","is_sidepath:of:name":"Kent Avenue","surface":"concrete"}},
{"type":"Feature","geometry":{"type":"LineString","coordinates":[[-64.3635628,45.091387],[-64.3626935,45.0914698],[-64.3618501,45.0915509],[-64.3618436,45.0915515],[-64.3618271,45.0915559],[-64.3618015,45.0915605]]},"properties":{"footway":"sidewalk","highway":"footway","is_sidepath:of:name":"Main Street","surface":"concrete"}},
{"type":"Feature","geometry":{"type":"LineString","coordinates":[[-64.3597201,45.0924548],[-64.3595324,45.0924642],[-64.3592811,45.0924823],[-64.359143,45.0924953],[-64.3590224,45.0925067],[-64.3587458,45.0925379],[-64.3584034,45.0925775],[-64.3581242,45.0926148],[-64.3580813,45.0926171]]},"properties":{"abandoned:railway":"rail","bicycle":"designated","foot":"designated","highway":"cycleway","name":"Harvest Moon Trailway","railway":"abandoned","segregated":"no","surface":"compacted"}},
{"type":"Feature","geometry":{"type":"LineString","coordinates":[[-64.3679502,45.0872257],[-64.3680292,45.0872134]]},"properties":{"highway":"footway","surface":"unpaved"}},
{"type":"Feature","geometry":{"type":"LineString","coordinates":[[-64.3678535,45.0872412],[-64.3679004,45.0872337],[-64.3679502,45.0872257]]},"properties":{"covered":"yes","highway":"footway","surface":"paving_stones"}},
{"type":"Feature","geometry":{"type":"LineString","coordinates":[[-64.3678897,45.0871995],[-64.3679004,45.0872337]]},"properties":{"covered":"yes","highway":"footway","surface":"paving_stones"}},
{"type":"Feature","geometry":{"type":"LineString","coordinates":[[-64.3683897,45.0871573],[-64.3683319,45.0871666]]},"properties":{"highway":"footway","surface":"unpaved"}},
{"type":"Feature","geometry":{"type":"LineString","coordinates":[[-64.3684956,45.0871392],[-64.36844,45.0871487],[-64.3683897,45.0871573]]},"properties":{"covered":"yes","highway":"footway","surface":"paving_stones"}},
{"type":"Feature","geometry":{"type":"LineString","coordinates":[[-64.3684297,45.0871142],[-64.36844,45.0871487],[-64.3684518,45.0871884]]},"properties":{"covered":"yes","highway":"footway","surface":"paving_stones"}},
{"type":"Feature","geometry":{"type":"LineString","coordinates":[[-64.3676423,45.0845357],[-64.3676721,45.084556],[-64.367738,45.0845826],[-64.3678045,45.0846081],[-64.3678798,45.0845965],[-64.3679257,45.0846092],[-64.367924,45.0846478],[-64.3679017,45.0846826],[-64.3678516,45.0847148],[-64.3678148,45.0847485],[-64.36774,45.0847773],[-64.3676779,45.0848142],[-64.3676275,45.084857],[-64.3675855,45.0849025],[-64.3675498,45.084956],[-64.3674894,45.0850057],[-64.367439,45.0850515],[-64.3674168,45.085111]]},"properties":{"bicycle":"designated","foot":"designated","highway":"path","incline":"up","name":"Acadia University Woodlands Trail","sac_scale":"hiking","segregated":"no","surface":"ground"}},
{"type":"Feature","geometry":{"type":"LineString","coordinates":[[-64.3698929,45.0861103],[-64.3699297,45.0860781],[-64.3699454,45.0860239],[-64.3699329,45.0859662],[-64.3699158,45.0859177],[-64.3698996,45.0858544],[-64.3698698,45.0858107],[-64.3698597,45.0857704],[-64.3698471,45.0857403],[-64.3698389,45.0856848],[-64.3698302,45.085627],[-64.3698452,45.0855703],[-64.369848,45.0855459],[-64.3698502,45.0855267],[-64.3698338,45.0854671],[-64.3698052,45.0854036],[-64.3697623,45.0853338],[-64.3697491,45.0852716],[-64.3697407,45.0852515],[-64.3697269,45.0852207],[-64.3697195,45.085206],[-64.3697051,45.085174]]},"properties":{"bicycle":"designated","foot":"designated","highway":"path","name":"Acadia University Woodlands Trail","sac_scale":"hiking","segregated":"no","surface":"ground"}},
{"type":"Feature","geometry":{"type":"LineString","coordinates":[[-64.3697051,45.085174],[-64.3696958,45.0851087]]},"properties":{"bicycle":"designated","bridge":"yes","foot":"designated","highway":"path","layer":"1","name":"Acadia University Woodlands Trail","sac_scale":"hiking","segregated":"no","surface":"wood"}},
{"type":"Feature","geometry":{"type":"LineString","coordinates":[[-64.3645503,45.091156],[-64.3644425,45.0908132],[-64.364371,45.0905976]]},"properties":{"bicycle":"designated","foot":"designated","highway":"cycleway","is_sidepath:of:name":"Highland Avenue","oneway":"no","segregated":"no","smoothness":"excellent","surface":"concrete","width":"2"}},
{"type":"Feature","geometry":{"type":"LineString","coordinates":[[-64.3626749,45.091344],[-64.3626749,45.0913222],[-64.3626225,45.0910924],[-64.3625291,45.0907326],[-64.3624617,45.0904642]]},"properties":{"footway":"sidewalk","highway":"footway","is_sidepath:of:name":"Linden Avenue","surface":"concrete"}},
{"type":"Feature","geometry":{"type":"LineString","coordinates":[[-64.3565396,45.0925816],[-64.3563899,45.0925893]]},"properties":{"bicycle":"designated","foot":"designated","highway":"footway","segregated":"no","surface":"unpaved"}},
{"type":"Feature","geometry":{"type":"LineString","coordinates":[[-64.3563047,45.0919047],[-64.3563311,45.0919611],[-64.3564009,45.0921159],[-64.3564534,45.0922407],[-64.3564906,45.0923292],[-64.3565396,45.092465]]},"properties":{"highway":"service","service":"parking_aisle","surface":"asphalt"}},
{"type":"Feature","geometry":{"type":"LineString","coordinates":[[-64.359904,45.0925139],[-64.3598402,45.0925203],[-64.3597453,45.0925298],[-64.3595842,45.0925576],[-64.359418,45.0926321],[-64.3592905,45.0927125],[-64.3589181,45.0927651],[-64.3586017,45.0928056],[-64.3584627,45.0928143],[-64.3583569,45.0927922],[-64.3581541,45.0926672],[-64.3580813,45.0926171]]},"properties":{"bicycle":"dismount","foot":"designated","highway":"footway","motor_vehicle":"no","name":"Millenium Trail","segregated":"no","surface":"sett"}},
{"type":"Feature","geometry":{"type":"LineString","coordinates":[[-64.3566113,45.0926135],[-64.3565396,45.0925816],[-64.3564596,45.09248]]},"properties":{"bicycle":"designated","foot":"designated","highway":"footway","name":"Millenium Trail","segregated":"no","surface":"unpaved"}},
{"type":"Feature","geometry":{"type":"LineString","coordinates":[[-64.3564596,45.09248],[-64.3563899,45.0925893],[-64.3563375,45.092634]]},"properties":{"bicycle":"designated","foot":"designated","highway":"footway","segregated":"no","surface":"unpaved"}},
{"type":"Feature","geometry":{"type":"LineString","coordinates":[[-64.3566113,45.0926135],[-64.3564666,45.0926165],[-64.3563375,45.092634],[-64.3562962,45.0926603],[-64.3561137,45.0927769],[-64.3560337,45.0928093],[-64.3558132,45.0928756],[-64.3557489,45.0929089]]},"properties":{"bicycle":"designated","foot":"designated","highway":"cycleway","motor_vehicle":"no","name":"Harvest Moon Trailway","segregated":"no","surface":"unpaved"}},
{"type":"Feature","geometry":{"type":"LineString","coordinates":[[-64.3564596,45.09248],[-64.3564035,45.0924858],[-64.356388,45.0924836],[-64.3563759,45.0924738],[-64.356343,45.0924417],[-64.3563083,45.0923882],[-64.3563005,45.0923447],[-64.3563087,45.0922877],[-64.3563238,45.0922482],[-64.3563273,45.0922391],[-64.3563258,45.0922011],[-64.3563184,45.0921845],[-64.356232,45.0919916]]},"properties":{"bicycle":"designated","foot":"designated","highway":"path","name":"Millenium Trail","segregated":"no","surface":"concrete","width":"3"}},
{"type":"Feature","geometry":{"type":"LineString","coordinates":[[-64.3563989,45.0918061],[-64.3563137,45.0917585],[-64.3562662,45.0917522],[-64.3561914,45.0917577],[-64.3560408,45.091767],[-64.3558769,45.0917251],[-64.3558502,45.091698],[-64.3558372,45.0913001],[-64.3557522,45.0911712],[-64.3556911,45.0911541],[-64.3553467,45.0911806],[-64.3549729,45.0912604]]},"properties":{"bicycle":"designated","foot":"designated","highway":"path","name":"Millenium Trail","segregated":"no","surface":"grass"}},
{"type":"Feature","geometry":{"type":"LineString","coordinates":[[-64.3547839,45.0911116],[-64.3547472,45.0911011],[-64.3545895,45.0911328],[-64.3542837,45.0911738],[-64.3540647,45.0911974],[-64.3540066,45.0911704],[-64.3539986,45.0911395],[-64.3539739,45.0910518]]},"properties":{"bicycle":"designated","foot":"designated","highway":"path","name":"Millenium Trail","segregated":"no","surface":"concrete"}},
{"type":"Feature","geometry":{"type":"LineString","coordinates":[[-64.3581081,45.0884872],[-64.3580478,45.0884828],[-64.3580239,45.0884847],[-64.3579921,45.0884903],[-64.3579531,45.0885059],[-64.3579248,45.0885322],[-64.3578948,45.0885584],[-64.3578532,45.0885884],[-64.3578036,45.0886196],[-64.3577461,45.0886371],[-64.3576868,45.088649],[-64.3576293,45.0886502],[-64.3575762,45.0886396],[-64.3575276,45.0886246],[-64.357463,45.0886046],[-64.3573966,45.0885853],[-64.3573019,45.088559],[-64.3572267,45.0885353],[-64.3571887,45.0885222]]},"properties":{"highway":"service","lanes":"1","oneway":"no","service":"driveway","surface":"asphalt"}},
{"type":"Feature","geometry":{"type":"LineString","coordinates":[[-64.3640114,45.0926009],[-64.3640299,45.0925979],[-64.3640578,45.0925948],[-64.3640853,45.0925924],[-64.3640933,45.0925917],[-64.3641244,45.0925911],[-64.3641504,45.0925901],[-64.3641822,45.0925898],[-64.3642097,45.0925891],[-64.3642356,45.0925891],[-64.3642648,45.0925897],[-64.3642978,45.0925902],[-64.3643376,45.09259],[-64.3643753,45.0925911],[-64.3644101,45.092591],[-64.3644461,45.0925916],[-64.3644838,45.0925927],[-64.3645198,45.0925944],[-64.3645749,45.0925976],[-64.3646311,45.0926004],[-64.3646712,45.0926036],[-64.3646998,45.0926051],[-64.3647324,45.0926073],[-64.3647659,45.0926104],[-64.3648024,45.0926121],[-64.364838,45.0926144],[-64.3648803,45.0926169],[-64.3649559,45.0926229],[-64.3651198,45.0926375],[-64.3652769,45.0926498],[-64.3654813,45.092664],[-64.3656635,45.0926738]]},"properties":{"bicycle":"yes","foot":"yes","highway":"service","motor_vehicle":"yes","source":"NRCan-CanVec-10.0","surface":"asphalt"}},
{"type":"Feature","geometry":{"type":"LineString","coordinates":[[-64.3688719,45.0889948],[-64.3687359,45.089008],[-64.3685461,45.089053],[-64.3684557,45.0890844],[-64.3683726,45.0891516],[-64.3683534,45.0891671],[-64.3682974,45.089208],[-64.3682662,45.0892303]]},"properties":{"highway":"footway","surface":"asphalt"}},
{"type":"Feature","geometry":{"type":"LineString","coordinates":[[-64.3679591,45.0885827],[-64.3680365,45.088569],[-64.368091,45.0885642],[-64.3681162,45.0885684],[-64.3681666,45.0885841],[-64.3682674,45.0885998],[-64.368389,45.0886082],[-64.368499,45.0886036],[-64.368598,45.0885883],[-64.368658,45.088574]]},"properties":{"highway":"footway","surface":"concrete"}},
{"type":"Feature","geometry":{"type":"LineString","coordinates":[[-64.36848,45.0892854],[-64.3684872,45.0892249],[-64.3684557,45.0890844]]},"properties":{"highway":"footway","surface":"asphalt"}},
{"type":"Feature","geometry":{"type":"LineString","coordinates":[[-64.3557489,45.0929089],[-64.3557137,45.0929134],[-64.3556273,45.0929278]]},"properties":{"abandoned:railway":"rail","bicycle":"designated","foot":"designated","highway":"cycleway","motor_vehicle":"no","name":"Harvest Moon Trailway","railway":"abandoned","segregated":"no","surface":"unpaved"}},
{"type":"Feature","geometry":{"type":"LineString","coordinates":[[-64.3683737,45.0930871],[-64.3687015,45.0930696],[-64.3691185,45.093027],[-64.3694074,45.0929927],[-64.3697488,45.0929461],[-64.3699934,45.0929018]]},"properties":{"abandoned:railway":"rail","bicycle":"designated","foot":"designated","highway":"cycleway","motor_vehicle":"no","name":"Kierian Pathway","railway":"abandoned","segregated":"no","surface":"unpaved"}},
{"type":"Feature","geometry":{"type":"LineString","coordinates":[[-64.3699934,45.0929018],[-64.3701044,45.0928817]]},"properties":{"abandoned:railway":"rail","bicycle":"designated","bridge":"yes","foot":"designated","highway":"cycleway","layer":"1","motor_vehicle":"no","name":"Kierian Pathway","railway":"abandoned","segregated":"no","surface":"unpaved"}},
{"type":"Feature","geometry":{"type":"LineString","coordinates":[[-64.3673356,45.0882246],[-64.3674626,45.0882477],[-64.3676847,45.0883046]]},"properties":{"highway":"footway","surface":"asphalt"}},
{"type":"Feature","geometry":{"type":"LineString","coordinates":[[-64.368938,45.0901722],[-64.3689361,45.0901664]]},"properties":{"highway":"footway","surface":"concrete"}},
{"type":"Feature","geometry":{"type":"LineString","coordinates":[[-64.3688203,45.0885441],[-64.3687834,45.0884089]]},"properties":{"foot":"designated","highway":"steps","incline":"up","surface":"concrete"}},
{"type":"Feature","geometry":{"type":"LineString","coordinates":[[-64.368798,45.088576],[-64.3690504,45.0885408],[-64.3690631,45.088539],[-64.3691975,45.0885178],[-64.3694269,45.0884834],[-64.3695594,45.0884679]]},"properties":{"footway":"sidewalk","highway":"footway","surface":"concrete"}},
{"type":"Feature","geometry":{"type":"LineString","coordinates":[[-64.368798,45.088576],[-64.3688251,45.0885759],[-64.3690535,45.088552],[-64.3690591,45.0885671]]},"properties":{"highway":"footway","surface":"concrete"}},
{"type":"Feature","geometry":{"type":"LineString","coordinates":[[-64.3690504,45.0885408],[-64.3690535,45.088552]]},"properties":{"foot":"designated","highway":"steps","incline":"up","surface":"concrete"}},
{"type":"Feature","geometry":{"type":"LineString","coordinates":[[-64.3692544,45.0887294],[-64.3691173,45.0887497],[-64.3689985,45.0887672]]},"properties":{"highway":"footway","surface":"concrete"}},
{"type":"Feature","geometry":{"type":"LineString","coordinates":[[-64.3680791,45.0889116],[-64.3681642,45.0888931],[-64.3682575,45.0888801],[-64.3683149,45.0888722]]},"properties":{"highway":"footway","surface":"concrete"}},
{"type":"Feature","geometry":{"type":"LineString","coordinates":[[-64.3683149,45.0888722],[-64.3683606,45.0888652]]},"properties":{"foot":"designated","highway":"steps","surface":"concrete"}},
{"type":"Feature","geometry":{"type":"LineString","coordinates":[[-64.3683606,45.0888652],[-64.3683927,45.0888603]]},"properties":{"highway":"footway","surface":"concrete"}},
{"type":"Feature","geometry":{"type":"LineString","coordinates":[[-64.3683606,45.0888652],[-64.368338,45.0887766],[-64.3683205,45.0887785],[-64.36834,45.0888514],[-64.3683246,45.0888542],[-64.3683031,45.0887709]]},"properties":{"highway":"footway","surface":"concrete"}},
{"type":"Feature","geometry":{"type":"LineString","coordinates":[[-64.3681345,45.0887956],[-64.3683031,45.0887709]]},"properties":{"highway":"footway","surface":"asphalt"}},
{"type":"Feature","geometry":{"type":"LineString","coordinates":[[-64.3683031,45.0887709],[-64.3683653,45.0887621]]},"properties":{"highway":"footway","surface":"concrete"}},
{"type":"Feature","geometry":{"type":"LineString","coordinates":[[-64.3684557,45.0890844],[-64.3683005,45.0890395],[-64.3682884,45.0890379],[-64.3681998,45.0890191]]},"properties":{"highway":"footway","surface":"asphalt"}},
{"type":"Feature","geometry":{"type":"LineString","coordinates":[[-64.3683946,45.0889607],[-64.368283,45.0889721]]},"properties":{"highway":"footway","surface":"concrete"}},
{"type":"Feature","geometry":{"type":"LineString","coordinates":[[-64.3682877,45.0889943],[-64.368283,45.0889721],[-64.3682575,45.0888801]]},"properties":{"highway":"footway","surface":"asphalt"}},
{"type":"Feature","geometry":{"type":"LineString","coordinates":[[-64.3682877,45.0889943],[-64.3682937,45.0890223]]},"properties":{"highway":"steps","surface":"concrete"}},
{"type":"Feature","geometry":{"type":"LineString","coordinates":[[-64.3684872,45.0892249],[-64.3684272,45.0891823],[-64.3683726,45.0891516],[-64.36834,45.0891061],[-64.3683152,45.0890687],[-64.3683005,45.0890395],[-64.3682937,45.0890223]]},"properties":{"highway":"footway","surface":"asphalt"}},
{"type":"Feature","geometry":{"type":"LineString","coordinates":[[-64.3684199,45.0889582],[-64.3683946,45.0889607]]},"properties":{"foot":"designated","highway":"steps","surface":"concrete"}},
{"type":"Feature","geometry":{"type":"LineString","coordinates":[[-64.3691671,45.0891736],[-64.3692152,45.0891581]]},"properties":{"foot":"designated","highway":"steps","surface":"concrete"}},
{"type":"Feature","geometry":{"type":"LineString","coordinates":[[-64.3692152,45.0891581],[-64.3692433,45.089149]]},"properties":{"highway":"footway","surface":"asphalt"}},
{"type":"Feature","geometry":{"type":"LineString","coordinates":[[-64.3693385,45.0874716],[-64.3694432,45.0878474],[-64.3695514,45.0881939],[-64.3696802,45.0886179],[-64.3696903,45.0886512],[-64.3698293,45.0890855],[-64.3699502,45.0894639],[-64.3701017,45.0899454],[-64.3702194,45.0903039],[-64.3702314,45.090315],[-64.3702503,45.0903271]]},"properties":{"footway":"sidewalk","highway":"footway","is_sidepath:of:name":"Westwood Avenue","surface":"concrete"}},
{"type":"Feature","geometry":{"type":"LineString","coordinates":[[-64.3696129,45.0886299],[-64.3696802,45.0886179],[-64.3701124,45.0885474],[-64.3701809,45.0885232],[-64.3702712,45.0884659],[-64.3703469,45.08842],[-64.3705039,45.0883767],[-64.3706816,45.0883397],[-64.3707329,45.0883193],[-64.370778,45.0882924]]},"properties":{"bicycle":"designated","foot":"designated","highway":"path","segregated":"no","surface":"asphalt","width":"1"}},
{"type":"Feature","geometry":{"type":"LineString","coordinates":[[-64.3709294,45.0882888],[-64.370778,45.0882924]]},"properties":{"highway":"service","service":"parking_aisle","surface":"asphalt"}},
{"type":"Feature","geometry":{"type":"LineString","coordinates":[[-64.3677995,45.0858072],[-64.3674671,45.0858547],[-64.3671669,45.0859001],[-64.3670974,45.085912]]},"properties":{"highway":"residential","lanes":"2","name":"Park Street","surface":"asphalt"}},
{"type":"Feature","geometry":{"type":"LineString","coordinates":[[-64.368054,45.0881635],[-64.3680826,45.0882511],[-64.3680762,45.0882965],[-64.3680811,45.0883345],[-64.3681011,45.0883724],[-64.3681304,45.0884035],[-64.368153,45.0884754]]},"properties":{"highway":"footway","surface":"paving_stones"}},
{"type":"Feature","geometry":{"type":"LineString","coordinates":[[-64.368658,45.088574],[-64.368798,45.088576]]},"properties":{"highway":"footway","surface":"asphalt"}},
{"type":"Feature","geometry":{"type":"LineString","coordinates":[[-64.3692241,45.0890876],[-64.3692103,45.0890452],[-64.3691451,45.0888385],[-64.3691173,45.0887497],[-64.3690995,45.0886915]]},"properties":{"highway":"footway","surface":"concrete"}},
{"type":"Feature","geometry":{"type":"LineString","coordinates":[[-64.3689605,45.0913651],[-64.3689524,45.0914444],[-64.3689339,45.0915503],[-64.368925,45.0915863],[-64.3688963,45.0916766],[-64.3688554,45.0917645]]},"properties":{"highway":"footway","surface":"concrete"}},
{"type":"Feature","geometry":{"type":"LineString","coordinates":[[-64.3677118,45.0886365],[-64.3675671,45.0886382]]},"properties":{"highway":"footway","surface":"asphalt"}},
{"type":"Feature","geometry":{"type":"LineString","coordinates":[[-64.3675671,45.0886382],[-64.3676232,45.0886868]]},"properties":{"highway":"footway","surface":"asphalt"}},
{"type":"Feature","geometry":{"type":"LineString","coordinates":[[-64.3673356,45.0882246],[-64.3673245,45.0881858]]},"properties":{"foot":"designated","highway":"steps","incline":"up","surface":"concrete"}},
{"type":"Feature","geometry":{"type":"LineString","coordinates":[[-64.365003,45.088928],[-64.3648724,45.0889508]]},"properties":{"highway":"footway","surface":"concrete","width":"1"}},
{"type":"Feature","geometry":{"type":"LineString","coordinates":[[-64.3649012,45.0888154],[-64.3648697,45.088835],[-64.3648595,45.0888494],[-64.3648511,45.0888736],[-64.3648465,45.0888952],[-64.3648466,45.0889556]]},"properties":{"highway":"footway","surface":"asphalt","width":"1"}},
{"type":"Feature","geometry":{"type":"LineString","coordinates":[[-64.3648724,45.0889508],[-64.3648466,45.0889556]]},"properties":{"foot":"designated","highway":"steps","incline":"up","step_count":"5","surface":"wood"}},
{"type":"Feature","geometry":{"type":"LineString","coordinates":[[-64.3638822,45.0892168],[-64.3639738,45.0892026],[-64.3640201,45.0891955],[-64.3642396,45.0891648],[-64.3643396,45.0891439],[-64.3643832,45.0891321],[-64.364411,45.0891203],[-64.3644619,45.089104],[-64.3644989,45.0890955],[-64.3646008,45.0890811],[-64.3648676,45.0890432],[-64.3650309,45.0890155]]},"properties":{"highway":"footway","surface":"asphalt","width":"1"}},
{"type":"Feature","geometry":{"type":"LineString","coordinates":[[-64.3640281,45.0876587],[-64.3639923,45.0875544]]},"properties":{"highway":"footway","surface":"concrete"}},
{"type":"Feature","geometry":{"type":"LineString","coordinates":[[-64.3640691,45.0873543],[-64.3639858,45.0871328]]},"properties":{"highway":"footway","surface":"asphalt"}},
{"type":"Feature","geometry":{"type":"LineString","coordinates":[[-64.3640993,45.087478],[-64.364082,45.0873834],[-64.3640691,45.0873543]]},"properties":{"highway":"footway","surface":"concrete"}},
{"type":"Feature","geometry":{"type":"LineString","coordinates":[[-64.3650563,45.0888547],[-64.3649952,45.0886878],[-64.3649508,45.0886454]]},"properties":{"highway":"service","name":"Horton Avenue","oneway":"yes","surface":"asphalt"}},
{"type":"Feature","geometry":{"type":"LineString","coordinates":[[-64.3650563,45.0888547],[-64.3650197,45.08884],[-64.3649741,45.0888246]]},"properties":{"highway":"footway","surface":"asphalt"}},
{"type":"Feature","geometry":{"type":"LineString","coordinates":[[-64.3668724,45.0877747],[-64.3667475,45.0877175],[-64.3666071,45.0877379],[-64.3663986,45.0877431]]},"properties":{"highway":"footway","surface":"asphalt"}},
{"type":"Feature","geometry":{"type":"LineString","coordinates":[[-64.3667475,45.0877175],[-64.3670533,45.0876773]]},"properties":{"highway":"footway","surface":"asphalt"}},
{"type":"Feature","geometry":{"type":"LineString","coordinates":[[-64.3650775,45.0869719],[-64.3652265,45.086985],[-64.365329,45.086996],[-64.3653577,45.087002],[-64.3653863,45.0870134],[-64.3654065,45.0870249],[-64.3654127,45.0870387],[-64.3654192,45.0870532]]},"properties":{"highway":"footway","surface":"concrete"}},
{"type":"Feature","geometry":{"type":"LineString","coordinates":[[-64.3654065,45.0870249],[-64.3654717,45.0870427],[-64.3655397,45.0870632],[-64.3655514,45.0870675],[-64.3655859,45.08708],[-64.3656264,45.0871002]]},"properties":{"highway":"footway","surface":"concrete"}},
{"type":"Feature","geometry":{"type":"LineString","coordinates":[[-64.3655514,45.0870675],[-64.3654315,45.087087],[-64.3654147,45.0870897]]},"properties":{"highway":"footway","surface":"concrete"}},
{"type":"Feature","geometry":{"type":"LineString","coordinates":[[-64.3654192,45.0870532],[-64.3654315,45.087087],[-64.365445,45.0871283]]},"properties":{"foot":"designated","highway":"steps","incline":"down","surface":"concrete"}},
{"type":"Feature","geometry":{"type":"LineString","coordinates":[[-64.3627827,45.0859069],[-64.3628545,45.0858933],[-64.3630313,45.0858623]]},"properties":{"highway":"service","service":"driveway","surface":"asphalt"}},
{"type":"Feature","geometry":{"type":"LineString","coordinates":[[-64.3643868,45.085817],[-64.3644304,45.085735],[-64.3644547,45.085656],[-64.364458,45.0855896],[-64.3644515,45.0855117],[-64.3644344,45.0854278]]},"properties":{"highway":"footway","surface":"asphalt","width":"1"}},
{"type":"Feature","geometry":{"type":"LineString","coordinates":[[-64.3643274,45.0856833],[-64.3640034,45.0857423]]},"properties":{"highway":"footway","surface":"asphalt","width":"1"}},
{"type":"Feature","geometry":{"type":"LineString","coordinates":[[-64.3637197,45.0853618],[-64.3639947,45.0854274],[-64.3640124,45.085434],[-64.3640219,45.0854407]]},"properties":{"highway":"footway","surface":"asphalt"}},
{"type":"Feature","geometry":{"type":"LineString","coordinates":[[-64.3645178,45.0897197],[-64.3645598,45.0896867],[-64.3645878,45.0896751],[-64.3646523,45.0896641]]},"properties":{"highway":"footway","surface":"asphalt"}},
{"type":"Feature","geometry":{"type":"LineString","coordinates":[[-64.3645582,45.0906685],[-64.364371,45.0905976]]},"properties":{"highway":"footway","surface":"asphalt"}},
{"type":"Feature","geometry":{"type":"LineString","coordinates":[[-64.3640951,45.0899863],[-64.3641305,45.0899849],[-64.3641736,45.0899881],[-64.3641988,45.089991499999999],[-64.3642364,45.09],[-64.3642644,45.090014],[-64.3642941,45.0900376],[-64.3643151,45.0900778],[-64.3643346,45.0901362],[-64.3643759,45.0902694],[-64.3644087,45.0903724],[-64.3644149,45.0904032],[-64.364411,45.0904291],[-64.364411,45.0904599],[-64.3644204,45.0904924],[-64.3644227,45.0905133],[-64.3644188,45.0905299],[-64.3644071,45.0905431],[-64.3643908,45.090553],[-64.3643603,45.0905616],[-64.3642917,45.0905736]]},"properties":{"highway":"service","service":"parking_aisle","surface":"asphalt"}},
{"type":"Feature","geometry":{"type":"LineString","coordinates":[[-64.3641636,45.0899557],[-64.3641141,45.0897951]]},"properties":{"bicycle":"designated","foot":"designated","highway":"cycleway","is_sidepath:of:name":"Highland Avenue","oneway":"no","segregated":"no","smoothness":"excellent","surface":"concrete","width":"2"}},
{"type":"Feature","geometry":{"type":"LineString","coordinates":[[-64.3641819,45.0900153],[-64.3641788,45.0900052],[-64.3641736,45.0899881],[-64.3641701,45.0899768],[-64.3641636,45.0899557]]},"properties":{"bicycle":"designated","crossing":"unmarked","crossing:island":"no","crossing:markings":"no","cycleway":"crossing","foot":"designated","highway":"cycleway","is_sidepath:of:name":"Highland Avenue","surface":"concrete"}},
{"type":"Feature","geometry":{"type":"LineString","coordinates":[[-64.3643483,45.0905208],[-64.3642324,45.0901789],[-64.3641819,45.0900153]]},"properties":{"bicycle":"designated","foot":"designated","highway":"cycleway","is_sidepath:of:name":"Highland Avenue","oneway":"no","segregated":"no","smoothness":"excellent","surface":"concrete","width":"2"}},
{"type":"Feature","geometry":{"type":"LineString","coordinates":[[-64.364371,45.0905976],[-64.3643603,45.0905616],[-64.3643483,45.0905208]]},"properties":{"bicycle":"designated","crossing":"unmarked","crossing:island":"no","crossing:markings":"no","cycleway":"crossing","foot":"designated","highway":"cycleway","is_sidepath:of:name":"Highland Avenue","surface":"concrete","width":"2"}},
{"type":"Feature","geometry":{"type":"LineString","coordinates":[[-64.3593906,45.0930459],[-64.3594762,45.0930333]]},"properties":{"highway":"footway","surface":"fine_gravel"}},
{"type":"Feature","geometry":{"type":"LineString","coordinates":[[-64.3592905,45.0927125],[-64.3593694,45.0929753]]},"properties":{"highway":"footway","surface":"fine_gravel"}},
{"type":"Feature","geometry":{"type":"LineString","coordinates":[[-64.3593694,45.0929753],[-64.3593906,45.0930459],[-64.3593978,45.0930702]]},"properties":{"bridge":"boardwalk","highway":"footway","surface":"wood"}},
{"type":"Feature","geometry":{"type":"LineString","coordinates":[[-64.3616808,45.092834],[-64.3615925,45.092859],[-64.3614805,45.0928773],[-64.3608702,45.0929112]]},"properties":{"bicycle":"yes","foot":"yes","highway":"service","motor_vehicle":"yes","service":"alley","surface":"asphalt"}},
{"type":"Feature","geometry":{"type":"LineString","coordinates":[[-64.3607179,45.0932982],[-64.3607318,45.0932714],[-64.3607437,45.0932371],[-64.3607484,45.0932172],[-64.360753,45.0931983],[-64.3607589,45.0931793],[-64.3607647,45.0931576],[-64.3607731,45.0931359],[-64.3607853,45.0931142],[-64.3608013,45.0930942],[-64.3608212,45.093075],[-64.3608374,45.0930595],[-64.360851,45.0930432],[-64.3608607,45.093026],[-64.3608666,45.093007],[-64.3608689,45.0929899],[-64.36087,45.0929746],[-64.3608703,45.0929504],[-64.3608702,45.0929112]]},"properties":{"alt_name":"Gaspereau Extension","highway":"residential","lanes":"2","name":"Harbourside Drive","source":"NRCan-CanVec-10.0","surface":"unpaved"}},
{"type":"Feature","geometry":{"type":"LineString","coordinates":[[-64.3564668,45.0919233],[-64.3564354,45.0918677],[-64.3563989,45.0918061]]},"properties":{"bicycle":"designated","button_operated":"yes","crossing":"uncontrolled","crossing:island":"no","crossing:markings":"zebra","cycleway":"crossing","foot":"designated","highway":"cycleway","name":"Millenium Trail","segregated":"no","surface":"asphalt","traffic_signals:vibration":"no"}},
{"type":"Feature","geometry":{"type":"LineString","coordinates":[[-64.3563711,45.09195],[-64.3564668,45.0919233]]},"properties":{"bicycle":"designated","foot":"designated","highway":"cycleway","is_sidepath:of:name":"Main Street","name":"Millenium Trail","segregated":"no","surface":"concrete"}},
{"type":"Feature","geometry":{"type":"LineString","coordinates":[[-64.3562906,45.0919723],[-64.3563311,45.0919611],[-64.3563711,45.09195]]},"properties":{"bicycle":"designated","crossing":"unmarked","crossing:island":"no","crossing:markings":"no","cycleway":"crossing","foot":"designated","highway":"cycleway","is_sidepath:of:name":"Main Street","name":"Millenium Trail","segregated":"no","surface":"concrete","traffic_calming":"table"}},
{"type":"Feature","geometry":{"type":"LineString","coordinates":[[-64.356232,45.0919916],[-64.3562906,45.0919723]]},"properties":{"bicycle":"designated","crossing:island":"no","foot":"designated","highway":"cycleway","is_sidepath:of:name":"Main Street","name":"Millenium Trail","segregated":"no","surface":"concrete","traffic_calming":"table"}},
{"type":"Feature","geometry":{"type":"LineString","coordinates":[[-64.3549729,45.0912604],[-64.3549202,45.0910958]]},"properties":{"bicycle":"designated","foot":"designated","footway":"sidewalk","highway":"footway","is_sidepath:of:name":"Victoria Street","name":"Millenium Trail","segregated":"no","surface":"asphalt"}},
{"type":"Feature","geometry":{"type":"LineString","coordinates":[[-64.3505241,45.0872999],[-64.350326,45.0873396],[-64.3500155,45.0873965],[-64.3498877,45.0874034],[-64.3497443,45.0874173],[-64.3496152,45.0874442],[-64.3495504,45.0874831],[-64.3495288,45.0875233],[-64.349507,45.0875959],[-64.3494835,45.087703],[-64.3494679,45.0878126],[-64.3494703,45.0878942],[-64.3494764,45.0879674]]},"properties":{"bicycle":"designated","foot":"designated","highway":"path","segregated":"no","surface":"unpaved"}},
{"type":"Feature","geometry":{"type":"LineString","coordinates":[[-64.3584704,45.0918268],[-64.3584712,45.0918952],[-64.3584753,45.092271]]},"properties":{"highway":"service","service":"driveway","surface":"asphalt"}},
{"type":"Feature","geometry":{"type":"LineString","coordinates":[[-64.3585012,45.09236],[-64.3585012,45.0923958],[-64.3585037,45.092435],[-64.3585048,45.0924437],[-64.3585099,45.0924843]]},"properties":{"highway":"footway","surface":"unpaved"}},
{"type":"Feature","geometry":{"type":"LineString","coordinates":[[-64.3584753,45.092271],[-64.3584876,45.0922981],[-64.3584975,45.0923277],[-64.3585012,45.09236]]},"properties":{"highway":"footway","surface":"asphalt"}},
{"type":"Feature","geometry":{"type":"LineString","coordinates":[[-64.3589091,45.0922425],[-64.3588978,45.0918663]]},"properties":{"highway":"footway","surface":"paving_stones"}},
{"type":"Feature","geometry":{"type":"LineString","coordinates":[[-64.3589129,45.0924551],[-64.3589114,45.0923207],[-64.3589091,45.0922425]]},"properties":{"highway":"footway","surface":"gravel"}},
{"type":"Feature","geometry":{"type":"LineString","coordinates":[[-64.3585422,45.0918229],[-64.3585447,45.0918934],[-64.3585482,45.0919919],[-64.3585691,45.0922389],[-64.3585774,45.0923366]]},"properties":{"access":"private","highway":"service","service":"driveway","surface":"asphalt"}},
{"type":"Feature","geometry":{"type":"LineString","coordinates":[[-64.358113,45.0918397],[-64.3581165,45.0919034],[-64.3581302,45.092152]]},"properties":{"highway":"service","service":"driveway","surface":"unpaved"}},
{"type":"Feature","geometry":{"type":"LineString","coordinates":[[-64.3585691,45.0922389],[-64.3588583,45.0922283]]},"properties":{"access":"private","highway":"service","service":"parking_aisle","surface":"asphalt"}},
{"type":"Feature","geometry":{"type":"LineString","coordinates":[[-64.3581302,45.092152],[-64.3580111,45.0921593]]},"properties":{"highway":"service","service":"parking_aisle","surface":"unpaved"}},
{"type":"Feature","geometry":{"type":"LineString","coordinates":[[-64.3582027,45.0925099],[-64.3581863,45.0924647],[-64.3581685,45.0924067],[-64.3581488,45.0923221],[-64.3581468,45.092248],[-64.358139,45.0921941],[-64.3581302,45.092152]]},"properties":{"highway":"footway","surface":"unpaved"}},
{"type":"Feature","geometry":{"type":"LineString","coordinates":[[-64.3574618,45.0918328],[-64.3574621,45.091895],[-64.3574622,45.0919039],[-64.357465,45.0920719],[-64.3574586,45.0921438],[-64.3574335,45.0922385]]},"properties":{"highway":"service","service":"alley","surface":"asphalt"}},
{"type":"Feature","geometry":{"type":"LineString","coordinates":[[-64.3565396,45.092465],[-64.3564596,45.09248]]},"properties":{"footway":"link","highway":"footway","surface":"asphalt"}},
{"type":"Feature","geometry":{"type":"LineString","coordinates":[[-64.3563238,45.0922482],[-64.3563666,45.0922517],[-64.3564038,45.0922488]]},"properties":{"highway":"footway","surface":"concrete","width":"1"}},
{"type":"Feature","geometry":{"type":"LineString","coordinates":[[-64.3564038,45.0922488],[-64.3564534,45.0922407]]},"properties":{"footway":"link","highway":"footway","surface":"asphalt"}},
{"type":"Feature","geometry":{"type":"LineString","coordinates":[[-64.3576779,45.0925581],[-64.3576525,45.0925306],[-64.3576089,45.0925011],[-64.3575475,45.092486],[-64.3575065,45.0924667],[-64.3574572,45.0923996]]},"properties":{"highway":"path","informal":"yes","surface":"unpaved"}},
{"type":"Feature","geometry":{"type":"LineString","coordinates":[[-64.3657012,45.0930159],[-64.3657142,45.0931571],[-64.365722,45.0931962],[-64.3657348,45.093232],[-64.3657586,45.0932752]]},"properties":{"highway":"path","surface":"unpaved"}},
{"type":"Feature","geometry":{"type":"LineString","coordinates":[[-64.3656639,45.0934246],[-64.3656919,45.0933678],[-64.3657134,45.0933268],[-64.3657586,45.0932752],[-64.3658253,45.0932418],[-64.3659021,45.0932201],[-64.3660253,45.0932129]]},"properties":{"highway":"service","service":"parking_aisle","surface":"unpaved"}},
{"type":"Feature","geometry":{"type":"LineString","coordinates":[[-64.3659021,45.0932201],[-64.3659027,45.0931841],[-64.3659178,45.0931385],[-64.3659565,45.0930854],[-64.3660167,45.0930487]]},"properties":{"highway":"path","informal":"yes","surface":"unpaved"}},
{"type":"Feature","geometry":{"type":"LineString","coordinates":[[-64.3657195,45.0928139],[-64.3657084,45.0929031],[-64.3657012,45.0930159]]},"properties":{"bicycle":"designated","foot":"designated","highway":"cycleway","oneway":"no","segregated":"no","surface":"concrete"}},
{"type":"Feature","geometry":{"type":"LineString","coordinates":[[-64.3656015,45.0935707],[-64.3657383,45.0939139],[-64.3659276,45.0943889]]},"properties":{"highway":"service","service":"parking_aisle","surface":"asphalt"}},
{"type":"Feature","geometry":{"type":"LineString","coordinates":[[-64.3598971,45.0924784],[-64.3599882,45.0924822],[-64.3600993,45.0924866],[-64.3603092,45.0924949],[-64.3604693,45.0925021],[-64.360487,45.0925029],[-64.3608351,45.0925176],[-64.3612831,45.0925441],[-64.361783,45.0925932],[-64.3621119,45.0926265],[-64.3626833,45.0926864],[-64.3632797,45.0927466],[-64.3633023,45.0927493],[-64.3638613,45.0928155],[-64.3640267,45.0928426]]},"properties":{"abandoned:railway":"rail","bicycle":"designated","foot":"designated","highway":"cycleway","motor_vehicle":"no","name":"Harvest Moon Trailway","railway":"abandoned","segregated":"no","smoothness":"excellent","surface":"concrete","width":"3"}},
{"type":"Feature","geometry":{"type":"LineString","coordinates":[[-64.3628822,45.09237],[-64.3628265,45.0923734]]},"properties":{"crossing":"unmarked","crossing:markings":"no","footway":"crossing","highway":"footway","source":"bing","surface":"asphalt"}},
{"type":"Feature","geometry":{"type":"LineString","coordinates":[[-64.3626008,45.0924552],[-64.362548,45.0921869],[-64.3625394,45.0921432]]},"properties":{"highway":"service","service":"parking_aisle","surface":"asphalt"}},
{"type":"Feature","geometry":{"type":"LineString","coordinates":[[-64.3637709,45.0925539],[-64.3636681,45.0925631]]},"properties":{"crossing":"uncontrolled","crossing:island":"no","crossing:markings":"ladder:skewed","footway":"crossing","highway":"footway","source":"bing","surface":"asphalt"}},
{"type":"Feature","geometry":{"type":"LineString","coordinates":[[-64.3634237,45.0922717],[-64.3632961,45.0922832]]},"properties":{"footway":"link","highway":"footway","surface":"asphalt"}},
{"type":"Feature","geometry":{"type":"LineString","coordinates":[[-64.3619046,45.0921993],[-64.3619168,45.0922469],[-64.3619216,45.0922654],[-64.3619577,45.0924785],[-64.3617628,45.0924634]]},"properties":{"highway":"service","service":"parking_aisle","surface":"asphalt"}},
{"type":"Feature","geometry":{"type":"LineString","coordinates":[[-64.362081,45.0925284],[-64.3620984,45.0925919],[-64.3621119,45.0926265]]},"properties":{"highway":"footway","source":"bing","surface":"concrete"}},
{"type":"Feature","geometry":{"type":"LineString","coordinates":[[-64.3621278,45.092677],[-64.3621162,45.0927598]]},"properties":{"crossing":"uncontrolled","crossing:island":"no","crossing:markings":"ladder:skewed","footway":"crossing","highway":"footway","surface":"asphalt"}},
{"type":"Feature","geometry":{"type":"LineString","coordinates":[[-64.3633023,45.0927493],[-64.3633193,45.0927022],[-64.3633367,45.0926733]]},"properties":{"highway":"footway","surface":"unpaved"}},
{"type":"Feature","geometry":{"type":"LineString","coordinates":[[-64.3621119,45.0926265],[-64.3621246,45.0926584],[-64.3621278,45.092677]]},"properties":{"crossing:island":"no","crossing:markings":"ladder:skewed","highway":"footway","surface":"concrete"}},
{"type":"Feature","geometry":{"type":"LineString","coordinates":[[-64.3619612,45.0911898],[-64.3619776,45.0912728],[-64.3620086,45.0914128]]},"properties":{"crossing":"uncontrolled","crossing:island":"no","crossing:markings":"ladder","footway":"crossing","highway":"footway","surface":"asphalt"}},
{"type":"Feature","geometry":{"type":"LineString","coordinates":[[-64.3619569,45.091164],[-64.36196,45.0911781],[-64.3619612,45.0911898]]},"properties":{"crossing:island":"no","crossing:markings":"ladder","highway":"footway","surface":"asphalt"}},
{"type":"Feature","geometry":{"type":"LineString","coordinates":[[-64.3617065,45.0914446],[-64.3620086,45.0914128],[-64.3622731,45.0913854]]},"properties":{"footway":"sidewalk","highway":"footway","is_sidepath:of:name":"Main Street","surface":"concrete","width":"3"}},
{"type":"Feature","geometry":{"type":"LineString","coordinates":[[-64.3615871,45.0914606],[-64.3616541,45.091452],[-64.3617065,45.0914446]]},"properties":{"crossing":"unmarked","crossing:island":"no","crossing:markings":"no","footway":"crossing","highway":"footway","is_sidepath:of:name":"Main Street","surface":"concrete"}},
{"type":"Feature","geometry":{"type":"LineString","coordinates":[[-64.3613844,45.0914852],[-64.3615871,45.0914606]]},"properties":{"footway":"sidewalk","highway":"footway","is_sidepath:of:name":"Main Street","surface":"concrete"}},
{"type":"Feature","geometry":{"type":"LineString","coordinates":[[-64.3612267,45.0915032],[-64.3613036,45.0914951],[-64.3613844,45.0914852]]},"properties":{"crossing":"unmarked","crossing:island":"no","crossing:markings":"no","footway":"crossing","highway":"footway","is_sidepath:of:name":"Main Street","surface":"concrete"}},
{"type":"Feature","geometry":{"type":"LineString","coordinates":[[-64.3609916,45.0912773],[-64.361058,45.0912651],[-64.3611957,45.0912468]]},"properties":{"highway":"footway","source":"bing","surface":"concrete"}},
{"type":"Feature","geometry":{"type":"LineString","coordinates":[[-64.3676847,45.0883046],[-64.3678006,45.0884546],[-64.3679031,45.088591]]},"properties":{"highway":"service","service":"driveway","surface":"asphalt"}},
{"type":"Feature","geometry":{"type":"LineString","coordinates":[[-64.366323,45.0875316],[-64.3667475,45.0877175]]},"properties":{"highway":"footway","surface":"concrete"}},
{"type":"Feature","geometry":{"type":"LineString","coordinates":[[-64.3685883,45.0902247],[-64.368938,45.0901722],[-64.3690866,45.0901458]]},"properties":{"highway":"footway","surface":"asphalt"}},
{"type":"Feature","geometry":{"type":"LineString","coordinates":[[-64.3709992,45.0872891],[-64.3708843,45.0872535],[-64.3708592,45.0872485],[-64.3708202,45.0872476],[-64.3707702,45.087249],[-64.3706857,45.0872637],[-64.3705974,45.0872884],[-64.3705395,45.0873173],[-64.3705233,45.0873425],[-64.3705194,45.087376],[-64.3705304,45.0874104]]},"properties":{"highway":"service","surface":"asphalt"}},
{"type":"Feature","geometry":{"type":"LineString","coordinates":[[-64.3708592,45.0872485],[-64.3708673,45.0872299],[-64.3708687,45.0872099],[-64.3708594,45.0871808],[-64.3708339,45.0871476],[-64.3707968,45.0871229]]},"properties":{"highway":"service","oneway":"yes","surface":"asphalt"}},
{"type":"Feature","geometry":{"type":"LineString","coordinates":[[-64.3707968,45.0871229],[-64.3707955,45.0871417],[-64.3708007,45.0871683],[-64.3708117,45.0871953],[-64.3708254,45.0872178],[-64.3708416,45.0872348],[-64.3708592,45.0872485]]},"properties":{"highway":"service","oneway":"yes","surface":"asphalt"}},
{"type":"Feature","geometry":{"type":"LineString","coordinates":[[-64.3708849,45.0861236],[-64.3708646,45.0860803],[-64.3708432,45.0860266],[-64.3707868,45.0859495],[-64.3706814,45.0858456],[-64.3706292,45.0857738],[-64.3706075,45.0857113],[-64.3705933,45.0856871],[-64.3705676,45.0856727],[-64.370511,45.0856714],[-64.3704579,45.0856796],[-64.3704322,45.0856989],[-64.3704252,45.0857283],[-64.3704358,45.085762],[-64.370457,45.085812],[-64.3705004,45.0858713],[-64.3705915,45.0859251],[-64.3706941,45.085975],[-64.3707853,45.0860325],[-64.3708463,45.0860875],[-64.3708849,45.0861236]]},"properties":{"access":"destination","highway":"service","lanes":"1","name":"Little Brook Lane","service":"driveway","surface":"asphalt"}},
{"type":"Feature","geometry":{"type":"LineString","coordinates":[[-64.3687957,45.0860943],[-64.368864,45.0860956],[-64.3689278,45.0860993],[-64.3689856,45.0861058],[-64.3690232,45.0861189],[-64.3691614,45.0861386],[-64.3692205,45.086162],[-64.3692702,45.0861662],[-64.3693108,45.0861592],[-64.3693705,45.0861965],[-64.3694283,45.0862354],[-64.3695051,45.0862562],[-64.3695701,45.0862762],[-64.3696258,45.0862771],[-64.3696925,45.086259],[-64.369756,45.0862206],[-64.369804,45.0861848],[-64.3698399,45.0861452],[-64.3698929,45.0861103]]},"properties":{"bicycle":"designated","foot":"designated","highway":"path","incline":"down","name":"Acadia University Woodlands Trail","sac_scale":"hiking","segregated":"no","surface":"ground"}},
{"type":"Feature","geometry":{"type":"LineString","coordinates":[[-64.3674168,45.085111],[-64.3674538,45.0851623],[-64.3674918,45.0852077],[-64.367538,45.0852992],[-64.3675878,45.0853264],[-64.3676561,45.0853594],[-64.3677226,45.0854059],[-64.3677701,45.0854637],[-64.3677981,45.0855376],[-64.3678154,45.0855958],[-64.3678298,45.0856672],[-64.3678325,45.0856867],[-64.3678423,45.0857183],[-64.367864,45.0857753],[-64.3678714,45.0857963]]},"properties":{"bicycle":"designated","foot":"designated","highway":"path","name":"Acadia University Woodlands Trail","sac_scale":"hiking","segregated":"no","surface":"ground"}},
{"type":"Feature","geometry":{"type":"LineString","coordinates":[[-64.3684161,45.088334],[-64.3684482,45.0883304],[-64.3684891,45.0883255],[-64.3685323,45.0883164],[-64.368579,45.0883098],[-64.3686257,45.0883073],[-64.3687051,45.0883065],[-64.3687508,45.0883116]]},"properties":{"highway":"footway","surface":"asphalt","width":"1"}},
{"type":"Feature","geometry":{"type":"LineString","coordinates":[[-64.3687659,45.0883565],[-64.3689255,45.0883308]]},"properties":{"highway":"footway","surface":"concrete"}},
{"type":"Feature","geometry":{"type":"LineString","coordinates":[[-64.3683446,45.0881374],[-64.3683052,45.0881464]]},"properties":{"highway":"footway","surface":"concrete"}},
{"type":"Feature","geometry":{"type":"LineString","coordinates":[[-64.3690541,45.0885047],[-64.3690243,45.0884141]]},"properties":{"highway":"service","service":"driveway","surface":"asphalt"}},
{"type":"Feature","geometry":{"type":"LineString","coordinates":[[-64.3511304,45.0922737],[-64.3511099,45.0921826],[-64.3510998,45.0921375],[-64.3510609,45.0919917],[-64.3510341,45.0919027],[-64.3509778,45.0917418],[-64.3508262,45.0912674],[-64.35079,45.091239],[-64.3507417,45.091222],[-64.3506868,45.0912154],[-64.3506197,45.0912182],[-64.3505459,45.0912277],[-64.3504875,45.0912438],[-64.3504842,45.0912447],[-64.3504494,45.0912703],[-64.3504226,45.0913214],[-64.3504252,45.0913934],[-64.3504534,45.0915098],[-64.3504722,45.0916121],[-64.3504762,45.0916963],[-64.3504762,45.0917593],[-64.3504762,45.0917815],[-64.3504695,45.0918563],[-64.3504628,45.0919538],[-64.3504655,45.0920107],[-64.3504735,45.0920694],[-64.3504789,45.0921006],[-64.3504828,45.0921251],[-64.3504971,45.0922134]]},"properties":{"highway":"service","service":"driveway","surface":"asphalt"}},
{"type":"Feature","geometry":{"type":"LineString","coordinates":[[-64.3509778,45.0917418],[-64.3508671,45.0917385],[-64.3507612,45.0917366],[-64.3506633,45.0917404],[-64.3505855,45.091746],[-64.3504762,45.0917593]]},"properties":{"highway":"service","service":"driveway","surface":"asphalt"}},
{"type":"Feature","geometry":{"type":"LineString","coordinates":[[-64.3504454,45.09107],[-64.3504346,45.0910308],[-64.3503791,45.0908655],[-64.3503514,45.0907589],[-64.3503545,45.0906915],[-64.350376,45.0906273],[-64.3503837,45.0905675]]},"properties":{"highway":"service","service":"driveway","surface":"unpaved"}},
{"type":"Feature","geometry":{"type":"LineString","coordinates":[[-64.3504875,45.0912438],[-64.3504669,45.0911483],[-64.3504454,45.09107]]},"properties":{"highway":"service","service":"parking_aisle","surface":"asphalt"}},
{"type":"Feature","geometry":{"type":"LineString","coordinates":[[-64.3511099,45.0921826],[-64.3512576,45.0921965],[-64.3515138,45.0922212],[-64.3518236,45.0922439],[-64.352065,45.0922647]]},"properties":{"footway":"sidewalk","highway":"footway","is_sidepath:of:name":"Main Street","surface":"asphalt","width":"1"}},
{"type":"Feature","geometry":{"type":"LineString","coordinates":[[-64.3488623,45.0919679],[-64.3489792,45.0919797],[-64.349572,45.0920327],[-64.34992,45.0920668],[-64.3502553,45.0921009],[-64.3504828,45.0921251]]},"properties":{"footway":"sidewalk","highway":"footway","is_sidepath:of:name":"Main Street","surface":"asphalt","width":"1"}},
{"type":"Feature","geometry":{"type":"LineString","coordinates":[[-64.3504828,45.0921251],[-64.3506286,45.0921407],[-64.3511099,45.0921826]]},"properties":{"footway":"sidewalk","highway":"footway","is_sidepath:of:name":"Main Street","surface":"asphalt","width":"1"}},
{"type":"Feature","geometry":{"type":"LineString","coordinates":[[-64.352065,45.0922647],[-64.3521378,45.0922819],[-64.3522326,45.0923043]]},"properties":{"crossing":"uncontrolled","crossing:island":"no","crossing:markings":"lines","footway":"crossing","highway":"footway","is_sidepath:of:name":"Main Street","surface":"asphalt"}},
{"type":"Feature","geometry":{"type":"LineString","coordinates":[[-64.355134,45.0922719],[-64.3549907,45.0922963],[-64.3547005,45.0923365],[-64.3543759,45.0923731],[-64.3540823,45.0924024],[-64.3537766,45.0924243],[-64.3534641,45.0924402],[-64.3531498,45.0924499],[-64.3528873,45.0924523],[-64.3525868,45.0924475],[-64.3523778,45.0924365],[-64.3522513,45.0924274],[-64.3521651,45.0924221],[-64.3520609,45.0924151],[-64.3519629,45.0924085],[-64.3518692,45.0924001],[-64.3516774,45.0923802],[-64.3514886,45.0923628],[-64.3511978,45.0923393],[-64.350977,45.0923246],[-64.3508372,45.0923152],[-64.350754,45.0923078],[-64.3506595,45.0922973],[-64.3505525,45.0922868],[-64.3504425,45.0922748],[-64.3503647,45.0922673],[-64.3502084,45.092251],[-64.3500003,45.0922296],[-64.3497427,45.0922036]]},"properties":{"footway":"sidewalk","highway":"footway","is_sidepath:of:name":"Main Street","surface":"asphalt","width":"1"}},
{"type":"Feature","geometry":{"type":"LineString","coordinates":[[-64.3521681,45.0903889],[-64.3521676,45.0904342],[-64.3521707,45.0904773]]},"properties":{"bicycle":"yes","foot":"yes","highway":"service","service":"parking_aisle","surface":"unpaved"}},
{"type":"Feature","geometry":{"type":"LineString","coordinates":[[-64.3512327,45.0908325],[-64.351145,45.0908384],[-64.3510942,45.0908341],[-64.3510175,45.0908131],[-64.3509825,45.0907935],[-64.3509397,45.0907551],[-64.3508929,45.0906762],[-64.3508378,45.0905736],[-64.3507904,45.0904765],[-64.3507615,45.0904023],[-64.3507481,45.0903411],[-64.3507314,45.0902643],[-64.3507344,45.0902155],[-64.3507547,45.0901883],[-64.3508198,45.0901553],[-64.350897,45.090128],[-64.3509186,45.0901133],[-64.350931,45.0900959],[-64.3509295,45.0900577]]},"properties":{"highway":"service","service":"driveway","surface":"unpaved"}},
{"type":"Feature","geometry":{"type":"LineString","coordinates":[[-64.3784564,45.0874468],[-64.3781267,45.0875902],[-64.3778556,45.0877038],[-64.3776341,45.0878057],[-64.377378,45.0879421],[-64.3771738,45.0880625],[-64.3769718,45.0881918],[-64.3765771,45.0884425],[-64.3763875,45.0885615],[-64.3762229,45.0886569],[-64.3758871,45.0888275],[-64.375583,45.0889661],[-64.3749841,45.0892255]]},"properties":{"NHS":"yes","alt_name":"Evangeline Trail","highway":"primary","lane_markings":"yes","lanes":"2","lanes:backward":"1","lanes:forward":"1","maxheight":"4.1","name":"Highway 1","note":"Commonly refered to as Main St.","official_name":"Trunk 1","ref":"NS 1","surface":"asphalt"}},
{"type":"Feature","geometry":{"type":"LineString","coordinates":[[-64.3637629,45.091301],[-64.3637449,45.0912418],[-64.3636875,45.0910529],[-64.3636718,45.0910018],[-64.3636578,45.0909819],[-64.3636365,45.0909719],[-64.3636038,45.0909731],[-64.363572,45.0909769],[-64.3635561,45.0909855],[-64.3635472,45.0909962],[-64.363541,45.091015],[-64.3635445,45.0910561],[-64.3635765,45.0912586],[-64.3635861,45.0913197]]},"properties":{"highway":"service","service":"parking_aisle","surface":"asphalt"}},
{"type":"Feature","geometry":{"type":"LineString","coordinates":[[-64.360309,45.0923529],[-64.3603021,45.0923099],[-64.3602876,45.09222],[-64.3602601,45.0920495]]},"properties":{"highway":"service","service":"parking_aisle","surface":"asphalt"}},
{"type":"Feature","geometry":{"type":"LineString","coordinates":[[-64.3598326,45.0920726],[-64.3599138,45.0920671],[-64.3600694,45.0920567],[-64.3602601,45.0920495],[-64.3604734,45.0920417],[-64.3605123,45.0920504],[-64.360546,45.0920679],[-64.3605849,45.0920773],[-64.360676,45.0920767],[-64.360704,45.0920733],[-64.3609034,45.0920492],[-64.3612503,45.0920142]]},"properties":{"highway":"service","service":"parking_aisle","surface":"asphalt"}},
{"type":"Feature","geometry":{"type":"LineString","coordinates":[[-64.3613044,45.0922511],[-64.3612955,45.0922089],[-64.3612765,45.092118],[-64.3612503,45.0920142],[-64.3612175,45.091868]]},"properties":{"highway":"service","service":"parking_aisle","surface":"asphalt"}},
{"type":"Feature","geometry":{"type":"LineString","coordinates":[[-64.360766,45.0923064],[-64.3607546,45.0922637],[-64.3607319,45.0921783],[-64.360704,45.0920733]]},"properties":{"highway":"service","service":"parking_aisle","surface":"asphalt"}},
{"type":"Feature","geometry":{"type":"LineString","coordinates":[[-64.3612765,45.092118],[-64.3607319,45.0921783],[-64.3602876,45.09222]]},"properties":{"highway":"service","service":"parking_aisle","surface":"asphalt"}},
{"type":"Feature","geometry":{"type":"LineString","coordinates":[[-64.3600694,45.0920567],[-64.3600517,45.0919666]]},"properties":{"highway":"service","service":"parking_aisle","surface":"asphalt"}},
{"type":"Feature","geometry":{"type":"LineString","coordinates":[[-64.3604398,45.091716],[-64.3605123,45.0920504]]},"properties":{"highway":"service","motor_vehicle":"no","service":"alley","surface":"asphalt"}},
{"type":"Feature","geometry":{"type":"LineString","coordinates":[[-64.3613059,45.0918106],[-64.3612175,45.091868]]},"properties":{"footway":"link","highway":"footway","surface":"asphalt"}},
{"type":"Feature","geometry":{"type":"LineString","coordinates":[[-64.3612422,45.0911722],[-64.3610468,45.091196],[-64.3610429,45.0911754]]},"properties":{"highway":"footway","surface":"concrete"}},
{"type":"Feature","geometry":{"type":"LineString","coordinates":[[-64.3522326,45.0923043],[-64.3524333,45.0923174],[-64.3527255,45.0923359],[-64.3530843,45.0923376],[-64.3533147,45.0923308],[-64.3537424,45.0923074],[-64.3541106,45.0922789],[-64.3546222,45.0922198],[-64.3550036,45.0921727],[-64.3551099,45.0921562]]},"properties":{"footway":"sidewalk","highway":"footway","is_sidepath:of:name":"Main Street","surface":"asphalt"}},
{"type":"Feature","geometry":{"type":"LineString","coordinates":[[-64.3582947,45.0905593],[-64.3584046,45.090964],[-64.3585749,45.091499],[-64.3586274,45.0916799],[-64.358645,45.0917519]]},"properties":{"footway":"sidewalk","highway":"footway","is_sidepath:of:name":"Locust Avenue","surface":"asphalt"}},
{"type":"Feature","geometry":{"type":"LineString","coordinates":[[-64.3582055,45.090203],[-64.3582752,45.0904884]]},"properties":{"footway":"sidewalk","highway":"footway","is_sidepath:of:name":"Locust Avenue","surface":"asphalt"}},
{"type":"Feature","geometry":{"type":"LineString","coordinates":[[-64.3582752,45.0904884],[-64.3582861,45.0905281],[-64.3582947,45.0905593]]},"properties":{"crossing":"unmarked","crossing:island":"no","crossing:markings":"no","footway":"crossing","highway":"footway","is_sidepath:of:name":"Locust Avenue","surface":"asphalt"}},
{"type":"Feature","geometry":{"type":"LineString","coordinates":[[-64.3575633,45.0917734],[-64.3575751,45.0917215],[-64.3576053,45.0915012],[-64.3576722,45.0910685],[-64.3577263,45.0906908],[-64.3577454,45.0906122],[-64.3577757,45.0905661],[-64.3578203,45.0905368],[-64.3578967,45.0905155],[-64.3580511,45.0905054],[-64.3582752,45.0904884]]},"properties":{"footway":"sidewalk","highway":"footway","is_sidepath:of:name":"Seaview Avenue","surface":"concrete"}},
{"type":"Feature","geometry":{"type":"LineString","coordinates":[[-64.3565991,45.0917575],[-64.3568045,45.091744],[-64.3570752,45.0917508],[-64.3575385,45.0917721],[-64.3575633,45.0917734]]},"properties":{"footway":"sidewalk","highway":"footway","is_sidepath:of:name":"Main Street","surface":"concrete"}},
{"type":"Feature","geometry":{"type":"LineString","coordinates":[[-64.3563989,45.0918061],[-64.3565004,45.0917815],[-64.3565991,45.0917575]]},"properties":{"crossing":"uncontrolled","crossing:island":"no","crossing:markings":"lines","footway":"crossing","highway":"footway","is_sidepath:of:name":"Main Street","surface":"asphalt"}},
{"type":"Feature","geometry":{"type":"LineString","coordinates":[[-64.3552395,45.0921351],[-64.3555069,45.0920711],[-64.3557712,45.0919935],[-64.356104,45.091898],[-64.3563989,45.0918061]]},"properties":{"footway":"sidewalk","highway":"footway","is_sidepath:of:name":"Main Street","surface":"concrete"}},
{"type":"Feature","geometry":{"type":"LineString","coordinates":[[-64.3551099,45.0921562],[-64.3551764,45.0921454],[-64.3552395,45.0921351]]},"properties":{"crossing":"uncontrolled","crossing:island":"no","crossing:markings":"lines","footway":"crossing","highway":"footway","is_sidepath:of:name":"Main Street","surface":"asphalt"}},
{"type":"Feature","geometry":{"type":"LineString","coordinates":[[-64.356232,45.0919916],[-64.3558692,45.0921047],[-64.3556791,45.0921582],[-64.3555185,45.0921989],[-64.3553767,45.0922263]]},"properties":{"footway":"sidewalk","highway":"footway","is_sidepath:of:name":"Main Street","surface":"concrete","width":"1"}},
{"type":"Feature","geometry":{"type":"LineString","coordinates":[[-64.355134,45.0922719],[-64.3551212,45.0922105],[-64.3551099,45.0921562]]},"properties":{"crossing":"uncontrolled","crossing:island":"no","crossing:markings":"zebra","footway":"crossing","highway":"footway","is_sidepath:of:name":"Victoria Street","surface":"asphalt"}},
{"type":"Feature","geometry":{"type":"LineString","coordinates":[[-64.3552395,45.0921351],[-64.3551118,45.0916821],[-64.3549729,45.0912604]]},"properties":{"footway":"sidewalk","highway":"footway","is_sidepath:of:name":"Victoria Street","surface":"asphalt"}},
{"type":"Feature","geometry":{"type":"LineString","coordinates":[[-64.3549202,45.0910958],[-64.354889,45.0910997],[-64.354859,45.0911034],[-64.3547839,45.0911116]]},"properties":{"bicycle":"designated","crossing":"uncontrolled","crossing:island":"no","crossing:markings":"zebra","cycleway":"crossing","foot":"designated","highway":"cycleway","segregated":"no","surface":"asphalt"}},
{"type":"Feature","geometry":{"type":"LineString","coordinates":[[-64.3549202,45.0910958],[-64.3548641,45.0909198],[-64.354801,45.0907335],[-64.3547445,45.090562]]},"properties":{"footway":"sidewalk","highway":"footway","is_sidepath:of:name":"Victoria Street","surface":"asphalt"}},
{"type":"Feature","geometry":{"type":"LineString","coordinates":[[-64.3546879,45.0905736],[-64.3547445,45.090562]]},"properties":{"footway":"link","highway":"footway","is_sidepath:of:name":"King Street","surface":"asphalt"}},
{"type":"Feature","geometry":{"type":"LineString","coordinates":[[-64.3547445,45.090562],[-64.3547907,45.0905545],[-64.3549843,45.090518],[-64.3552931,45.0904603],[-64.3555565,45.0904154],[-64.3557079,45.0903897],[-64.3558214,45.0903652],[-64.355894,45.0903374],[-64.356003,45.0902882],[-64.3561499,45.0902145],[-64.3563876,45.0900713],[-64.3566372,45.0899205],[-64.3566573,45.0899178],[-64.3566792,45.08992]]},"properties":{"footway":"sidewalk","highway":"footway","is_sidepath:of:name":"King Street","surface":"concrete"}},
{"type":"Feature","geometry":{"type":"LineString","coordinates":[[-64.3567007,45.0897314],[-64.3565937,45.0896068],[-64.3563511,45.0893184],[-64.3560325,45.0889516],[-64.3557556,45.0886223],[-64.3556053,45.0884637]]},"properties":{"footway":"sidewalk","highway":"footway","is_sidepath:of:name":"Blomidon Terrace","surface":"asphalt","width":"1"}},
{"type":"Feature","geometry":{"type":"LineString","coordinates":[[-64.3556053,45.0884637],[-64.35555,45.0884897]]},"properties":{"footway":"link","highway":"footway","surface":"asphalt"}},
{"type":"Feature","geometry":{"type":"LineString","coordinates":[[-64.3567007,45.0897314],[-64.3567782,45.0897826],[-64.3568354,45.0898212]]},"properties":{"crossing":"unmarked","crossing:island":"no","crossing:markings":"no","footway":"crossing","highway":"footway","is_sidepath:of:name":"Blomidon Terrace;Willow Avenue","surface":"asphalt"}},
{"type":"Feature","geometry":{"type":"LineString","coordinates":[[-64.3566792,45.08992],[-64.3567452,45.0898815],[-64.3568354,45.0898212]]},"properties":{"crossing":"unmarked","crossing:island":"no","crossing:markings":"no","footway":"crossing","highway":"footway","is_sidepath:of:name":"King Street;Willow Avenue","surface":"asphalt"}},
{"type":"Feature","geometry":{"type":"LineString","coordinates":[[-64.3566792,45.08992],[-64.3567033,45.089931],[-64.356721,45.0899576],[-64.3567336,45.0900041],[-64.3567346,45.0900314],[-64.3567304,45.0900557],[-64.3567074,45.0900955],[-64.356673,45.0901582],[-64.3566531,45.0902128],[-64.3566416,45.0902866],[-64.3566291,45.0903456],[-64.3565894,45.0904592],[-64.3565246,45.0906119],[-64.3565027,45.0906414],[-64.356488,45.0906583],[-64.356463,45.0906731],[-64.356441,45.0906886],[-64.3564347,45.0906989],[-64.3564285,45.0907166],[-64.3564295,45.0907328],[-64.3564358,45.0907513],[-64.3564462,45.0907771],[-64.3564567,45.0908014],[-64.3564588,45.0908243],[-64.3564431,45.0909401],[-64.3564212,45.0911496],[-64.3564253,45.0911636],[-64.3564347,45.0911739],[-64.3564515,45.0911857],[-64.3564567,45.0911982],[-64.3564619,45.0912152],[-64.3564347,45.0913989],[-64.356394,45.091657],[-64.3563877,45.0917286],[-64.3563989,45.0918061]]},"properties":{"footway":"sidewalk","highway":"footway","is_sidepath:of:name":"Willow Avenue","surface":"concrete"}},
{"type":"Feature","geometry":{"type":"LineString","coordinates":[[-64.3552914,45.0922425],[-64.355134,45.0922719]]},"properties":{"footway":"sidewalk","highway":"footway","is_sidepath:of:name":"Main Street","surface":"concrete","width":"1"}},
{"type":"Feature","geometry":{"type":"LineString","coordinates":[[-64.3553767,45.0922263],[-64.3553254,45.0922353],[-64.3552914,45.0922425]]},"properties":{"crossing":"unmarked","crossing:island":"no","crossing:markings":"no","footway":"crossing","highway":"footway","is_sidepath:of:name":"Main Street","surface":"concrete"}},
{"type":"Feature","geometry":{"type":"LineString","coordinates":[[-64.357543,45.0892763],[-64.3575781,45.0892666],[-64.3576419,45.0892627],[-64.3578067,45.0892627],[-64.3581231,45.0892596],[-64.3584802,45.0892534],[-64.3589967,45.0892495]]},"properties":{"footway":"sidewalk","highway":"footway","is_sidepath:of:name":"Winter Street","surface":"asphalt"}},
{"type":"Feature","geometry":{"type":"LineString","coordinates":[[-64.3575633,45.0917734],[-64.3576431,45.0917741],[-64.3577256,45.0917749]]},"properties":{"crossing":"uncontrolled","crossing:island":"no","crossing:markings":"lines","footway":"crossing","highway":"footway","is_sidepath:of:name":"Main Street","surface":"asphalt"}},
{"type":"Feature","geometry":{"type":"LineString","coordinates":[[-64.3577256,45.0917749],[-64.3577492,45.0915446]]},"properties":{"footway":"sidewalk","highway":"footway","is_sidepath:of:name":"Seaview Avenue","surface":"concrete"}},
{"type":"Feature","geometry":{"type":"LineString","coordinates":[[-64.3577492,45.0915446],[-64.357677,45.0915411]]},"properties":{"footway":"link","highway":"footway","surface":"asphalt"}},
{"type":"Feature","geometry":{"type":"LineString","coordinates":[[-64.3577256,45.0917749],[-64.3579117,45.091779],[-64.3580907,45.0917774],[-64.3582673,45.0917749],[-64.3583922,45.0917716],[-64.3584923,45.0917649],[-64.358645,45.0917519]]},"properties":{"footway":"sidewalk","highway":"footway","is_sidepath:of:name":"Main Street","surface":"concrete"}},
{"type":"Feature","geometry":{"type":"LineString","coordinates":[[-64.358645,45.0917519],[-64.3587204,45.0917425],[-64.3587903,45.0917339]]},"properties":{"crossing":"uncontrolled","crossing:island":"no","crossing:markings":"lines","footway":"crossing","highway":"footway","is_sidepath:of:name":"Main Street","surface":"asphalt"}},
{"type":"Feature","geometry":{"type":"LineString","coordinates":[[-64.3587903,45.0917339],[-64.3586989,45.0914609]]},"properties":{"footway":"sidewalk","highway":"footway","is_sidepath:of:name":"Locust Avenue","surface":"asphalt"}},
{"type":"Feature","geometry":{"type":"LineString","coordinates":[[-64.3586989,45.0914609],[-64.3586397,45.0914701]]},"properties":{"footway":"link","highway":"footway","surface":"asphalt"}},
{"type":"Feature","geometry":{"type":"LineString","coordinates":[[-64.3587903,45.0917339],[-64.358961,45.0917157],[-64.3596692,45.0916498]]},"properties":{"footway":"sidewalk","highway":"footway","is_sidepath:of:name":"Main Street","surface":"concrete"}},
{"type":"Feature","geometry":{"type":"LineString","coordinates":[[-64.3596692,45.0916498],[-64.3596832,45.091553],[-64.3596895,45.0914388],[-64.3596832,45.0913399],[-64.3596646,45.0912146],[-64.359635,45.0911091],[-64.3594965,45.0906893],[-64.3593375,45.0901998]]},"properties":{"footway":"sidewalk","highway":"footway","is_sidepath:of:name":"Gaspereau Avenue","surface":"asphalt"}},
{"type":"Feature","geometry":{"type":"LineString","coordinates":[[-64.3589967,45.0892495],[-64.3589846,45.0892207],[-64.3589625,45.0891679]]},"properties":{"crossing":"unmarked","crossing:island":"no","crossing:markings":"no","footway":"crossing","highway":"footway","is_sidepath:of:name":"Gaspereau Avenue","surface":"asphalt"}},
{"type":"Feature","geometry":{"type":"LineString","coordinates":[[-64.3589625,45.0891679],[-64.3588045,45.0887109],[-64.3586738,45.0883319],[-64.3586303,45.0881832],[-64.3586141,45.0881117],[-64.3586029,45.0880473]]},"properties":{"footway":"sidewalk","highway":"footway","is_sidepath:of:name":"Gaspereau Avenue","surface":"asphalt"}},
{"type":"Feature","geometry":{"type":"LineString","coordinates":[[-64.3586029,45.0880473],[-64.3586019,45.0880101],[-64.3585999,45.0879665]]},"properties":{"crossing":"unmarked","crossing:island":"no","crossing:markings":"no","footway":"crossing","highway":"footway","is_sidepath:of:name":"Gaspereau Avenue","surface":"asphalt"}},
{"type":"Feature","geometry":{"type":"LineString","coordinates":[[-64.3585999,45.0879665],[-64.3586056,45.087879],[-64.3585966,45.0878434],[-64.358593,45.0877939],[-64.3586038,45.0877508],[-64.3586163,45.0876797],[-64.3586235,45.0875224],[-64.3586163,45.0873942],[-64.358602,45.0872939],[-64.3585727,45.0871976],[-64.3585427,45.0871214],[-64.3584726,45.0869729],[-64.3583178,45.0866873],[-64.3582554,45.0865884],[-64.3581892,45.086512],[-64.3581306,45.0864545],[-64.3580682,45.0864041]]},"properties":{"footway":"sidewalk","highway":"footway","is_sidepath:of:name":"Gaspereau Avenue","surface":"concrete"}},
{"type":"Feature","geometry":{"type":"LineString","coordinates":[[-64.3580682,45.0864041],[-64.3580071,45.0863673],[-64.3578989,45.0863169],[-64.357755,45.0862666],[-64.3576162,45.0862387],[-64.3573056,45.0861947],[-64.3567428,45.0861327],[-64.3564029,45.0860922],[-64.3560986,45.0860392],[-64.3557854,45.0859834],[-64.3553933,45.0859106],[-64.3551323,45.0858495],[-64.3549044,45.0857866],[-64.354702,45.0857192],[-64.3544919,45.0856365],[-64.3542933,45.0855493],[-64.3539661,45.0853992],[-64.3531283,45.0849964]]},"properties":{"footway":"sidewalk","highway":"footway","is_sidepath:of:name":"Gaspereau Avenue","surface":"asphalt"}},
{"type":"Feature","geometry":{"type":"LineString","coordinates":[[-64.3593108,45.090118],[-64.3592116,45.0898233],[-64.3591578,45.0896798],[-64.3589967,45.0892495]]},"properties":{"footway":"sidewalk","highway":"footway","is_sidepath:of:name":"Gaspereau Avenue","surface":"asphalt"}},
{"type":"Feature","geometry":{"type":"LineString","coordinates":[[-64.3593375,45.0901998],[-64.3593253,45.0901574],[-64.3593108,45.090118]]},"properties":{"crossing":"unmarked","crossing:island":"no","crossing:markings":"no","footway":"crossing","highway":"footway","is_sidepath:of:name":"Gaspereau Avenue","surface":"asphalt"}},
{"type":"Feature","geometry":{"type":"LineString","coordinates":[[-64.3568354,45.0898212],[-64.3568595,45.0897894],[-64.3569221,45.089715],[-64.3570144,45.0896428],[-64.3572551,45.0894465],[-64.3574265,45.0893302],[-64.3575078,45.089286],[-64.357543,45.0892763]]},"properties":{"footway":"sidewalk","highway":"footway","is_sidepath:of:name":"Willow Avenue","surface":"asphalt"}},
{"type":"Feature","geometry":{"type":"LineString","coordinates":[[-64.3564668,45.0919233],[-64.3565513,45.0919116],[-64.356752,45.0918865],[-64.3568617,45.0918785],[-64.3569914,45.0918754],[-64.3572418,45.0918864],[-64.3574621,45.091895]]},"properties":{"footway":"sidewalk","highway":"footway","is_sidepath:of:name":"Main Street","surface":"concrete"}},
{"type":"Feature","geometry":{"type":"LineString","coordinates":[[-64.359281,45.0918284],[-64.3593168,45.0918248],[-64.3596576,45.0917935],[-64.3596679,45.0917926],[-64.359696,45.0917933]]},"properties":{"footway":"sidewalk","highway":"footway","is_sidepath:of:name":"Main Street","surface":"concrete"}},
{"type":"Feature","geometry":{"type":"LineString","coordinates":[[-64.3592018,45.0918362],[-64.3592389,45.0918326],[-64.359281,45.0918284]]},"properties":{"crossing":"unmarked","crossing:island":"no","crossing:markings":"no","footway":"crossing","highway":"footway","is_sidepath:of:name":"Main Street","surface":"concrete"}},
{"type":"Feature","geometry":{"type":"LineString","coordinates":[[-64.35857,45.0918927],[-64.3587522,45.0918801],[-64.3588978,45.0918663],[-64.3592018,45.0918362]]},"properties":{"footway":"sidewalk","highway":"footway","is_sidepath:of:name":"Main Street","surface":"concrete"}},
{"type":"Feature","geometry":{"type":"LineString","coordinates":[[-64.3584529,45.0918956],[-64.3584712,45.0918952],[-64.3585447,45.0918934],[-64.35857,45.0918927]]},"properties":{"crossing":"unmarked","crossing:island":"no","crossing:markings":"no","footway":"crossing","highway":"footway","is_sidepath:of:name":"Main Street","surface":"concrete"}},
{"type":"Feature","geometry":{"type":"LineString","coordinates":[[-64.3581597,45.0919025],[-64.3584529,45.0918956]]},"properties":{"footway":"sidewalk","highway":"footway","is_sidepath:of:name":"Main Street","surface":"concrete"}},
{"type":"Feature","geometry":{"type":"LineString","coordinates":[[-64.3580662,45.0919048],[-64.3581165,45.0919034],[-64.3581597,45.0919025]]},"properties":{"crossing":"unmarked","crossing:island":"no","crossing:markings":"no","footway":"crossing","highway":"footway","is_sidepath:of:name":"Main Street","surface":"concrete"}},
{"type":"Feature","geometry":{"type":"LineString","coordinates":[[-64.3574621,45.091895],[-64.3578288,45.091903],[-64.3580662,45.0919048]]},"properties":{"footway":"sidewalk","highway":"footway","is_sidepath:of:name":"Main Street","surface":"concrete"}},
{"type":"Feature","geometry":{"type":"LineString","coordinates":[[-64.3598115,45.09235],[-64.3598207,45.0924247],[-64.3598258,45.0924519],[-64.3598295,45.0924689],[-64.3598402,45.0925203],[-64.3598535,45.0925907],[-64.359862,45.0926425],[-64.359862,45.0926591],[-64.3598556,45.0926691],[-64.3598442,45.0926767]]},"properties":{"footway":"sidewalk","highway":"footway","is_sidepath:of:name":"Harbourside Drive","surface":"concrete"}},
{"type":"Feature","geometry":{"type":"LineString","coordinates":[[-64.359696,45.0917933],[-64.3597074,45.09181],[-64.3597224,45.0918996],[-64.3597488,45.0920429]]},"properties":{"footway":"sidewalk","highway":"footway","is_sidepath:of:name":"Harbourside Drive","surface":"concrete"}},
{"type":"Feature","geometry":{"type":"LineString","coordinates":[[-64.3597488,45.0920429],[-64.3597591,45.0920799],[-64.3597751,45.0921375]]},"properties":{"crossing":"unmarked","crossing:island":"no","crossing:markings":"no","footway":"crossing","highway":"footway","is_sidepath:of:name":"Harbourside Drive","surface":"asphalt"}},
{"type":"Feature","geometry":{"type":"LineString","coordinates":[[-64.3597751,45.0921375],[-64.3597996,45.0922916]]},"properties":{"footway":"sidewalk","highway":"footway","is_sidepath:of:name":"Harbourside Drive","surface":"concrete"}},
{"type":"Feature","geometry":{"type":"LineString","coordinates":[[-64.3597996,45.0922916],[-64.3598035,45.0923161],[-64.3598115,45.09235]]},"properties":{"crossing":"unmarked","crossing:island":"no","crossing:markings":"no","footway":"crossing","highway":"footway","is_sidepath:of:name":"Harbourside Drive","surface":"asphalt"}},
{"type":"Feature","geometry":{"type":"LineString","coordinates":[[-64.3598971,45.0924784],[-64.3598295,45.0924689],[-64.359821,45.0924677],[-64.3597201,45.0924548]]},"properties":{"bicycle":"designated","foot":"designated","highway":"cycleway","name":"Harvest Moon Trailway","segregated":"no","surface":"compacted"}},
{"type":"Feature","geometry":{"type":"LineString","coordinates":[[-64.3598442,45.0926767],[-64.3598542,45.0927211]]},"properties":{"footway":"link","highway":"footway","is_sidepath:of:name":"Harbourside Drive","surface":"asphalt"}},
{"type":"Feature","geometry":{"type":"LineString","coordinates":[[-64.3596692,45.0916498],[-64.3596817,45.0917195],[-64.359696,45.0917933]]},"properties":{"crossing":"uncontrolled","crossing:island":"no","crossing:markings":"lines","footway":"crossing","highway":"footway","is_sidepath:of:name":"Gaspereau Avenue;Harbourside Drive","surface":"asphalt"}},
{"type":"Feature","geometry":{"type":"LineString","coordinates":[[-64.3599093,45.0920455],[-64.3598762,45.0917821]]},"properties":{"footway":"sidewalk","highway":"footway","is_sidepath:of:name":"Harbourside Drive","surface":"concrete"}},
{"type":"Feature","geometry":{"type":"LineString","coordinates":[[-64.359696,45.0917933],[-64.359792,45.0917873],[-64.3598762,45.0917821]]},"properties":{"crossing":"uncontrolled","crossing:island":"no","crossing:markings":"lines","footway":"crossing","highway":"footway","is_sidepath:of:name":"Main Street","surface":"asphalt"}},
{"type":"Feature","geometry":{"type":"LineString","coordinates":[[-64.3599687,45.0923363],[-64.3598745,45.0923445],[-64.3598115,45.09235]]},"properties":{"crossing":"uncontrolled","crossing:island":"no","crossing:markings":"lines","footway":"crossing","highway":"footway","is_sidepath:of:name":"Front Street","surface":"asphalt"}},
{"type":"Feature","geometry":{"type":"LineString","coordinates":[[-64.360096,45.0929244],[-64.3600754,45.0929244],[-64.3600589,45.0929196],[-64.3600535,45.0928973],[-64.3600055,45.0926029]]},"properties":{"footway":"sidewalk","highway":"footway","is_sidepath:of:name":"Harbourside Drive","surface":"concrete"}},
{"type":"Feature","geometry":{"type":"LineString","coordinates":[[-64.359986,45.0924682],[-64.3599826,45.0924495],[-64.3599784,45.0924212]]},"properties":{"footway":"sidewalk","highway":"footway","is_sidepath:of:name":"Harbourside Drive","surface":"gravel"}},
{"type":"Feature","geometry":{"type":"LineString","coordinates":[[-64.3599935,45.0925152],[-64.3599882,45.0924822],[-64.359986,45.0924682]]},"properties":{"footway":"sidewalk","highway":"footway","is_sidepath:of:name":"Harbourside Drive","surface":"concrete"}},
{"type":"Feature","geometry":{"type":"LineString","coordinates":[[-64.3600055,45.0926029],[-64.3599993,45.0925579],[-64.3599935,45.0925152]]},"properties":{"crossing":"unmarked","crossing:island":"no","crossing:markings":"no","footway":"crossing","highway":"footway","is_sidepath:of:name":"Harbourside Drive","surface":"asphalt"}},
{"type":"Feature","geometry":{"type":"LineString","coordinates":[[-64.3599784,45.0924212],[-64.3599741,45.0923838],[-64.3599687,45.0923363]]},"properties":{"crossing":"uncontrolled","crossing:island":"no","crossing:markings":"lines","footway":"crossing","highway":"footway","is_sidepath:of:name":"Harbourside Drive","surface":"asphalt"}},
{"type":"Feature","geometry":{"type":"LineString","coordinates":[[-64.3599784,45.0924212],[-64.3604639,45.0923762],[-64.3604724,45.0923756],[-64.3611119,45.0923305],[-64.3613943,45.0923231],[-64.3614126,45.0923194],[-64.3614322,45.092313],[-64.3614603,45.092304],[-64.3614884,45.0922993],[-64.3618105,45.0922992],[-64.3618361,45.0922848],[-64.3618546,45.092266],[-64.3618884,45.09225]]},"properties":{"footway":"sidewalk","highway":"footway","is_sidepath:of:name":"Front Street","surface":"concrete"}},
{"type":"Feature","geometry":{"type":"LineString","coordinates":[[-64.360096,45.0929244],[-64.3601018,45.0929515]]},"properties":{"footway":"link","highway":"footway","surface":"asphalt"}},
{"type":"Feature","geometry":{"type":"LineString","coordinates":[[-64.3616898,45.092702],[-64.3621162,45.0927598],[-64.3622676,45.0927815],[-64.3624304,45.092814],[-64.3629118,45.0928502]]},"properties":{"highway":"service","service":"parking_aisle","surface":"asphalt"}},
{"type":"Feature","geometry":{"type":"LineString","coordinates":[[-64.3599687,45.0923363],[-64.3599182,45.0920886]]},"properties":{"footway":"sidewalk","highway":"footway","is_sidepath:of:name":"Harbourside Drive","surface":"concrete"}},
{"type":"Feature","geometry":{"type":"LineString","coordinates":[[-64.3599182,45.0920886],[-64.3599138,45.0920671],[-64.3599093,45.0920455]]},"properties":{"crossing":"unmarked","crossing:island":"no","crossing:markings":"no","footway":"crossing","highway":"footway","is_sidepath:of:name":"Harbourside Drive","surface":"asphalt"}},
{"type":"Feature","geometry":{"type":"LineString","coordinates":[[-64.3599014,45.0916261],[-64.3597798,45.0916385],[-64.3596692,45.0916498]]},"properties":{"crossing":"uncontrolled","crossing:island":"no","crossing:markings":"lines","footway":"crossing","highway":"footway","is_sidepath:of:name":"Main Street","surface":"asphalt"}},
{"type":"Feature","geometry":{"type":"LineString","coordinates":[[-64.3599223,45.0917693],[-64.3599114,45.0916944],[-64.3599014,45.0916261]]},"properties":{"crossing":"uncontrolled","crossing:island":"no","crossing:markings":"lines","footway":"crossing","highway":"footway","is_sidepath:of:name":"Gaspereau Avenue;Harbourside Drive","surface":"asphalt"}},
{"type":"Feature","geometry":{"type":"LineString","coordinates":[[-64.3617132,45.0915697],[-64.3616183,45.0915808],[-64.3615611,45.0915865],[-64.3614709,45.0915997],[-64.3613286,45.0916191],[-64.3612647,45.0916262],[-64.3611802,45.0916355],[-64.3608762,45.0916678],[-64.3604398,45.091716],[-64.3604024,45.0917201],[-64.3599809,45.0917629],[-64.3599223,45.0917693]]},"properties":{"footway":"sidewalk","highway":"footway","is_sidepath:of:name":"Main Street","surface":"concrete"}},
{"type":"Feature","geometry":{"type":"LineString","coordinates":[[-64.3598762,45.0917821],[-64.3598975,45.0917749],[-64.3599223,45.0917693]]},"properties":{"footway":"sidewalk","highway":"footway","is_sidepath:of:name":"Harbourside Drive;Main Street","surface":"concrete"}},
{"type":"Feature","geometry":{"type":"LineString","coordinates":[[-64.3599014,45.0916261],[-64.3598895,45.0915728],[-64.3598776,45.091483],[-64.3598661,45.0914084],[-64.35985,45.0913221],[-64.3598001,45.0911801],[-64.3596521,45.0907633]]},"properties":{"footway":"sidewalk","highway":"footway","is_sidepath:of:name":"Gaspereau Avenue","surface":"asphalt"}},
{"type":"Feature","geometry":{"type":"LineString","coordinates":[[-64.3599687,45.0923363],[-64.3602612,45.0923133]]},"properties":{"footway":"sidewalk","highway":"footway","is_sidepath:of:name":"Front Street","surface":"concrete"}},
{"type":"Feature","geometry":{"type":"LineString","coordinates":[[-64.3613387,45.0922047],[-64.3616988,45.0921662],[-64.3618652,45.0921463]]},"properties":{"footway":"sidewalk","highway":"footway","is_sidepath:of:name":"Front Street","surface":"concrete"}},
{"type":"Feature","geometry":{"type":"LineString","coordinates":[[-64.3612394,45.0922143],[-64.3612955,45.0922089],[-64.3613387,45.0922047]]},"properties":{"crossing":"unmarked","crossing:island":"no","crossing:markings":"no","footway":"crossing","highway":"footway","is_sidepath:of:name":"Front Street","surface":"concrete"}},
{"type":"Feature","geometry":{"type":"LineString","coordinates":[[-64.360817,45.0922569],[-64.3611158,45.0922267],[-64.3612394,45.0922143]]},"properties":{"footway":"sidewalk","highway":"footway","is_sidepath:of:name":"Front Street","surface":"concrete"}},
{"type":"Feature","geometry":{"type":"LineString","coordinates":[[-64.3606846,45.0922714],[-64.3607546,45.0922637],[-64.360817,45.0922569]]},"properties":{"crossing":"unmarked","crossing:island":"no","crossing:markings":"no","footway":"crossing","highway":"footway","is_sidepath:of:name":"Front Street","surface":"concrete"}},
{"type":"Feature","geometry":{"type":"LineString","coordinates":[[-64.3603352,45.0923071],[-64.3606846,45.0922714]]},"properties":{"footway":"sidewalk","highway":"footway","is_sidepath:of:name":"Front Street","surface":"concrete"}},
{"type":"Feature","geometry":{"type":"LineString","coordinates":[[-64.3602612,45.0923133],[-64.3603021,45.0923099],[-64.3603352,45.0923071]]},"properties":{"crossing":"unmarked","crossing:island":"no","crossing:markings":"no","footway":"crossing","highway":"footway","is_sidepath:of:name":"Front Street","surface":"concrete"}},
{"type":"Feature","geometry":{"type":"LineString","coordinates":[[-64.3611158,45.0922267],[-64.3611137,45.0922707],[-64.3611119,45.0923305]]},"properties":{"crossing":"uncontrolled","crossing:island":"no","crossing:markings":"zebra","footway":"crossing","highway":"footway","surface":"asphalt"}},
{"type":"Feature","geometry":{"type":"LineString","coordinates":[[-64.361974,45.0921355],[-64.361998,45.0921903],[-64.3620097,45.092217],[-64.3620173,45.0922359]]},"properties":{"crossing":"uncontrolled","crossing:island":"no","crossing:markings":"zebra","footway":"crossing","highway":"footway","is_sidepath:of:name":"Central Avenue","source":"bing","surface":"asphalt"}},
{"type":"Feature","geometry":{"type":"LineString","coordinates":[[-64.3620173,45.0922359],[-64.3625016,45.0921906]]},"properties":{"footway":"sidewalk","highway":"footway","is_sidepath:of:name":"Front Street","surface":"concrete"}},
{"type":"Feature","geometry":{"type":"LineString","coordinates":[[-64.3637394,45.0919703],[-64.3636326,45.0919839],[-64.363382,45.092007],[-64.3631406,45.0920277],[-64.3627969,45.0920626],[-64.3622725,45.0921088],[-64.361974,45.0921355]]},"properties":{"footway":"sidewalk","highway":"footway","is_sidepath:of:name":"Front Street","surface":"concrete"}},
{"type":"Feature","geometry":{"type":"LineString","coordinates":[[-64.3618652,45.0921463],[-64.3619207,45.0921408],[-64.361974,45.0921355]]},"properties":{"crossing":"unmarked","crossing:island":"no","crossing:markings":"no","footway":"crossing","highway":"footway","is_sidepath:of:name":"Front Street","surface":"concrete"}},
{"type":"Feature","geometry":{"type":"LineString","coordinates":[[-64.3618015,45.0915605],[-64.361765,45.0915651],[-64.3617132,45.0915697]]},"properties":{"crossing":"unmarked","crossing:island":"no","crossing:markings":"no","footway":"crossing","highway":"footway","is_sidepath:of:name":"Main Street","surface":"concrete"}},
{"type":"Feature","geometry":{"type":"LineString","coordinates":[[-64.3618015,45.0915605],[-64.361974,45.0921355]]},"properties":{"footway":"sidewalk","highway":"footway","is_sidepath:of:name":"Central Avenue","surface":"concrete"}},
{"type":"Feature","geometry":{"type":"LineString","coordinates":[[-64.3618652,45.0921463],[-64.3617132,45.0915697]]},"properties":{"footway":"sidewalk","highway":"footway","is_sidepath:of:name":"Central Avenue","surface":"concrete"}},
{"type":"Feature","geometry":{"type":"LineString","coordinates":[[-64.3616183,45.0915808],[-64.3616018,45.0915172],[-64.3615871,45.0914606]]},"properties":{"crossing":"uncontrolled","crossing:island":"no","crossing:markings":"zebra","footway":"crossing","highway":"footway","is_sidepath:of:name":"Central Avenue","surface":"asphalt"}},
{"type":"Feature","geometry":{"type":"LineString","coordinates":[[-64.3588156,45.0883095],[-64.3589153,45.0885644]]},"properties":{"footway":"sidewalk","highway":"footway","is_sidepath:of:name":"Gaspereau Avenue","surface":"gravel"}},
{"type":"Feature","geometry":{"type":"LineString","coordinates":[[-64.3589153,45.0885644],[-64.3589393,45.0886147],[-64.3589588,45.0886678]]},"properties":{"crossing":"uncontrolled","crossing:island":"no","crossing:markings":"zebra","footway":"crossing","highway":"footway","is_sidepath:of:name":"Gaspereau Avenue","surface":"asphalt"}},
{"type":"Feature","geometry":{"type":"LineString","coordinates":[[-64.3589588,45.0886678],[-64.3589668,45.088703],[-64.3590167,45.0888836],[-64.3591116,45.0891789],[-64.3592531,45.0895727],[-64.3592902,45.0896548]]},"properties":{"footway":"sidewalk","highway":"footway","is_sidepath:of:name":"Gaspereau Avenue","surface":"asphalt"}},
{"type":"Feature","geometry":{"type":"LineString","coordinates":[[-64.3592902,45.0896548],[-64.3592216,45.0896677],[-64.3591578,45.0896798]]},"properties":{"crossing":"uncontrolled","crossing:island":"no","crossing:markings":"ladder","footway":"crossing","highway":"footway","is_sidepath:of:name":"Acadia Street","surface":"asphalt"}},
{"type":"Feature","geometry":{"type":"LineString","coordinates":[[-64.3592902,45.0896548],[-64.3593123,45.0897208],[-64.3593336,45.0897843]]},"properties":{"crossing":"uncontrolled","crossing:island":"no","crossing:markings":"ladder","footway":"crossing","highway":"footway","is_sidepath:of:name":"Gaspereau Avenue","surface":"asphalt"}},
{"type":"Feature","geometry":{"type":"LineString","coordinates":[[-64.3593336,45.0897843],[-64.3593947,45.0899683],[-64.3595122,45.0903385],[-64.35962,45.0906758]]},"properties":{"footway":"sidewalk","highway":"footway","is_sidepath:of:name":"Gaspereau Avenue","surface":"asphalt"}},
{"type":"Feature","geometry":{"type":"LineString","coordinates":[[-64.35962,45.0906758],[-64.3596361,45.0907174],[-64.3596521,45.0907633]]},"properties":{"crossing":"unmarked","crossing:island":"no","crossing:markings":"no","footway":"crossing","highway":"footway","is_sidepath:of:name":"Gaspereau Avenue","surface":"asphalt"}},
{"type":"Feature","geometry":{"type":"LineString","coordinates":[[-64.3623877,45.0913735],[-64.3626515,45.0913491],[-64.3626749,45.091344]]},"properties":{"footway":"sidewalk","highway":"footway","is_sidepath:of:name":"Main Street","surface":"concrete","width":"3"}},
{"type":"Feature","geometry":{"type":"LineString","coordinates":[[-64.3622731,45.0913854],[-64.3623237,45.0913801],[-64.3623877,45.0913735]]},"properties":{"crossing":"unmarked","crossing:island":"no","crossing:markings":"no","footway":"crossing","highway":"footway","is_sidepath:of:name":"Main Street","surface":"concrete"}},
{"type":"Feature","geometry":{"type":"LineString","coordinates":[[-64.3626749,45.091344],[-64.3626844,45.0914108],[-64.3626935,45.0914698]]},"properties":{"crossing":"uncontrolled","crossing:markings":"zebra","footway":"crossing","highway":"footway","is_sidepath:of:name":"Linden Avenue","surface":"asphalt"}},
{"type":"Feature","geometry":{"type":"LineString","coordinates":[[-64.3624418,45.0903669],[-64.3624097,45.0901977],[-64.3622942,45.0896936]]},"properties":{"footway":"sidewalk","highway":"footway","is_sidepath:of:name":"Linden Avenue","surface":"concrete"}},
{"type":"Feature","geometry":{"type":"LineString","coordinates":[[-64.3624617,45.0904642],[-64.3624505,45.0904128],[-64.3624418,45.0903669]]},"properties":{"crossing":"uncontrolled","crossing:island":"no","crossing:markings":"lines","footway":"crossing","highway":"footway","is_sidepath:of:name":"Linden Avenue","surface":"asphalt"}},
{"type":"Feature","geometry":{"type":"LineString","coordinates":[[-64.3624617,45.0904642],[-64.3621246,45.0905004],[-64.3614023,45.0905852],[-64.3610127,45.0906293],[-64.360447,45.0906892],[-64.3602168,45.0907136],[-64.3601441,45.0907201],[-64.3599801,45.0907274],[-64.3598403,45.0907405],[-64.3596521,45.0907633]]},"properties":{"footway":"sidewalk","highway":"footway","is_sidepath:of:name":"Summer Street","surface":"concrete"}},
{"type":"Feature","geometry":{"type":"LineString","coordinates":[[-64.3619529,45.092243],[-64.3620173,45.0922359]]},"properties":{"footway":"sidewalk","highway":"footway","is_sidepath:of:name":"Front Street","surface":"concrete"}},
{"type":"Feature","geometry":{"type":"LineString","coordinates":[[-64.3618884,45.09225],[-64.3619168,45.0922469],[-64.3619529,45.092243]]},"properties":{"crossing":"unmarked","crossing:island":"no","crossing:markings":"no","footway":"crossing","highway":"footway","is_sidepath:of:name":"Front Street","surface":"concrete"}},
{"type":"Feature","geometry":{"type":"LineString","coordinates":[[-64.3591317,45.0842209],[-64.3592392,45.0845563],[-64.3593407,45.0848839],[-64.3595394,45.0854906],[-64.3596999,45.085962],[-64.3598039,45.0862368]]},"properties":{"footway":"sidewalk","highway":"footway","is_sidepath:of:name":"Hillside Avenue","surface":"asphalt","width":"1"}},
{"type":"Feature","geometry":{"type":"LineString","coordinates":[[-64.3606031,45.0886692],[-64.3605947,45.0887054],[-64.360586,45.088753]]},"properties":{"crossing":"uncontrolled","crossing:island":"no","crossing:markings":"zebra","footway":"crossing","highway":"footway","is_sidepath:of:name":"Hillside Avenue","surface":"asphalt"}},
{"type":"Feature","geometry":{"type":"LineString","coordinates":[[-64.3600805,45.0870916],[-64.3602251,45.0875624],[-64.3603394,45.0879201],[-64.3605122,45.0884335],[-64.3605707,45.0886228],[-64.3605878,45.0886558],[-64.3606031,45.0886692]]},"properties":{"footway":"sidewalk","highway":"footway","is_sidepath:of:name":"Hillside Avenue","surface":"asphalt","width":"1"}},
{"type":"Feature","geometry":{"type":"LineString","coordinates":[[-64.3600476,45.0869886],[-64.3600625,45.0870401],[-64.3600805,45.0870916]]},"properties":{"crossing":"unmarked","crossing:island":"no","crossing:markings":"no","footway":"crossing","highway":"footway","is_sidepath:of:name":"Hillside Avenue","surface":"asphalt"}},
{"type":"Feature","geometry":{"type":"LineString","coordinates":[[-64.3598431,45.0863469],[-64.3599471,45.0866722],[-64.3600476,45.0869886]]},"properties":{"footway":"sidewalk","highway":"footway","is_sidepath:of:name":"Hillside Avenue","surface":"asphalt","width":"1"}},
{"type":"Feature","geometry":{"type":"LineString","coordinates":[[-64.3598039,45.0862368],[-64.3598251,45.0862962],[-64.3598431,45.0863469]]},"properties":{"crossing":"unmarked","crossing:island":"no","crossing:markings":"no","footway":"crossing","highway":"footway","is_sidepath:of:name":"Hillside Avenue","surface":"asphalt"}},
{"type":"Feature","geometry":{"type":"LineString","coordinates":[[-64.3598431,45.0863469],[-64.3598791,45.0863296],[-64.3599735,45.0863067],[-64.3605153,45.0862138],[-64.3612645,45.0860848],[-64.3622939,45.08591],[-64.362659,45.085854],[-64.3626803,45.0858507]]},"properties":{"footway":"sidewalk","highway":"footway","is_sidepath:of:name":"Fairfield Street","surface":"concrete"}},
{"type":"Feature","geometry":{"type":"LineString","coordinates":[[-64.3589588,45.0886678],[-64.3592075,45.0886779],[-64.3595357,45.0886908],[-64.3598609,45.0887027],[-64.3601769,45.0887264],[-64.3603295,45.0887426],[-64.3604013,45.0887469],[-64.3604959,45.0887469],[-64.3605509,45.088748],[-64.360586,45.088753],[-64.3606562,45.088763],[-64.3607448,45.0887835],[-64.3608425,45.0887975],[-64.3609982,45.0888159],[-64.3611829,45.0888331],[-64.3613295,45.0888406],[-64.3614547,45.0888439],[-64.361644,45.0888482],[-64.3617829,45.0888439],[-64.3620836,45.0888396],[-64.3626408,45.0888266],[-64.3633049,45.0888148],[-64.3634698,45.0888062],[-64.363627,45.0887954],[-64.3636565,45.0887911]]},"properties":{"footway":"sidewalk","highway":"footway","is_sidepath:of:name":"Prospect Street","surface":"concrete"}},
{"type":"Feature","geometry":{"type":"LineString","coordinates":[[-64.3606013,45.0896393],[-64.3606287,45.0896328],[-64.3606455,45.089621],[-64.36067,45.0895983],[-64.3606944,45.08958],[-64.3607387,45.0895746],[-64.3609509,45.0895671],[-64.3610577,45.0895649],[-64.3610913,45.0895714],[-64.3611188,45.0895822],[-64.3611676,45.0896016],[-64.3612012,45.089607],[-64.3612684,45.089607],[-64.361702,45.0895919],[-64.3622712,45.0895724],[-64.3623004,45.0895714],[-64.3625844,45.0895649],[-64.3631568,45.0895445],[-64.3634988,45.0895337],[-64.3637858,45.0895164],[-64.3638449,45.0895092],[-64.3638791,45.0894992]]},"properties":{"footway":"sidewalk","highway":"footway","is_sidepath:of:name":"Acadia Street","surface":"asphalt"}},
{"type":"Feature","geometry":{"type":"LineString","coordinates":[[-64.3592902,45.0896548],[-64.3597311,45.0896565],[-64.3601799,45.0896512],[-64.3604761,45.0896436]]},"properties":{"footway":"sidewalk","highway":"footway","is_sidepath:of:name":"Acadia Street","surface":"asphalt"}},
{"type":"Feature","geometry":{"type":"LineString","coordinates":[[-64.3604761,45.0896436],[-64.3606013,45.0896393]]},"properties":{"crossing":"unmarked","crossing:island":"no","crossing:markings":"no","footway":"crossing","highway":"footway","is_sidepath:of:name":"Acadia Street","surface":"asphalt"}},
{"type":"Feature","geometry":{"type":"LineString","coordinates":[[-64.3622712,45.0895724],[-64.3622832,45.0896332],[-64.3622942,45.0896936]]},"properties":{"crossing":"uncontrolled","crossing:island":"no","crossing:markings":"zebra","footway":"crossing","highway":"footway","is_sidepath:of:name":"Linden Avenue","surface":"asphalt"}},
{"type":"Feature","geometry":{"type":"LineString","coordinates":[[-64.3593336,45.0897843],[-64.3597876,45.0897719],[-64.3603769,45.0897525],[-64.3610089,45.0897309],[-64.3617539,45.0897061],[-64.3622942,45.0896936]]},"properties":{"footway":"sidewalk","highway":"footway","is_sidepath:of:name":"Acadia Street","surface":"asphalt"}},
{"type":"Feature","geometry":{"type":"LineString","coordinates":[[-64.3622942,45.0896936],[-64.3623742,45.0896888],[-64.3624622,45.0896835]]},"properties":{"crossing":"uncontrolled","crossing:island":"no","crossing:markings":"lines","footway":"crossing","highway":"footway","is_sidepath:of:name":"Acadia Street","surface":"asphalt"}},
{"type":"Feature","geometry":{"type":"LineString","coordinates":[[-64.3624622,45.0896835],[-64.3627843,45.089663],[-64.3638392,45.0896221],[-64.3639156,45.0896264]]},"properties":{"footway":"sidewalk","highway":"footway","is_sidepath:of:name":"Acadia Street","surface":"asphalt"}},
{"type":"Feature","geometry":{"type":"LineString","coordinates":[[-64.3639156,45.0896264],[-64.3639324,45.0896522],[-64.3639934,45.0898786],[-64.3640743,45.0901491],[-64.3641721,45.0904455],[-64.3642377,45.0906492],[-64.3642606,45.0907365],[-64.3642667,45.0908001],[-64.3642835,45.0908669],[-64.3643156,45.0909736],[-64.3643659,45.0911557],[-64.3643629,45.0911751]]},"properties":{"footway":"sidewalk","highway":"footway","is_sidepath:of:name":"Highland Avenue","surface":"concrete"}},
{"type":"Feature","geometry":{"type":"LineString","coordinates":[[-64.3643629,45.0911751],[-64.3643476,45.0911859],[-64.3643262,45.0911902],[-64.3640698,45.0912134],[-64.3637814,45.0912379]]},"properties":{"footway":"sidewalk","highway":"footway","is_sidepath:of:name":"Main Street","surface":"concrete"}},
{"type":"Feature","geometry":{"type":"LineString","coordinates":[[-64.362822,45.0913293],[-64.3627557,45.0913361],[-64.3626749,45.091344]]},"properties":{"crossing":"uncontrolled","crossing:island":"no","crossing:markings":"lines","footway":"crossing","highway":"footway","is_sidepath:of:name":"Main Street","surface":"asphalt"}},
{"type":"Feature","geometry":{"type":"LineString","coordinates":[[-64.362822,45.0913293],[-64.3627792,45.0911202]]},"properties":{"footway":"sidewalk","highway":"footway","is_sidepath:of:name":"Linden Avenue","surface":"concrete"}},
{"type":"Feature","geometry":{"type":"LineString","coordinates":[[-64.3635447,45.0912614],[-64.3634415,45.0912712],[-64.362822,45.0913293]]},"properties":{"footway":"sidewalk","highway":"footway","is_sidepath:of:name":"Main Street","surface":"concrete"}},
{"type":"Feature","geometry":{"type":"LineString","coordinates":[[-64.3636127,45.0912555],[-64.3635765,45.0912586],[-64.3635447,45.0912614]]},"properties":{"crossing":"unmarked","crossing:island":"no","crossing:markings":"no","footway":"crossing","highway":"footway","is_sidepath:of:name":"Main Street","surface":"concrete"}},
{"type":"Feature","geometry":{"type":"LineString","coordinates":[[-64.3637182,45.0912446],[-64.3636127,45.0912555]]},"properties":{"footway":"sidewalk","highway":"footway","is_sidepath:of:name":"Main Street","surface":"concrete"}},
{"type":"Feature","geometry":{"type":"LineString","coordinates":[[-64.3637814,45.0912379],[-64.3637449,45.0912418],[-64.3637182,45.0912446]]},"properties":{"crossing":"unmarked","crossing:island":"no","crossing:markings":"no","footway":"crossing","highway":"footway","is_sidepath:of:name":"Main Street","surface":"concrete"}},
{"type":"Feature","geometry":{"type":"LineString","coordinates":[[-64.3645503,45.091156],[-64.3645655,45.0912123],[-64.3645822,45.0912716]]},"properties":{"crossing":"uncontrolled","crossing:island":"no","crossing:markings":"zebra","footway":"crossing","highway":"footway","is_sidepath:of:name":"Highland Avenue","surface":"asphalt"}},
{"type":"Feature","geometry":{"type":"LineString","coordinates":[[-64.3640985,45.089741],[-64.3640661,45.0896202]]},"properties":{"bicycle":"designated","foot":"designated","highway":"cycleway","is_sidepath:of:name":"Highland Avenue","oneway":"no","segregated":"no","smoothness":"excellent","surface":"concrete","width":"2"}},
{"type":"Feature","geometry":{"type":"LineString","coordinates":[[-64.3641141,45.0897951],[-64.3641059,45.0897686],[-64.3640985,45.089741]]},"properties":{"bicycle":"designated","crossing":"unmarked","crossing:island":"no","crossing:markings":"no","cycleway":"crossing","foot":"designated","highway":"cycleway","is_sidepath:of:name":"Highland Avenue","surface":"concrete"}},
{"type":"Feature","geometry":{"type":"LineString","coordinates":[[-64.3639156,45.0896264],[-64.3639897,45.0896233],[-64.3640661,45.0896202]]},"properties":{"crossing":"unmarked","crossing:island":"no","crossing:markings":"no","footway":"crossing","highway":"footway","is_sidepath:of:name":"Acadia Street","surface":"asphalt"}},
{"type":"Feature","geometry":{"type":"LineString","coordinates":[[-64.3640661,45.0896202],[-64.3640591,45.0895626],[-64.3640517,45.0895014]]},"properties":{"bicycle":"designated","crossing":"uncontrolled","crossing:island":"no","crossing:markings":"lines:paired","cycleway":"crossing","foot":"designated","highway":"cycleway","is_sidepath:of:name":"Highalnd Avenue","surface":"asphalt"}},
{"type":"Feature","geometry":{"type":"LineString","coordinates":[[-64.3640517,45.0895014],[-64.3639537,45.0895001],[-64.3638791,45.0894992]]},"properties":{"bicycle":"designated","crossing":"uncontrolled","crossing:island":"no","crossing:markings":"lines:paired","cycleway":"crossing","foot":"designated","highway":"cycleway","surface":"asphalt"}},
{"type":"Feature","geometry":{"type":"LineString","coordinates":[[-64.3639156,45.0896264],[-64.3638986,45.0895672],[-64.3638791,45.0894992]]},"properties":{"crossing":"unmarked","crossing:island":"no","crossing:markings":"no","footway":"crossing","highway":"footway","is_sidepath:of:name":"Highalnd Avenue","surface":"asphalt"}},
{"type":"Feature","geometry":{"type":"LineString","coordinates":[[-64.3640517,45.0895014],[-64.3641562,45.0895008],[-64.3642677,45.0894976],[-64.3643692,45.0894976],[-64.3644661,45.0895046],[-64.3645315,45.0895157],[-64.3645878,45.0895453]]},"properties":{"footway":"sidewalk","highway":"footway","is_sidepath:of:name":"Acadia Street","surface":"concrete"}},
{"type":"Feature","geometry":{"type":"LineString","coordinates":[[-64.366413,45.0894577],[-64.3664299,45.0895575]]},"properties":{"highway":"steps","incline":"down","surface":"asphalt"}},
{"type":"Feature","geometry":{"type":"LineString","coordinates":[[-64.3662629,45.0891297],[-64.3663923,45.0889946]]},"properties":{"footway":"sidewalk","highway":"footway","surface":"concrete"}},
{"type":"Feature","geometry":{"type":"LineString","coordinates":[[-64.3663989,45.0891405],[-64.3662629,45.0891297]]},"properties":{"highway":"footway","surface":"concrete"}},
{"type":"Feature","geometry":{"type":"LineString","coordinates":[[-64.3637945,45.0891758],[-64.3637695,45.0890896],[-64.363682,45.0888012],[-64.3636712,45.0887916],[-64.3636565,45.0887911]]},"properties":{"bicycle":"designated","foot":"designated","highway":"cycleway","incline":"up","is_sidepath:of:name":"Highalnd Avenue","segregated":"no","smoothness":"excellent","surface":"concrete"}},
{"type":"Feature","geometry":{"type":"LineString","coordinates":[[-64.3637945,45.0891758],[-64.363798,45.0892381],[-64.3638232,45.0893943],[-64.3638449,45.0895092]]},"properties":{"bicycle":"designated","foot":"designated","highway":"cycleway","incline":"down","is_sidepath:of:name":"Highalnd Avenue","oneway":"yes","segregated":"no","smoothness":"excellent","surface":"concrete"}},
{"type":"Feature","geometry":{"type":"LineString","coordinates":[[-64.3638791,45.0894992],[-64.3638429,45.0893426],[-64.3637945,45.0891758]]},"properties":{"bicycle":"designated","foot":"designated","highway":"cycleway","incline":"up","is_sidepath:of:name":"Highalnd Avenue","oneway":"yes","segregated":"no","smoothness":"excellent","surface":"concrete"}},
{"type":"Feature","geometry":{"type":"LineString","coordinates":[[-64.3636565,45.0887911],[-64.3636261,45.0887353],[-64.3636037,45.0886944]]},"properties":{"bicycle":"designated","crossing":"uncontrolled","crossing:island":"no","crossing:markings":"lines:paired","cycleway":"crossing","foot":"designated","highway":"cycleway","is_sidepath:of:name":"Highalnd Avenue","surface":"asphalt"}},
{"type":"Feature","geometry":{"type":"LineString","coordinates":[[-64.3631326,45.0872925],[-64.3632898,45.0877427],[-64.3633547,45.0879163],[-64.3634182,45.0880899],[-64.3635267,45.0884329],[-64.3635793,45.0886087],[-64.3635973,45.088674],[-64.3636037,45.0886944]]},"properties":{"bicycle":"designated","foot":"designated","highway":"cycleway","incline":"down","is_sidepath:of:name":"Highalnd Avenue","oneway":"yes","segregated":"no","smoothness":"excellent","surface":"asphalt"}},
{"type":"Feature","geometry":{"type":"LineString","coordinates":[[-64.3636712,45.0887916],[-64.3636591,45.0887341],[-64.3636475,45.0886817]]},"properties":{"bicycle":"designated","crossing":"uncontrolled","crossing:island":"no","crossing:markings":"lines:paired","cycleway":"crossing","foot":"designated","highway":"cycleway","is_sidepath:of:name":"Highalnd Avenue","surface":"asphalt"}},
{"type":"Feature","geometry":{"type":"LineString","coordinates":[[-64.3631648,45.0872196],[-64.3631212,45.0870988],[-64.3630374,45.086842],[-64.362951,45.0866041]]},"properties":{"bicycle":"designated","foot":"designated","highway":"cycleway","incline":"up","is_sidepath:of:name":"Highalnd Avenue","oneway":"yes","segregated":"no","smoothness":"excellent","surface":"asphalt"}},
{"type":"Feature","geometry":{"type":"LineString","coordinates":[[-64.3629029,45.0866121],[-64.3629254,45.0866701],[-64.3629832,45.0868251],[-64.3630249,45.0869542],[-64.3631119,45.087228]]},"properties":{"bicycle":"designated","foot":"designated","highway":"cycleway","incline":"down","is_sidepath:of:name":"Highalnd Avenue","oneway":"yes","segregated":"no","smoothness":"excellent","surface":"asphalt"}},
{"type":"Feature","geometry":{"type":"LineString","coordinates":[[-64.3631119,45.087228],[-64.3631265,45.0872671],[-64.3631326,45.0872925]]},"properties":{"bicycle":"designated","crossing":"uncontrolled","crossing:island":"no","crossing:markings":"lines:paired","cycleway":"crossing","foot":"designated","highway":"cycleway","incline":"down","is_sidepath:of:name":"Highalnd Avenue","oneway":"yes","segregated":"no","smoothness":"excellent","surface":"asphalt"}},
{"type":"Feature","geometry":{"type":"LineString","coordinates":[[-64.3636475,45.0886817],[-64.3635819,45.0884533],[-64.3635579,45.08837],[-64.3634808,45.0881244],[-64.3633768,45.087832],[-64.3632721,45.087551],[-64.3631945,45.0873077],[-64.3631874,45.0872886]]},"properties":{"bicycle":"designated","foot":"designated","highway":"cycleway","incline":"up","is_sidepath:of:name":"Highalnd Avenue","oneway":"yes","segregated":"no","smoothness":"excellent","surface":"asphalt"}},
{"type":"Feature","geometry":{"type":"LineString","coordinates":[[-64.3631874,45.0872886],[-64.36318,45.08726],[-64.3631648,45.0872196]]},"properties":{"bicycle":"designated","crossing":"uncontrolled","crossing:island":"no","crossing:markings":"lines:paired","cycleway":"crossing","foot":"designated","highway":"cycleway","incline":"up","is_sidepath:of:name":"Highalnd Avenue","oneway":"yes","segregated":"no","smoothness":"excellent","surface":"asphalt"}},
{"type":"Feature","geometry":{"type":"LineString","coordinates":[[-64.36292,45.0865224],[-64.3628211,45.0862372],[-64.3627239,45.0859815],[-64.3626803,45.0858507]]},"properties":{"bicycle":"designated","foot":"designated","highway":"cycleway","incline":"up","is_sidepath:of:name":"Highalnd Avenue","oneway":"yes","segregated":"no","smoothness":"excellent","surface":"asphalt"}},
{"type":"Feature","geometry":{"type":"LineString","coordinates":[[-64.362659,45.085854],[-64.3626862,45.085936],[-64.3627574,45.0861466],[-64.3627993,45.0862958],[-64.3628756,45.0865295]]},"properties":{"bicycle":"designated","foot":"designated","highway":"cycleway","incline":"down","is_sidepath:of:name":"Highalnd Avenue","oneway":"yes","segregated":"no","smoothness":"excellent","surface":"asphalt"}},
{"type":"Feature","geometry":{"type":"LineString","coordinates":[[-64.362951,45.0866041],[-64.3629359,45.0865633],[-64.36292,45.0865224]]},"properties":{"bicycle":"designated","crossing":"uncontrolled","crossing:markings":"lines:paired","cycleway":"crossing","foot":"designated","highway":"cycleway","incline":"up","is_sidepath:of:name":"Highalnd Avenue","oneway":"yes","segregated":"no","smoothness":"excellent","surface":"asphalt"}},
{"type":"Feature","geometry":{"type":"LineString","coordinates":[[-64.3628756,45.0865295],[-64.3628895,45.0865712],[-64.3629023,45.0866107],[-64.3629029,45.0866121]]},"properties":{"bicycle":"designated","crossing":"uncontrolled","crossing:markings":"lines:paired","cycleway":"crossing","foot":"designated","highway":"cycleway","incline":"down","is_sidepath:of:name":"Highalnd Avenue","oneway":"yes","segregated":"no","smoothness":"excellent","surface":"asphalt"}},
{"type":"Feature","geometry":{"type":"LineString","coordinates":[[-64.3600425,45.0827884],[-64.3602774,45.0831794],[-64.3604448,45.083449],[-64.3606083,45.0837073],[-64.360705,45.0838572],[-64.3607658,45.0839465],[-64.3609143,45.0841295],[-64.361014,45.0842407],[-64.3611176,45.08434],[-64.3612452,45.0844582],[-64.3614247,45.0846025],[-64.3616001,45.0847503],[-64.3617616,45.0848854],[-64.3619021,45.0849853],[-64.3620506,45.0850719],[-64.3621992,45.0851564],[-64.3623058,45.0852338],[-64.3623566,45.085277],[-64.3624025,45.0853161],[-64.3624673,45.0853971],[-64.3625151,45.0854724],[-64.362563,45.0855899],[-64.3626284,45.0857654]]},"properties":{"bicycle":"designated","foot":"designated","highway":"cycleway","incline":"down","is_sidepath:of:name":"Highalnd Avenue","oneway":"yes","segregated":"no","smoothness":"excellent","surface":"asphalt"}},
{"type":"Feature","geometry":{"type":"LineString","coordinates":[[-64.3626521,45.0857599],[-64.3626112,45.0856423],[-64.3625494,45.0854896],[-64.3625095,45.0854136],[-64.3624647,45.0853369],[-64.3624168,45.0852813],[-64.3623905,45.0852591],[-64.3623381,45.0852151],[-64.3622125,45.0851335],[-64.3620141,45.0850181],[-64.3619005,45.084947],[-64.3617889,45.0848696],[-64.3616583,45.0847647],[-64.3615138,45.0846423],[-64.3613224,45.0844916],[-64.3612207,45.0844044],[-64.3610732,45.0842629],[-64.3609685,45.0841503],[-64.3608041,45.083949],[-64.3606984,45.0837822],[-64.360511,45.0834916],[-64.3603595,45.0832642],[-64.3601691,45.0829623],[-64.3600425,45.0827884]]},"properties":{"bicycle":"designated","foot":"designated","highway":"cycleway","incline":"up","is_sidepath:of:name":"Highalnd Avenue","oneway":"yes","segregated":"no","smoothness":"excellent","surface":"asphalt"}},
{"type":"Feature","geometry":{"type":"LineString","coordinates":[[-64.3626803,45.0858507],[-64.3626665,45.0858062],[-64.3626521,45.0857599]]},"properties":{"bicycle":"designated","crossing":"uncontrolled","crossing:island":"no","crossing:markings":"lines:paired","cycleway":"crossing","foot":"designated","highway":"cycleway","incline":"up","is_sidepath:of:name":"Highalnd Avenue","oneway":"yes","segregated":"no","smoothness":"excellent","surface":"asphalt"}},
{"type":"Feature","geometry":{"type":"LineString","coordinates":[[-64.3626284,45.0857654],[-64.3626438,45.08581],[-64.362659,45.085854]]},"properties":{"bicycle":"designated","crossing":"uncontrolled","crossing:island":"no","crossing:markings":"lines:paired","cycleway":"crossing","foot":"designated","highway":"cycleway","incline":"down","is_sidepath:of:name":"Highalnd Avenue","oneway":"yes","segregated":"no","smoothness":"excellent","surface":"asphalt"}},
{"type":"Feature","geometry":{"type":"LineString","coordinates":[[-64.3638645,45.0888131],[-64.3639738,45.0892026],[-64.3640517,45.0895014]]},"properties":{"footway":"sidewalk","highway":"footway","is_sidepath:of:name":"Highland Avenue","surface":"concrete"}},
{"type":"Feature","geometry":{"type":"LineString","coordinates":[[-64.3635795,45.0879373],[-64.36359,45.0879687],[-64.3636029,45.0880071]]},"properties":{"crossing":"unmarked","crossing:island":"no","crossing:markings":"no","footway":"crossing","highway":"footway","is_sidepath:of:name":"Highland Avenue","surface":"concrete"}},
{"type":"Feature","geometry":{"type":"LineString","coordinates":[[-64.363489,45.087684],[-64.3635795,45.0879373]]},"properties":{"footway":"sidewalk","highway":"footway","is_sidepath:of:name":"Highland Avenue","surface":"concrete"}},
{"type":"Feature","geometry":{"type":"LineString","coordinates":[[-64.3634638,45.0876118],[-64.3634774,45.0876508],[-64.363489,45.087684]]},"properties":{"crossing":"unmarked","crossing:island":"no","crossing:markings":"no","footway":"crossing","highway":"footway","is_sidepath:of:name":"Highland Avenue","surface":"concrete"}},
{"type":"Feature","geometry":{"type":"LineString","coordinates":[[-64.3633414,45.087291],[-64.3634638,45.0876118]]},"properties":{"footway":"sidewalk","highway":"footway","is_sidepath:of:name":"Highland Avenue","surface":"concrete"}},
{"type":"Feature","geometry":{"type":"LineString","coordinates":[[-64.3633029,45.0871881],[-64.3633222,45.0872396],[-64.3633414,45.087291]]},"properties":{"crossing":"unmarked","crossing:island":"no","crossing:markings":"no","footway":"crossing","highway":"footway","is_sidepath:of:name":"Highland Avenue","surface":"asphalt"}},
{"type":"Feature","geometry":{"type":"LineString","coordinates":[[-64.3627899,45.0857169],[-64.3628469,45.0858719],[-64.3628545,45.0858933],[-64.3629911,45.0862791],[-64.3631134,45.0866282],[-64.3632308,45.0869726],[-64.3633029,45.0871881]]},"properties":{"footway":"sidewalk","highway":"footway","is_sidepath:of:name":"Highland Avenue","surface":"concrete"}},
{"type":"Feature","geometry":{"type":"LineString","coordinates":[[-64.3627564,45.0856304],[-64.3627737,45.085675],[-64.3627899,45.0857169]]},"properties":{"crossing":"unmarked","crossing:island":"no","crossing:markings":"no","footway":"crossing","highway":"footway","is_sidepath:of:name":"Highland Avenue","surface":"asphalt"}},
{"type":"Feature","geometry":{"type":"LineString","coordinates":[[-64.3626239,45.0853121],[-64.3626927,45.0854718],[-64.3627564,45.0856304]]},"properties":{"footway":"sidewalk","highway":"footway","is_sidepath:of:name":"Highland Avenue","surface":"concrete"}},
{"type":"Feature","geometry":{"type":"LineString","coordinates":[[-64.3625904,45.0852505],[-64.3626085,45.0852838],[-64.3626239,45.0853121]]},"properties":{"crossing":"unmarked","crossing:island":"no","crossing:markings":"no","footway":"crossing","highway":"footway","is_sidepath:of:name":"Highland Avenue","surface":"asphalt"}},
{"type":"Feature","geometry":{"type":"LineString","coordinates":[[-64.3625469,45.0851562],[-64.3625363,45.0851755],[-64.3625401,45.0851904],[-64.3625904,45.0852505]]},"properties":{"footway":"sidewalk","highway":"footway","is_sidepath:of:name":"Highland Avenue","surface":"concrete"}},
{"type":"Feature","geometry":{"type":"LineString","coordinates":[[-64.3636029,45.0880071],[-64.3637153,45.0883302],[-64.363789,45.088561],[-64.3638343,45.0887243]]},"properties":{"footway":"sidewalk","highway":"footway","is_sidepath:of:name":"Highland Avenue","surface":"concrete"}},
{"type":"Feature","geometry":{"type":"LineString","coordinates":[[-64.3638343,45.0887243],[-64.3638491,45.088768],[-64.3638645,45.0888131]]},"properties":{"crossing":"unmarked","crossing:island":"no","crossing:markings":"no","footway":"crossing","highway":"footway","is_sidepath:of:name":"Highland Avenue","surface":"concrete"}},
{"type":"Feature","geometry":{"type":"LineString","coordinates":[[-64.3625401,45.0851904],[-64.3624507,45.0852315],[-64.3623905,45.0852591],[-64.3623566,45.085277]]},"properties":{"crossing":"uncontrolled","crossing:island":"no","crossing:markings":"zebra","footway":"crossing","highway":"footway","is_sidepath:of:name":"Catherine Court","surface":"asphalt"}},
{"type":"Feature","geometry":{"type":"LineString","coordinates":[[-64.3663989,45.0891405],[-64.3665275,45.0890367],[-64.3665667,45.0890052],[-64.3666835,45.0889647],[-64.3668824,45.0889212]]},"properties":{"highway":"service","service":"driveway","surface":"asphalt"}},
{"type":"Feature","geometry":{"type":"LineString","coordinates":[[-64.3635628,45.091387],[-64.3636579,45.0913773],[-64.3637408,45.0913694]]},"properties":{"crossing":"uncontrolled","crossing:island":"no","crossing:markings":"lines","footway":"crossing","highway":"footway","is_sidepath:of:name":"Main Street","surface":"asphalt"}},
{"type":"Feature","geometry":{"type":"LineString","coordinates":[[-64.3635628,45.091387],[-64.3635726,45.0913983],[-64.3635816,45.0914268],[-64.36362,45.0915655],[-64.3636678,45.0917161],[-64.3637323,45.0919419],[-64.3637394,45.0919703]]},"properties":{"footway":"sidewalk","highway":"footway","is_sidepath:of:name":"Elm Avenue","surface":"concrete"}},
{"type":"Feature","geometry":{"type":"LineString","coordinates":[[-64.3642976,45.0938063],[-64.3643206,45.0938802],[-64.364347,45.0939611]]},"properties":{"highway":"footway","surface":"asphalt"}},
{"type":"Feature","geometry":{"type":"LineString","coordinates":[[-64.3642666,45.0937087],[-64.3642771,45.0937417],[-64.3642826,45.0937591],[-64.3642976,45.0938063]]},"properties":{"crossing":"uncontrolled","crossing:island":"no","crossing:markings":"zebra","footway":"crossing","highway":"footway","is_sidepath:of:name":"Elm Avenue","surface":"asphalt"}},
{"type":"Feature","geometry":{"type":"LineString","coordinates":[[-64.3641772,45.093377],[-64.36425,45.093647],[-64.3642666,45.0937087]]},"properties":{"footway":"sidewalk","highway":"footway","is_sidepath:of:name":"Elm Avenue","surface":"asphalt"}},
{"type":"Feature","geometry":{"type":"LineString","coordinates":[[-64.3641314,45.0932024],[-64.3641538,45.093289],[-64.3641602,45.0933139],[-64.3641772,45.093377]]},"properties":{"crossing":"unmarked","crossing:island":"no","crossing:markings":"no","footway":"crossing","highway":"footway","is_sidepath:of:name":"Elm Avenue","surface":"asphalt"}},
{"type":"Feature","geometry":{"type":"LineString","coordinates":[[-64.3640992,45.0930779],[-64.3641314,45.0932024]]},"properties":{"footway":"sidewalk","highway":"footway","is_sidepath:of:name":"Elm Avenue","surface":"asphalt"}},
{"type":"Feature","geometry":{"type":"LineString","coordinates":[[-64.3640458,45.0929044],[-64.3640635,45.092962],[-64.3640992,45.0930779]]},"properties":{"crossing":"unmarked","crossing:markings":"no","footway":"crossing","highway":"footway","is_sidepath:of:name":"Elm Avenue","surface":"asphalt"}},
{"type":"Feature","geometry":{"type":"LineString","coordinates":[[-64.3640267,45.0928426],[-64.3640914,45.0928532]]},"properties":{"abandoned:railway":"rail","bicycle":"designated","crossing":"uncontrolled","crossing:markings":"zebra","cycleway":"crossing","foot":"designated","highway":"cycleway","motor_vehicle":"no","name":"Harvest Moon Trailway","oneway":"no","railway":"abandoned","segregated":"no","smoothness":"excellent","surface":"asphalt"}},
{"type":"Feature","geometry":{"type":"LineString","coordinates":[[-64.3640914,45.0928532],[-64.3641702,45.0928613]]},"properties":{"abandoned:railway":"rail","bicycle":"designated","crossing":"uncontrolled","crossing:markings":"zebra","cycleway":"crossing","foot":"designated","highway":"cycleway","motor_vehicle":"no","name":"Kierian Pathway","oneway":"no","railway":"abandoned","segregated":"no","smoothness":"excellent","surface":"asphalt"}},
{"type":"Feature","geometry":{"type":"LineString","coordinates":[[-64.3639839,45.0927007],[-64.3640079,45.0927821],[-64.3640267,45.0928426],[-64.3640458,45.0929044]]},"properties":{"footway":"sidewalk","highway":"footway","is_sidepath:of:name":"Elm Avenue","surface":"asphalt"}},
{"type":"Feature","geometry":{"type":"LineString","coordinates":[[-64.3639617,45.0926256],[-64.3639758,45.0926735],[-64.3639839,45.0927007]]},"properties":{"crossing":"unmarked","crossing:island":"no","crossing:markings":"no","footway":"crossing","highway":"footway","is_sidepath:of:name":"Elm Avenue","surface":"asphalt"}},
{"type":"Feature","geometry":{"type":"LineString","coordinates":[[-64.3639146,45.0924881],[-64.3639617,45.0926256]]},"properties":{"footway":"sidewalk","highway":"footway","is_sidepath:of:name":"Elm Avenue","surface":"concrete"}},
{"type":"Feature","geometry":{"type":"LineString","coordinates":[[-64.3638894,45.0924118],[-64.3638996,45.0924426],[-64.3639146,45.0924881]]},"properties":{"crossing":"unmarked","crossing:island":"no","crossing:markings":"no","footway":"crossing","highway":"footway","is_sidepath:of:name":"Elm Avenue","surface":"asphalt"}},
{"type":"Feature","geometry":{"type":"LineString","coordinates":[[-64.3637702,45.0920745],[-64.3638319,45.0922385],[-64.3638894,45.0924118]]},"properties":{"footway":"sidewalk","highway":"footway","is_sidepath:of:name":"Elm Avenue","surface":"concrete"}},
{"type":"Feature","geometry":{"type":"LineString","coordinates":[[-64.3637394,45.0919703],[-64.3637547,45.0920217],[-64.3637702,45.0920745]]},"properties":{"crossing":"uncontrolled","crossing:island":"no","crossing:markings":"lines","footway":"crossing","highway":"footway","is_sidepath:of:name":"Elm Avenue","surface":"asphalt"}},
{"type":"Feature","geometry":{"type":"LineString","coordinates":[[-64.3633504,45.0921115],[-64.3631156,45.0921328],[-64.3628399,45.0921606]]},"properties":{"footway":"sidewalk","highway":"footway","is_sidepath:of:name":"Front Street","surface":"concrete"}},
{"type":"Feature","geometry":{"type":"LineString","coordinates":[[-64.3626019,45.0921825],[-64.362548,45.0921869],[-64.3625016,45.0921906]]},"properties":{"crossing":"unmarked","crossing:island":"no","crossing:markings":"no","footway":"crossing","highway":"footway","is_sidepath:of:name":"Front Street","surface":"asphalt"}},
{"type":"Feature","geometry":{"type":"LineString","coordinates":[[-64.3627334,45.0921707],[-64.3626019,45.0921825]]},"properties":{"footway":"sidewalk","highway":"footway","is_sidepath:of:name":"Front Street","surface":"concrete"}},
{"type":"Feature","geometry":{"type":"LineString","coordinates":[[-64.3628399,45.0921606],[-64.3627865,45.0921657],[-64.3627334,45.0921707]]},"properties":{"crossing":"unmarked","crossing:island":"no","crossing:markings":"no","footway":"crossing","highway":"footway","is_sidepath:of:name":"Front Street","surface":"asphalt"}},
{"type":"Feature","geometry":{"type":"LineString","coordinates":[[-64.3637702,45.0920745],[-64.3636655,45.0920837]]},"properties":{"footway":"sidewalk","highway":"footway","is_sidepath:of:name":"Front Street","surface":"concrete"}},
{"type":"Feature","geometry":{"type":"LineString","coordinates":[[-64.36344,45.0921038],[-64.3633935,45.0921078],[-64.3633504,45.0921115]]},"properties":{"crossing":"unmarked","crossing:island":"no","crossing:markings":"no","footway":"crossing","highway":"footway","is_sidepath:of:name":"Front Street","surface":"asphalt"}},
{"type":"Feature","geometry":{"type":"LineString","coordinates":[[-64.3635842,45.0920914],[-64.36344,45.0921038]]},"properties":{"footway":"sidewalk","highway":"footway","is_sidepath:of:name":"Front Street","surface":"concrete"}},
{"type":"Feature","geometry":{"type":"LineString","coordinates":[[-64.3636655,45.0920837],[-64.3636239,45.0920876],[-64.3635842,45.0920914]]},"properties":{"crossing":"unmarked","crossing:island":"no","crossing:markings":"no","footway":"crossing","highway":"footway","is_sidepath:of:name":"Front Street","surface":"asphalt"}},
{"type":"Feature","geometry":{"type":"LineString","coordinates":[[-64.3638759,45.0919496],[-64.3638013,45.0919612],[-64.3637394,45.0919703]]},"properties":{"crossing":"uncontrolled","crossing:island":"no","crossing:markings":"zebra","footway":"crossing","highway":"footway","is_sidepath:of:name":"Front Street","surface":"asphalt"}},
{"type":"Feature","geometry":{"type":"LineString","coordinates":[[-64.3640853,45.0925924],[-64.3640713,45.0925472]]},"properties":{"footway":"link","highway":"footway","is_sidepath:of:name":"Elm Avenue","surface":"asphalt"}},
{"type":"Feature","geometry":{"type":"LineString","coordinates":[[-64.3640713,45.0925472],[-64.3640269,45.0924118],[-64.3639705,45.0922372],[-64.3639233,45.0920968],[-64.3638759,45.0919496],[-64.3638606,45.091865],[-64.363853,45.0918118],[-64.3638394,45.0917296],[-64.3638296,45.0916953],[-64.3638148,45.0916585],[-64.363788,45.0915634],[-64.3637605,45.0914773],[-64.3637443,45.0914261],[-64.3637379,45.0913928],[-64.3637408,45.0913694]]},"properties":{"footway":"sidewalk","highway":"footway","is_sidepath:of:name":"Elm Avenue","surface":"concrete"}},
{"type":"Feature","geometry":{"type":"LineString","coordinates":[[-64.3637408,45.0913694],[-64.3642137,45.0913143],[-64.3642854,45.0913059]]},"properties":{"footway":"sidewalk","highway":"footway","is_sidepath:of:name":"Main Street","surface":"concrete"}},
{"type":"Feature","geometry":{"type":"LineString","coordinates":[[-64.3642854,45.0913059],[-64.3645822,45.0912716]]},"properties":{"footway":"sidewalk","highway":"footway","is_sidepath:of:name":"Main Street","surface":"concrete"}},
{"type":"Feature","geometry":{"type":"LineString","coordinates":[[-64.3643629,45.0911751],[-64.3644564,45.0911656],[-64.3645503,45.091156]]},"properties":{"crossing":"uncontrolled","crossing:island":"no","crossing:markings":"lines","footway":"crossing","highway":"footway","is_sidepath:of:name":"Main Street","surface":"asphalt"}},
{"type":"Feature","geometry":{"type":"LineString","coordinates":[[-64.3664861,45.0909405],[-64.3669272,45.0908769],[-64.3676746,45.090745],[-64.3684804,45.0906072]]},"properties":{"footway":"sidewalk","highway":"footway","is_sidepath:of:name":"Main Street","surface":"asphalt"}},
{"type":"Feature","geometry":{"type":"LineString","coordinates":[[-64.36661,45.0910526],[-64.3666436,45.0910477],[-64.3671283,45.0909725],[-64.3680305,45.0908209],[-64.3685583,45.0907356]]},"properties":{"footway":"sidewalk","highway":"footway","is_sidepath:of:name":"Main Street","surface":"asphalt"}},
{"type":"Feature","geometry":{"type":"LineString","coordinates":[[-64.368696,45.0905765],[-64.368717,45.0906412],[-64.3687424,45.0907059]]},"properties":{"crossing":"uncontrolled","crossing:island":"no","crossing:markings":"zebra","footway":"crossing","highway":"footway","is_sidepath:of:name":"University Avenue","surface":"asphalt"}},
{"type":"Feature","geometry":{"type":"LineString","coordinates":[[-64.3684804,45.0906072],[-64.3685874,45.0905919],[-64.368696,45.0905765]]},"properties":{"crossing":"uncontrolled","crossing:island":"no","crossing:markings":"lines","footway":"crossing","highway":"footway","is_sidepath:of:name":"Main Street","surface":"asphalt"}},
{"type":"Feature","geometry":{"type":"LineString","coordinates":[[-64.3686403,45.0907224],[-64.3687424,45.0907059]]},"properties":{"footway":"sidewalk","highway":"footway","is_sidepath:of:name":"Main Street","surface":"asphalt"}},
{"type":"Feature","geometry":{"type":"LineString","coordinates":[[-64.3685583,45.0907356],[-64.3686097,45.0907273],[-64.3686403,45.0907224]]},"properties":{"crossing":"unmarked","crossing:island":"no","crossing:markings":"no","footway":"crossing","highway":"footway","is_sidepath:of:name":"Main Street","surface":"asphalt"}},
{"type":"Feature","geometry":{"type":"LineString","coordinates":[[-64.3665643,45.0909956],[-64.3665844,45.0910561],[-64.3665885,45.0910682],[-64.3666111,45.091105399999999],[-64.366648,45.0911378],[-64.3667045,45.0911665],[-64.3667877,45.0911967]]},"properties":{"highway":"service","service":"driveway","surface":"asphalt"}},
{"type":"Feature","geometry":{"type":"LineString","coordinates":[[-64.3654859,45.0911757],[-64.3656067,45.0911627],[-64.3664461,45.091075]]},"properties":{"footway":"sidewalk","highway":"footway","is_sidepath:of:name":"Main Street","surface":"asphalt"}},
{"type":"Feature","geometry":{"type":"LineString","coordinates":[[-64.3664461,45.091075],[-64.3664868,45.0910695],[-64.3665844,45.0910561],[-64.36661,45.0910526]]},"properties":{"crossing":"unmarked","crossing:island":"no","crossing:markings":"no","footway":"crossing","highway":"footway","is_sidepath:of:name":"Main Street","surface":"asphalt"}},
{"type":"Feature","geometry":{"type":"LineString","coordinates":[[-64.3645822,45.0912716],[-64.3649071,45.0912361]]},"properties":{"footway":"sidewalk","highway":"footway","is_sidepath:of:name":"Main Street","surface":"asphalt"}},
{"type":"Feature","geometry":{"type":"LineString","coordinates":[[-64.3654051,45.0911836],[-64.3654419,45.09118],[-64.3654859,45.0911757]]},"properties":{"crossing":"unmarked","crossing:island":"no","crossing:markings":"no","footway":"crossing","highway":"footway","is_sidepath:of:name":"Main Street","surface":"asphalt"}},
{"type":"Feature","geometry":{"type":"LineString","coordinates":[[-64.3652509,45.0911997],[-64.3654051,45.0911836]]},"properties":{"footway":"sidewalk","highway":"footway","is_sidepath:of:name":"Main Street","surface":"asphalt"}},
{"type":"Feature","geometry":{"type":"LineString","coordinates":[[-64.3651753,45.0912075],[-64.3652115,45.0912037],[-64.3652509,45.0911997]]},"properties":{"crossing":"unmarked","crossing:island":"no","crossing:markings":"no","footway":"crossing","highway":"footway","is_sidepath:of:name":"Main Street","surface":"asphalt"}},
{"type":"Feature","geometry":{"type":"LineString","coordinates":[[-64.3650137,45.0912245],[-64.3650443,45.0912211],[-64.3651753,45.0912075]]},"properties":{"footway":"sidewalk","highway":"footway","is_sidepath:of:name":"Main Street","surface":"asphalt"}},
{"type":"Feature","geometry":{"type":"LineString","coordinates":[[-64.3649071,45.0912361],[-64.3649608,45.0912302],[-64.3650137,45.0912245]]},"properties":{"crossing":"unmarked","crossing:island":"no","crossing:markings":"no","footway":"crossing","highway":"footway","is_sidepath:of:name":"Main Street","surface":"asphalt"}},
{"type":"Feature","geometry":{"type":"LineString","coordinates":[[-64.3645503,45.091156],[-64.3649152,45.0911137],[-64.3653556,45.0910606],[-64.3654362,45.0910523],[-64.3656601,45.0910292]]},"properties":{"footway":"sidewalk","highway":"footway","is_sidepath:of:name":"Main Street","surface":"asphalt"}},
{"type":"Feature","geometry":{"type":"LineString","coordinates":[[-64.3656601,45.0910292],[-64.3657021,45.0910245],[-64.3657433,45.0910206]]},"properties":{"crossing":"unmarked","crossing:island":"no","crossing:markings":"no","footway":"crossing","highway":"footway","is_sidepath:of:name":"Main Street","surface":"asphalt"}},
{"type":"Feature","geometry":{"type":"LineString","coordinates":[[-64.365669,45.0908695],[-64.3658465,45.0907036],[-64.3659759,45.0905785],[-64.3661107,45.0904521],[-64.3662684,45.0903056]]},"properties":{"highway":"footway","informal":"yes","surface":"grass"}},
{"type":"Feature","geometry":{"type":"LineString","coordinates":[[-64.3654362,45.0910523],[-64.365669,45.0908695]]},"properties":{"highway":"footway","informal":"yes","surface":"gravel"}},
{"type":"Feature","geometry":{"type":"LineString","coordinates":[[-64.3663459,45.0909563],[-64.3663263,45.0908808],[-64.3663071,45.0907994],[-64.3662892,45.0907026],[-64.3662755,45.0905835],[-64.3662645,45.0904489],[-64.3662645,45.0903608],[-64.3662684,45.0903056],[-64.3662837,45.0902455],[-64.3663139,45.090169],[-64.3664466,45.0900026],[-64.3665005,45.0899511],[-64.3665978,45.089864],[-64.3667638,45.0897449],[-64.3669449,45.0896229]]},"properties":{"footway":"sidewalk","highway":"footway","is_sidepath:of:name":"Perkin Way","surface":"asphalt"}},
{"type":"Feature","geometry":{"type":"LineString","coordinates":[[-64.3669449,45.0896229],[-64.3671045,45.0895919]]},"properties":{"footway":"link","highway":"footway","is_sidepath:of:name":"Perkin Way","surface":"asphalt"}},
{"type":"Feature","geometry":{"type":"LineString","coordinates":[[-64.3657433,45.0910206],[-64.3657894,45.0910159],[-64.3663459,45.0909563],[-64.3664015,45.0909498]]},"properties":{"footway":"sidewalk","highway":"footway","is_sidepath:of:name":"Main Street","surface":"asphalt"}},
{"type":"Feature","geometry":{"type":"LineString","coordinates":[[-64.3664015,45.0909498],[-64.366437,45.0909459],[-64.3664861,45.0909405]]},"properties":{"crossing":"unmarked","crossing:island":"no","crossing:markings":"no","footway":"crossing","highway":"footway","is_sidepath:of:name":"Main Street","surface":"asphalt"}},
{"type":"Feature","geometry":{"type":"LineString","coordinates":[[-64.3668114,45.0848342],[-64.3669493,45.0852104],[-64.3670498,45.0855085],[-64.3671538,45.085852]]},"properties":{"footway":"sidewalk","highway":"footway","is_sidepath:of:name":"University Avenue","surface":"asphalt"}},
{"type":"Feature","geometry":{"type":"LineString","coordinates":[[-64.3671538,45.085852],[-64.3671669,45.0859001],[-64.3671847,45.0859585]]},"properties":{"crossing":"unmarked","crossing:island":"no","crossing:markings":"no","footway":"crossing","highway":"footway","is_sidepath:of:name":"University Avenue","surface":"asphalt"}},
{"type":"Feature","geometry":{"type":"LineString","coordinates":[[-64.3693385,45.0874716],[-64.3692534,45.0874828]]},"properties":{"footway":"link","highway":"footway","surface":"asphalt"}},
{"type":"Feature","geometry":{"type":"LineString","coordinates":[[-64.3712127,45.088551],[-64.3714526,45.0885518]]},"properties":{"highway":"service","service":"parking_aisle","surface":"asphalt"}},
{"type":"Feature","geometry":{"type":"LineString","coordinates":[[-64.368696,45.0905765],[-64.369107,45.0905136],[-64.3695472,45.0904383],[-64.3700675,45.0903563]]},"properties":{"footway":"sidewalk","highway":"footway","is_sidepath:of:name":"Main Street","surface":"asphalt"}},
{"type":"Feature","geometry":{"type":"LineString","coordinates":[[-64.3691723,45.0906342],[-64.3694725,45.0905815],[-64.36971,45.0905466],[-64.3701116,45.0904873]]},"properties":{"footway":"sidewalk","highway":"footway","is_sidepath:of:name":"Main Street","surface":"asphalt"}},
{"type":"Feature","geometry":{"type":"LineString","coordinates":[[-64.370293,45.0904592],[-64.3702722,45.090395],[-64.3702503,45.0903271]]},"properties":{"crossing":"uncontrolled","crossing:island":"no","crossing:markings":"zebra","footway":"crossing","highway":"footway","is_sidepath:of:name":"Westwood Avenue","surface":"asphalt"}},
{"type":"Feature","geometry":{"type":"LineString","coordinates":[[-64.3721075,45.0902667],[-64.3720902,45.0901967],[-64.3720699,45.0901149]]},"properties":{"crossing":"uncontrolled","crossing:island":"no","crossing:markings":"zebra","footway":"crossing","highway":"footway","is_sidepath:of:name":"Earnscliffe Avenue;Robie Tufts Drive","surface":"asphalt"}},
{"type":"Feature","geometry":{"type":"LineString","coordinates":[[-64.3719182,45.0902865],[-64.372017,45.0902762],[-64.3721075,45.0902667]]},"properties":{"crossing":"uncontrolled","crossing:island":"no","crossing:markings":"lines","footway":"crossing","highway":"footway","is_sidepath:of:name":"Main Street","surface":"asphalt"}},
{"type":"Feature","geometry":{"type":"LineString","coordinates":[[-64.3720699,45.0901149],[-64.3719688,45.0901276],[-64.3718829,45.0901383]]},"properties":{"crossing":"uncontrolled","crossing:island":"no","crossing:markings":"lines","footway":"crossing","highway":"footway","is_sidepath:of:name":"Main Street","surface":"asphalt"}},
{"type":"Feature","geometry":{"type":"LineString","coordinates":[[-64.3719182,45.0902865],[-64.3715487,45.0903231],[-64.3711576,45.090362],[-64.3706938,45.0904058],[-64.370293,45.0904592]]},"properties":{"footway":"sidewalk","highway":"footway","is_sidepath:of:name":"Main Street","surface":"asphalt"}},
{"type":"Feature","geometry":{"type":"LineString","coordinates":[[-64.3702503,45.0903271],[-64.3701613,45.0903414],[-64.3700675,45.0903563]]},"properties":{"crossing":"uncontrolled","crossing:island":"no","crossing:markings":"lines","footway":"crossing","highway":"footway","is_sidepath:of:name":"Main Street","surface":"asphalt"}},
{"type":"Feature","geometry":{"type":"LineString","coordinates":[[-64.3701116,45.0904873],[-64.3702097,45.0904721],[-64.370293,45.0904592]]},"properties":{"crossing":"uncontrolled","crossing:island":"no","crossing:markings":"lines","footway":"crossing","highway":"footway","is_sidepath:of:name":"Main Street","surface":"asphalt"}},
{"type":"Feature","geometry":{"type":"LineString","coordinates":[[-64.3702503,45.0903271],[-64.3704643,45.0903033],[-64.3709104,45.0902548],[-64.3714023,45.0901956],[-64.3718829,45.0901383]]},"properties":{"footway":"sidewalk","highway":"footway","is_sidepath:of:name":"Main Street","surface":"asphalt"}},
{"type":"Feature","geometry":{"type":"LineString","coordinates":[[-64.3721075,45.0902667],[-64.3720949,45.0902853],[-64.3720924,45.0903078],[-64.3721597,45.0905052],[-64.372325,45.0909762],[-64.3724673,45.0913944],[-64.3725105,45.0914966],[-64.3725487,45.0915487],[-64.3725804,45.0915684],[-64.3726001,45.0915752]]},"properties":{"footway":"sidewalk","highway":"footway","is_sidepath:of:name":"Robie Tufts Drive","surface":"asphalt"}},
{"type":"Feature","geometry":{"type":"LineString","coordinates":[[-64.3741933,45.0912589],[-64.374277,45.0912362]]},"properties":{"footway":"link","highway":"footway","is_sidepath:of:name":"Marsh Hawk Drive","surface":"asphalt"}},
{"type":"Feature","geometry":{"type":"LineString","coordinates":[[-64.3726001,45.0915752],[-64.37263,45.0915819],[-64.3726847,45.0915837],[-64.3728257,45.091563],[-64.3732096,45.0914949],[-64.3735019,45.0914347],[-64.3738921,45.0913405],[-64.3741933,45.0912589]]},"properties":{"footway":"sidewalk","highway":"footway","is_sidepath:of:name":"Marsh Hawk Drive","surface":"asphalt"}},
{"type":"Feature","geometry":{"type":"LineString","coordinates":[[-64.3720699,45.0901149],[-64.371992,45.0898645],[-64.3718534,45.0894481],[-64.3717098,45.0890309],[-64.3714696,45.0884126],[-64.3714188,45.0882691]]},"properties":{"footway":"sidewalk","highway":"footway","is_sidepath:of:name":"Earnscliffe Avenue","surface":"asphalt","width":"1"}},
{"type":"Feature","geometry":{"type":"LineString","coordinates":[[-64.3712993,45.0882754],[-64.3712158,45.0880562],[-64.3711773,45.087955]]},"properties":{"footway":"sidewalk","highway":"footway","is_sidepath:of:name":"Earnscliffe Avenue","surface":"asphalt","width":"1"}},
{"type":"Feature","geometry":{"type":"LineString","coordinates":[[-64.3714188,45.0882691],[-64.3713504,45.0882727],[-64.3712993,45.0882754]]},"properties":{"crossing":"unmarked","crossing:island":"no","crossing:markings":"no","footway":"crossing","highway":"footway","surface":"asphalt"}},
{"type":"Feature","geometry":{"type":"LineString","coordinates":[[-64.3710027,45.088294],[-64.3710267,45.0882463],[-64.371059,45.0882044],[-64.3712158,45.0880562]]},"properties":{"highway":"footway","surface":"asphalt"}},
{"type":"Feature","geometry":{"type":"LineString","coordinates":[[-64.3710883,45.0877074],[-64.371082,45.0876643],[-64.3710642,45.0875979],[-64.3710307,45.087513],[-64.3709739,45.0874211],[-64.3709104,45.087335],[-64.3708773,45.0873071],[-64.3708392,45.0872883],[-64.3707935,45.0872883],[-64.3707414,45.0872991]]},"properties":{"footway":"sidewalk","highway":"footway","is_sidepath:of:name":"Earnscliffe Avenue","surface":"asphalt","width":"1"}},
{"type":"Feature","geometry":{"type":"LineString","coordinates":[[-64.3711773,45.087955],[-64.371166,45.0879236],[-64.3710883,45.0877074]]},"properties":{"crossing":"unmarked","crossing:island":"no","crossing:markings":"no","footway":"crossing","highway":"footway","is_sidepath:of:name":"Earnscliffe Avenue","surface":"asphalt"}},
{"type":"Feature","geometry":{"type":"LineString","coordinates":[[-64.3710307,45.087513],[-64.371065,45.0875033],[-64.3711237,45.0874868]]},"properties":{"crossing":"uncontrolled","crossing:island":"no","crossing:markings":"ladder:skewed","footway":"crossing","highway":"footway","surface":"asphalt"}},
{"type":"Feature","geometry":{"type":"LineString","coordinates":[[-64.3709992,45.0872891],[-64.3709904,45.0873019],[-64.3709856,45.0873157],[-64.370985,45.0873307]]},"properties":{"highway":"residential","lanes":"2","name":"Earnscliffe Avenue","surface":"asphalt"}},
{"type":"Feature","geometry":{"type":"LineString","coordinates":[[-64.3687914,45.0906977],[-64.3690091,45.0906614],[-64.3691723,45.0906342]]},"properties":{"crossing":"uncontrolled","crossing:island":"no","crossing:markings":"lines","footway":"crossing","highway":"footway","is_sidepath:of:name":"Main Street","surface":"asphalt"}},
{"type":"Feature","geometry":{"type":"LineString","coordinates":[[-64.3687424,45.0907059],[-64.3687914,45.0906977]]},"properties":{"footway":"sidewalk","highway":"footway","is_sidepath:of:name":"Main Street","surface":"asphalt"}},
{"type":"Feature","geometry":{"type":"LineString","coordinates":[[-64.3641702,45.0928613],[-64.3646396,45.0929098],[-64.3653937,45.0929769],[-64.3657012,45.0930159]]},"properties":{"abandoned:railway":"rail","bicycle":"designated","foot":"designated","highway":"cycleway","motor_vehicle":"no","name":"Kierian Pathway","railway":"abandoned","segregated":"no","surface":"concrete"}},
{"type":"Feature","geometry":{"type":"LineString","coordinates":[[-64.3744757,45.0893544],[-64.3743852,45.0893889],[-64.3742942,45.0894236]]},"properties":{"crossing":"uncontrolled","crossing:island":"no","crossing:markings":"lines","footway":"crossing","highway":"footway","is_sidepath:of:name":"Main Street","surface":"asphalt"}},
{"type":"Feature","geometry":{"type":"LineString","coordinates":[[-64.3743527,45.0895671],[-64.3743246,45.0894989],[-64.3742942,45.0894236]]},"properties":{"crossing":"uncontrolled","crossing:island":"no","crossing:markings":"zebra","footway":"crossing","highway":"footway","is_sidepath:of:name":"Chestnut Avenue","surface":"asphalt"}},
{"type":"Feature","geometry":{"type":"LineString","coordinates":[[-64.3742942,45.0894236],[-64.3742413,45.0892813],[-64.3741476,45.0890445],[-64.3739769,45.0886041],[-64.3738508,45.0882913],[-64.373795,45.088137],[-64.3737435,45.0879953],[-64.3736388,45.0877016]]},"properties":{"footway":"sidewalk","highway":"footway","is_sidepath:of:name":"Chestnut Avenue","surface":"concrete"}},
{"type":"Feature","geometry":{"type":"LineString","coordinates":[[-64.3736388,45.0877016],[-64.3735796,45.0875209],[-64.3734612,45.0871222],[-64.3733716,45.0867924],[-64.3732292,45.0863124],[-64.3730789,45.085777],[-64.3729637,45.0853997],[-64.3728565,45.085062],[-64.3728229,45.0849513],[-64.3728021,45.084879],[-64.3727829,45.0847943]]},"properties":{"footway":"sidewalk","highway":"footway","is_sidepath:of:name":"Chestnut Avenue","surface":"asphalt"}},
{"type":"Feature","geometry":{"type":"LineString","coordinates":[[-64.3757563,45.0888019],[-64.3756909,45.0886596],[-64.3755056,45.0882912],[-64.3753918,45.0880508],[-64.3752928,45.0878135],[-64.3752586,45.0877249],[-64.3752072,45.0875497],[-64.3750966,45.0871322],[-64.3749589,45.0866707]]},"properties":{"footway":"sidewalk","highway":"footway","is_sidepath:of:name":"Kent Avenue","surface":"concrete"}},
{"type":"Feature","geometry":{"type":"LineString","coordinates":[[-64.3749589,45.0866707],[-64.3749444,45.0866256],[-64.3749287,45.0865769]]},"properties":{"crossing":"unmarked","crossing:island":"no","crossing:markings":"no","footway":"crossing","highway":"footway","is_sidepath:of:name":"Kent Avenue","surface":"asphalt"}},
{"type":"Feature","geometry":{"type":"LineString","coordinates":[[-64.3749287,45.0865769],[-64.3748872,45.0864238],[-64.3747427,45.0859343]]},"properties":{"footway":"sidewalk","highway":"footway","is_sidepath:of:name":"Kent Avenue","surface":"concrete"}},
{"type":"Feature","geometry":{"type":"LineString","coordinates":[[-64.3747427,45.0859343],[-64.3747275,45.0858753],[-64.3747058,45.0857911]]},"properties":{"crossing":"unmarked","crossing:island":"no","crossing:markings":"no","footway":"crossing","highway":"footway","is_sidepath:of:name":"Kent Avenue","surface":"asphalt"}},
{"type":"Feature","geometry":{"type":"LineString","coordinates":[[-64.3742942,45.0894236],[-64.3741438,45.0894925],[-64.3739409,45.089575],[-64.3736748,45.0896762],[-64.3734982,45.0897418],[-64.3729047,45.0899435]]},"properties":{"footway":"sidewalk","highway":"footway","is_sidepath:of:name":"Main Street","surface":"asphalt"}},
{"type":"Feature","geometry":{"type":"LineString","coordinates":[[-64.3726556,45.0900115],[-64.3727885,45.0899755],[-64.3729047,45.0899435]]},"properties":{"crossing":"uncontrolled","crossing:island":"no","crossing:markings":"lines","footway":"crossing","highway":"footway","is_sidepath:of:name":"Main Street","surface":"asphalt"}},
{"type":"Feature","geometry":{"type":"LineString","coordinates":[[-64.3720699,45.0901149],[-64.3722573,45.0900856],[-64.3724816,45.0900459],[-64.3726556,45.0900115]]},"properties":{"footway":"sidewalk","highway":"footway","is_sidepath:of:name":"Main Street","surface":"asphalt"}},
{"type":"Feature","geometry":{"type":"LineString","coordinates":[[-64.3763654,45.0886692],[-64.3761666,45.0887723],[-64.3759171,45.088894],[-64.3756747,45.0890035],[-64.375191,45.0892126],[-64.3746636,45.0894396],[-64.3743527,45.0895671],[-64.3735814,45.0898735],[-64.373192,45.0900131],[-64.3727974,45.0901413],[-64.372626,45.0901879],[-64.3724546,45.0902201],[-64.3722406,45.0902502],[-64.3721075,45.0902667]]},"properties":{"footway":"sidewalk","highway":"footway","is_sidepath:of:name":"Main Street","surface":"asphalt"}},
{"type":"Feature","geometry":{"type":"LineString","coordinates":[[-64.3729047,45.0899435],[-64.3726865,45.0893315],[-64.372595,45.0890618],[-64.3724551,45.0886315]]},"properties":{"footway":"sidewalk","highway":"footway","is_sidepath:of:name":"Wickwire Avenue","surface":"concrete"}},
{"type":"Feature","geometry":{"type":"LineString","coordinates":[[-64.3722008,45.0879097],[-64.3721893,45.0878824]]},"properties":{"footway":"link","highway":"footway","is_sidepath:of:name":"Wickwire Avenue","surface":"asphalt"}},
{"type":"Feature","geometry":{"type":"LineString","coordinates":[[-64.3723498,45.0883266],[-64.3723394,45.0882906],[-64.3723206,45.0882592],[-64.3723031,45.0882108],[-64.3722627,45.0880949],[-64.3722008,45.0879097]]},"properties":{"footway":"sidewalk","highway":"footway","is_sidepath:of:name":"Wickwire Avenue","surface":"concrete"}},
{"type":"Feature","geometry":{"type":"LineString","coordinates":[[-64.3723636,45.0883798],[-64.3723571,45.0883507],[-64.3723498,45.0883266]]},"properties":{"crossing":"unmarked","crossing:island":"no","crossing:markings":"no","footway":"crossing","highway":"footway","is_sidepath:of:name":"Wickwire Avenue","surface":"asphalt"}},
{"type":"Feature","geometry":{"type":"LineString","coordinates":[[-64.3724363,45.0885802],[-64.3723636,45.0883798]]},"properties":{"footway":"sidewalk","highway":"footway","is_sidepath:of:name":"Wickwire Avenue","surface":"concrete"}},
{"type":"Feature","geometry":{"type":"LineString","coordinates":[[-64.3724551,45.0886315],[-64.3724437,45.0886013],[-64.3724363,45.0885802]]},"properties":{"crossing":"unmarked","crossing:island":"no","crossing:markings":"no","footway":"crossing","highway":"footway","is_sidepath:of:name":"Wickwire Avenue","surface":"asphalt"}},
{"type":"Feature","geometry":{"type":"LineString","coordinates":[[-64.3582055,45.090203],[-64.3582762,45.0901973]]},"properties":{"footway":"link","highway":"footway","surface":"asphalt"}},
{"type":"Feature","geometry":{"type":"LineString","coordinates":[[-64.3641288,45.0929688],[-64.3640635,45.092962],[-64.3637095,45.0929253]]},"properties":{"highway":"service","service":"parking_aisle","surface":"asphalt"}},
{"type":"Feature","geometry":{"type":"LineString","coordinates":[[-64.3641356,45.0937792],[-64.3640615,45.0935362],[-64.3640566,45.0935057],[-64.3640624,45.093477]]},"properties":{"highway":"service","service":"parking_aisle","surface":"unpaved"}},
{"type":"Feature","geometry":{"type":"LineString","coordinates":[[-64.3640624,45.093477],[-64.3640779,45.0934496],[-64.3640876,45.0934222],[-64.3640895,45.0933948],[-64.3640895,45.0933675],[-64.3640895,45.0933346],[-64.3640973,45.09331],[-64.3641128,45.093299],[-64.364138,45.0932922],[-64.3641538,45.093289],[-64.3642079,45.0932782]]},"properties":{"highway":"service","service":"driveway","surface":"asphalt"}},
{"type":"Feature","geometry":{"type":"LineString","coordinates":[[-64.3647396,45.0936968],[-64.3647266,45.0936451],[-64.3647266,45.0936142],[-64.3647388,45.0935859],[-64.3647656,45.0935515],[-64.3647833,45.0935276],[-64.3647923,45.0935154],[-64.3648008,45.0934905],[-64.3647984,45.0934588],[-64.3647826,45.0934038],[-64.3647497,45.0932973],[-64.3647364,45.0932793],[-64.3647157,45.0932672],[-64.3646707,45.0932552],[-64.3645891,45.0932466],[-64.3645089,45.093244],[-64.3643799,45.0932552],[-64.3642079,45.0932782]]},"properties":{"highway":"service","service":"driveway","surface":"asphalt"}},
{"type":"Feature","geometry":{"type":"LineString","coordinates":[[-64.3645833,45.0937181],[-64.3645405,45.093561],[-64.3647833,45.0935276]]},"properties":{"highway":"service","service":"driveway","surface":"asphalt"}},
{"type":"Feature","geometry":{"type":"LineString","coordinates":[[-64.3650221,45.0936582],[-64.3649553,45.093439],[-64.3649213,45.0933368],[-64.3649115,45.0933093],[-64.364914,45.0932887],[-64.3649286,45.0932732],[-64.3649566,45.0932647],[-64.3651573,45.0932432],[-64.3653386,45.0932251],[-64.3653884,45.0932286],[-64.3654237,45.0932432],[-64.3654712,45.0932724],[-64.3655576,45.0933334],[-64.3656639,45.0934246]]},"properties":{"highway":"service","oneway":"yes","service":"parking_aisle","surface":"asphalt"}},
{"type":"Feature","geometry":{"type":"LineString","coordinates":[[-64.3652575,45.0940104],[-64.36533849999999,45.0942386],[-64.3654123,45.094492]]},"properties":{"highway":"service","service":"driveway","surface":"asphalt"}},
{"type":"Feature","geometry":{"type":"LineString","coordinates":[[-64.3604724,45.0923756],[-64.3604693,45.0925021],[-64.3604673,45.0925777]]},"properties":{"highway":"footway","surface":"concrete"}},
{"type":"Feature","geometry":{"type":"LineString","coordinates":[[-64.3655653,45.0874502],[-64.3655273,45.0873404],[-64.3655086,45.0872866],[-64.3654948,45.0872469]]},"properties":{"access":"yes","bicycle":"yes","bridge":"yes","foot":"yes","highway":"footway","horse":"no","incline":"-10%","layer":"1","motor_vehicle":"no","surface":"metal","width":"1"}},
{"type":"Feature","geometry":{"type":"MultiPolygon","coordinates":[[[[-64.3641966,45.0880131],[-64.3641487,45.0878727],[-64.3641387,45.0878461],[-64.3637131,45.0879203],[-64.3637218,45.0879474],[-64.3637689,45.0880823],[-64.3641966,45.0880131]]]]},"properties":{"highway":"service","service":"parking_aisle","surface":"asphalt"}},
{"type":"Feature","geometry":{"type":"MultiPolygon","coordinates":[[[[-64.3684137,45.0874279],[-64.3683787,45.0873177],[-64.3683319,45.0871666],[-64.3681748,45.0871909],[-64.3680292,45.0872134],[-64.3680767,45.0873663],[-64.3681117,45.0874759],[-64.3682572,45.0874527],[-64.3684137,45.0874279]]]]},"properties":{"highway":"footway","surface":"unpaved"}},
{"type":"Feature","geometry":{"type":"MultiPolygon","coordinates":[[[[-64.3683277,45.087398],[-64.3683061,45.0873293],[-64.3682834,45.0872576],[-64.3682007,45.0872707],[-64.3681183,45.0872836],[-64.368141,45.087356],[-64.3681619,45.0874237],[-64.3682441,45.087411],[-64.3683277,45.087398]]]]},"properties":{"highway":"footway","surface":"unpaved"}},
{"type":"Feature","geometry":{"type":"MultiPolygon","coordinates":[[[[-64.3682626,45.0873475],[-64.3682618,45.087336],[-64.3682552,45.0873265],[-64.3682455,45.08732],[-64.3682315,45.087316],[-64.3682154,45.0873161],[-64.3682025,45.0873199],[-64.3681922,45.0873267],[-64.3681857,45.0873364],[-64.3681853,45.0873489],[-64.368191,45.0873585],[-64.368204,45.0873671],[-64.3682171,45.0873705],[-64.3682314,45.0873704],[-64.3682476,45.0873653],[-64.3682578,45.0873571],[-64.3682626,45.0873475]]]]},"properties":{"highway":"footway","surface":"unpaved"}},
{"type":"Feature","geometry":{"type":"MultiPolygon","coordinates":[[[[-64.3680992,45.0867976],[-64.3680937,45.0867876],[-64.3680829,45.08678],[-64.3680689,45.086776],[-64.3680537,45.0867761],[-64.3680397,45.0867807],[-64.3680294,45.0867886],[-64.3680245,45.0867988],[-64.3680257,45.0868096],[-64.3680318,45.0868182],[-64.3680419,45.0868247],[-64.3680547,45.0868283],[-64.3680684,45.0868284],[-64.3680821,45.0868247],[-64.3680928,45.0868175],[-64.3680987,45.086808],[-64.3680992,45.0867976]]]]},"properties":{"highway":"footway","surface":"unpaved"}},
{"type":"Feature","geometry":{"type":"MultiPolygon","coordinates":[[[[-64.3688219,45.0869841],[-64.3687994,45.0869177],[-64.3687731,45.0868389],[-64.3687532,45.086778],[-64.3686787,45.0867901],[-64.3686048,45.0868023],[-64.3686249,45.0868629],[-64.3686519,45.0869423],[-64.3686747,45.0870091],[-64.3687481,45.0869966],[-64.3688219,45.0869841]]]]},"properties":{"highway":"footway","surface":"unpaved"}},
{"type":"Feature","geometry":{"type":"MultiPolygon","coordinates":[[[[-64.3708849,45.0861236],[-64.3708646,45.0860803],[-64.3708432,45.0860266],[-64.3707868,45.0859495],[-64.3706814,45.0858456],[-64.3706292,45.0857738],[-64.3706075,45.0857113],[-64.3705933,45.0856871],[-64.3705676,45.0856727],[-64.370511,45.0856714],[-64.3704579,45.0856796],[-64.3704322,45.0856989],[-64.3704252,45.0857283],[-64.3704358,45.085762],[-64.370457,45.085812],[-64.3705004,45.0858713],[-64.3705915,45.0859251],[-64.3706941,45.085975],[-64.3707853,45.0860325],[-64.3708463,45.0860875],[-64.3708849,45.0861236]]]]},"properties":{"access":"destination","highway":"service","lanes":"1","name":"Little Brook Lane","service":"driveway","surface":"asphalt"}}
]}
